row_id,country,managed_by,fulfill_via,vendor_inco_term,shipment_mode,product_group,sub_classification,vendor,weight_kg,freight_cost_usd,line_item_value,line_item_quantity,pack_price,planned_lead_time,freight_per_kg,value_per_unit,sched_month,sched_dayofweek,scheduled_date,delivered_date,actual_delay_days,actual_risk_flag,actual_risk_label
1,Côte d'Ivoire,PMO - US,Direct Drop,EXW,Air,HRDT,HIV test,BIO-RAD LABORATORIES (FRANCE),165.0,1816.57,11076.45,147,75.35,69,11.01,75.35,6,1,2006-06-27,2006-06-27,0,0,On-Time
2,Ethiopia,PMO - US,Direct Drop,EXW,Air,HRDT,HIV test,Abbott GmbH & Co. KG,1707.0,24859.45,372000.0,4650,80.0,32,14.56,80.0,1,0,2007-01-15,2007-01-15,0,0,On-Time
3,Rwanda,PMO - US,Direct Drop,EXW,Air,HRDT,HIV test,Premier Medical Corporation Ltd.,600.0,5714.31,42000.0,2000,21.0,20,9.52,21.0,1,2,2007-01-17,2007-01-17,0,0,On-Time
4,Rwanda,PMO - US,Direct Drop,EXW,Air,HRDT,HIV test,"Trinity Biotech, Plc",173.0,17928.53,20000.0,500,40.0,27,103.63,40.0,1,3,2007-01-25,2007-03-09,43,1,Delayed
5,Rwanda,PMO - US,Direct Drop,EXW,Air,HRDT,HIV test,"Trinity Biotech, Plc",39.0,859.37,10500.0,60,175.0,27,22.04,175.0,1,3,2007-01-25,2007-01-25,0,0,On-Time
6,Rwanda,PMO - US,Direct Drop,EXW,Air,ARV,Adult,CIPLA LIMITED,7416.0,64179.42,99800.0,10000,9.98,67,8.65,9.98,2,1,2007-02-27,2007-02-27,0,0,On-Time
7,Vietnam,PMO - US,Direct Drop,EXW,Air,ARV,Adult,CIPLA LIMITED,2575.0,18772.94,276100.0,25100,11.0,119,7.29,11.0,3,2,2007-03-14,2007-03-14,0,0,On-Time
8,Vietnam,PMO - US,Direct Drop,EXW,Air,ARV,Adult,STRIDES ARCOLAB LIMITED,9170.0,42453.21,144205.0,95500,1.51,119,4.63,1.51,3,2,2007-03-14,2007-03-14,0,0,On-Time
9,Vietnam,PMO - US,Direct Drop,EXW,Air,ARV,Pediatric,Aurobindo Pharma Limited,3822.0,25124.12,5050.0,1000,5.05,120,6.57,5.05,3,2,2007-03-14,2007-03-14,0,0,On-Time
10,Vietnam,PMO - US,Direct Drop,EXW,Air,ARV,Adult,SUN PHARMACEUTICAL INDUSTRIES LTD (RANBAXY LABORATORIES LIMITED),4300.0,27923.26,329640.0,98400,3.35,120,6.49,3.35,3,2,2007-03-14,2007-03-14,0,0,On-Time
11,Vietnam,PMO - US,Direct Drop,EXW,Air,ARV,Pediatric,Aurobindo Pharma Limited,356.0,14982.1,17850.0,1700,10.5,120,42.08,10.5,3,2,2007-03-14,2007-05-16,63,1,Delayed
12,Vietnam,PMO - US,Direct Drop,EXW,Air,ARV,Adult,"GILEAD SCIENCES IRELAND, INC.",116.0,14571.5,32300.0,1900,17.0,104,125.62,17.0,3,4,2007-03-16,2007-03-16,0,0,On-Time
13,Tanzania,PMO - US,Direct Drop,EXW,Air,HRDT,HIV test,"Trinity Biotech, Plc",488.0,3114.08,97300.0,700,139.0,57,6.38,139.0,3,4,2007-03-23,2007-03-23,0,0,On-Time
14,Guyana,PMO - US,Direct Drop,EXW,Air,HRDT,HIV test,"CHEMBIO DIAGNOSTIC SYSTEMS, INC.",18.0,378.6,1350.0,50,27.0,26,21.03,27.0,3,1,2007-03-27,2007-03-27,0,0,On-Time
15,Vietnam,PMO - US,Direct Drop,FCA,Air,ARV,Adult,Hoffmann-La Roche ltd Basel,54.0,13981.96,32688.0,200,163.44,134,258.93,163.44,3,1,2007-03-27,2007-03-27,0,0,On-Time
16,Vietnam,PMO - US,Direct Drop,CIP,Air,ARV,Adult,ABBVIE LOGISTICS (FORMERLY ABBOTT LOGISTICS BV),304.0,13453.12,238682.4,1320,180.82,138,44.25,180.82,4,0,2007-04-16,2007-04-16,0,0,On-Time
17,Guyana,PMO - US,Direct Drop,EXW,Air,HRDT,HIV test,"Trinity Biotech, Plc",337.0,5240.47,32000.0,1000,32.0,28,15.55,32.0,4,0,2007-04-30,2007-04-30,0,0,On-Time
18,Haiti,PMO - US,Direct Drop,EXW,Air,HRDT,HIV test,Abbott GmbH & Co. KG,343.0,2802.42,80000.0,1000,80.0,29,8.17,80.0,5,3,2007-05-03,2007-05-03,0,0,On-Time
19,Haiti,PMO - US,Direct Drop,EXW,Air,HRDT,HIV test,"Trinity Biotech, Plc",78.0,4702.79,17375.0,125,139.0,34,60.29,139.0,5,1,2007-05-08,2007-05-08,0,0,On-Time
20,Vietnam,PMO - US,Direct Drop,EXW,Air,ARV,Adult,CIPLA LIMITED,6813.0,31858.09,525000.0,70000,7.5,123,4.68,7.5,5,5,2007-05-12,2007-05-12,0,0,On-Time
21,Nigeria,PMO - US,Direct Drop,EXW,Air,HRDT,HIV test,Abbott GmbH & Co. KG,851.0,5469.91,200000.0,2500,80.0,31,6.43,80.0,5,3,2007-05-31,2007-05-31,0,0,On-Time
22,Tanzania,PMO - US,Direct Drop,CIP,Air,ARV,Pediatric,BRISTOL-MYERS SQUIBB,162.0,912.96,8964.08,712,12.59,55,5.64,12.59,6,2,2007-06-06,2007-06-06,0,0,On-Time
23,Nigeria,PMO - US,Direct Drop,EXW,Air,HRDT,HIV test,Abbott GmbH & Co. KG,341.0,2682.47,80000.0,1000,80.0,37,7.87,80.0,6,1,2007-06-19,2007-06-19,0,0,On-Time
24,Nigeria,PMO - US,Direct Drop,EXW,Air,HRDT,HIV test,"CHEMBIO DIAGNOSTIC SYSTEMS, INC.",2278.0,15893.71,202500.0,7500,27.0,33,6.98,27.0,6,1,2007-06-19,2007-06-19,0,0,On-Time
25,Nigeria,PMO - US,Direct Drop,EXW,Air,HRDT,HIV test,Abbott GmbH & Co. KG,512.0,3906.29,120000.0,1500,80.0,37,7.63,80.0,6,1,2007-06-19,2007-08-06,48,1,Delayed
26,Côte d'Ivoire,PMO - US,Direct Drop,EXW,Air,HRDT,HIV test,Orasure Technologies Inc.,120.0,3004.62,20000.0,50,400.0,58,25.04,400.0,6,3,2007-06-28,2007-06-28,0,0,On-Time
27,Nigeria,PMO - US,Direct Drop,EXW,Air,HRDT,HIV test,"CHEMBIO DIAGNOSTIC SYSTEMS, INC.",2603.0,22838.29,216000.0,8000,27.0,13,8.77,27.0,7,2,2007-07-04,2007-07-04,0,0,On-Time
28,Vietnam,PMO - US,Direct Drop,EXW,Air,ARV,Adult,CIPLA LIMITED,2336.0,21150.56,187500.0,25000,7.5,152,9.05,7.5,7,0,2007-07-09,2007-07-09,0,0,On-Time
29,Nigeria,PMO - US,Direct Drop,EXW,Air,HRDT,HIV test,"CHEMBIO DIAGNOSTIC SYSTEMS, INC.",3045.0,28118.58,270000.0,10000,27.0,32,9.23,27.0,7,1,2007-07-10,2007-07-10,0,0,On-Time
30,Nigeria,PMO - US,Direct Drop,EXW,Air,HRDT,HIV test,"CHEMBIO DIAGNOSTIC SYSTEMS, INC.",3276.0,43664.71,310500.0,11500,27.0,32,13.33,27.0,7,1,2007-07-10,2007-08-03,24,1,Delayed
31,Nigeria,PMO - US,Direct Drop,EXW,Air,HRDT,HIV test,Abbott GmbH & Co. KG,1192.0,10879.22,280000.0,3500,80.0,61,9.13,80.0,8,0,2007-08-06,2007-08-06,0,0,On-Time
32,Guyana,PMO - US,Direct Drop,EXW,Air,HRDT,HIV test,"Trinity Biotech, Plc",515.0,8576.8,48000.0,1500,32.0,32,16.65,32.0,8,1,2007-08-07,2007-08-07,0,0,On-Time
33,Guyana,PMO - US,Direct Drop,EXW,Air,HRDT,HIV test,"CHEMBIO DIAGNOSTIC SYSTEMS, INC.",13.0,581.1,1350.0,50,27.0,33,44.7,27.0,8,2,2007-08-08,2007-08-08,0,0,On-Time
34,Guyana,PMO - US,Direct Drop,EXW,Air,HRDT,HIV test,"Orgenics, Ltd",69.0,1398.6,21597.0,300,71.99,15,20.27,71.99,8,3,2007-08-09,2007-08-21,12,1,Delayed
35,Haiti,PMO - US,Direct Drop,EXW,Air,HRDT,HIV test,"Orgenics, Ltd",171.0,3518.38,53992.5,750,71.99,18,20.58,71.99,8,0,2007-08-13,2007-08-21,8,1,Delayed
36,Haiti,PMO - US,Direct Drop,EXW,Air,HRDT,HIV test - Ancillary,"Orgenics, Ltd",24.0,240.0,3.0,300,0.01,18,10.0,0.01,8,0,2007-08-13,2007-08-07,-6,0,On-Time
37,Vietnam,PMO - US,Direct Drop,EXW,Air,ARV,Adult,CIPLA LIMITED,2348.0,21439.59,187500.0,25000,7.5,198,9.13,7.5,8,4,2007-08-24,2007-08-24,0,0,On-Time
38,Haiti,PMO - US,Direct Drop,EXW,Air,HRDT,HIV test,Orasure Technologies Inc.,60.0,3097.85,8750.0,25,350.0,30,51.63,350.0,8,5,2007-08-25,2007-08-25,0,0,On-Time
39,Vietnam,PMO - US,Direct Drop,FCA,Air,ARV,Adult,ABBVIE LOGISTICS (FORMERLY ABBOTT LOGISTICS BV),117.0,1767.38,41095.0,500,82.19,54,15.11,82.19,8,0,2007-08-27,2007-08-27,0,0,On-Time
40,Vietnam,PMO - US,Direct Drop,FCA,Air,ARV,Adult,ABBVIE LOGISTICS (FORMERLY ABBOTT LOGISTICS BV),117.0,1767.38,41095.0,500,82.19,55,15.11,82.19,8,0,2007-08-27,2007-08-27,0,0,On-Time
41,Botswana,PMO - US,Direct Drop,EXW,Air,HRDT,HIV test,Orasure Technologies Inc.,24.0,1091.64,3500.0,10,350.0,31,45.48,350.0,8,4,2007-08-31,2007-08-31,0,0,On-Time
42,Vietnam,PMO - US,Direct Drop,FCA,Air,ARV,Pediatric,ABBVIE LOGISTICS (FORMERLY ABBOTT LOGISTICS BV),340.0,2326.1,16440.0,200,82.2,52,6.84,82.2,9,0,2007-09-10,2007-09-10,0,0,On-Time
43,Vietnam,PMO - US,Direct Drop,FCA,Air,ARV,Adult,ABBVIE LOGISTICS (FORMERLY ABBOTT LOGISTICS BV),226.0,2923.46,82190.0,1000,82.19,68,12.94,82.19,9,0,2007-09-10,2007-09-10,0,0,On-Time
44,Vietnam,PMO - US,Direct Drop,FCA,Air,ARV,Adult,ABBVIE LOGISTICS (FORMERLY ABBOTT LOGISTICS BV),226.0,5294.51,82190.0,1000,82.19,69,23.43,82.19,9,0,2007-09-10,2007-09-10,0,0,On-Time
45,Rwanda,PMO - US,Direct Drop,CIP,Air,ARV,Pediatric,BRISTOL-MYERS SQUIBB,40.0,86.4,1729.0,182,9.5,59,2.16,9.5,9,4,2007-09-14,2007-09-14,0,0,On-Time
46,Guyana,PMO - US,Direct Drop,EXW,Air,HRDT,HIV test,"Orgenics, Ltd",100.0,1928.93,31819.58,442,71.99,24,19.29,71.99,9,4,2007-09-21,2007-10-08,17,1,Delayed
47,Vietnam,PMO - US,Direct Drop,EXW,Air,ARV,Pediatric,Aurobindo Pharma Limited,960.0,13762.41,1920.0,1000,1.92,91,14.34,1.92,10,1,2007-10-02,2007-10-02,0,0,On-Time
48,Vietnam,PMO - US,Direct Drop,EXW,Air,ARV,Adult,Aurobindo Pharma Limited,2895.0,18045.24,277425.0,22500,12.33,91,6.23,12.33,10,1,2007-10-02,2007-10-02,0,0,On-Time
49,Nigeria,PMO - US,Direct Drop,EXW,Air,HRDT,HIV test,"CHEMBIO DIAGNOSTIC SYSTEMS, INC.",3263.0,20885.78,270000.0,10000,27.0,36,6.4,27.0,10,2,2007-10-03,2007-10-03,0,0,On-Time
50,Guyana,PMO - US,Direct Drop,EXW,Air,HRDT,HIV test,"CHEMBIO DIAGNOSTIC SYSTEMS, INC.",35.0,379.62,3240.0,120,27.0,38,10.85,27.0,10,4,2007-10-05,2007-10-05,0,0,On-Time
51,Zimbabwe,PMO - US,Direct Drop,EXW,Air,HRDT,HIV test,Orasure Technologies Inc.,24.0,536.08,3500.0,10,350.0,42,22.34,350.0,10,1,2007-10-09,2007-10-09,0,0,On-Time
52,Vietnam,PMO - US,Direct Drop,EXW,Air,ARV,Pediatric,Aurobindo Pharma Limited,941.0,4193.49,1920.0,1000,1.92,103,4.46,1.92,10,0,2007-10-15,2007-10-15,0,0,On-Time
53,Vietnam,PMO - US,Direct Drop,EXW,Air,ARV,Adult,Aurobindo Pharma Limited,332.0,4454.62,40500.0,3000,13.5,103,13.42,13.5,10,0,2007-10-15,2007-10-15,0,0,On-Time
54,Côte d'Ivoire,PMO - US,Direct Drop,EXW,Air,HRDT,HIV test,"Standard Diagnostics, Inc.",750.0,7961.7,47000.0,2000,23.5,35,10.62,23.5,10,1,2007-10-23,2007-10-23,0,0,On-Time
55,Vietnam,PMO - US,Direct Drop,EXW,Air,ARV,Adult,SUN PHARMACEUTICAL INDUSTRIES LTD (RANBAXY LABORATORIES LIMITED),6.0,2794.34,894.0,100,8.94,113,465.72,8.94,10,2,2007-10-24,2007-10-24,0,0,On-Time
56,Côte d'Ivoire,PMO - US,Direct Drop,EXW,Air,HRDT,HIV test,"CHEMBIO DIAGNOSTIC SYSTEMS, INC.",68.0,1711.86,6750.0,250,27.0,37,25.17,27.0,10,3,2007-10-25,2007-10-25,0,0,On-Time
57,Nigeria,PMO - US,Direct Drop,EXW,Air,HRDT,HIV test,"CHEMBIO DIAGNOSTIC SYSTEMS, INC.",3265.0,6197.0,270000.0,10000,27.0,72,1.9,27.0,11,2,2007-11-07,2007-11-07,0,0,On-Time
58,Vietnam,PMO - US,Direct Drop,CIP,Air,ARV,Pediatric,BRISTOL-MYERS SQUIBB,161.0,2514.05,5600.0,800,7.0,128,15.62,7.0,11,3,2007-11-08,2007-11-08,0,0,On-Time
59,Rwanda,PMO - US,Direct Drop,EXW,Air,HRDT,HIV test,Premier Medical Corporation Ltd.,1150.0,9898.8,65851.5,3991,16.5,29,8.61,16.5,11,4,2007-11-16,2007-11-16,0,0,On-Time
60,Rwanda,PMO - US,Direct Drop,EXW,Air,HRDT,HIV test,Premier Medical Corporation Ltd.,405.0,3616.95,23100.0,1400,16.5,32,8.93,16.5,11,0,2007-11-19,2007-11-19,0,0,On-Time
61,Ethiopia,PMO - US,Direct Drop,EXW,Air,ARV,Adult,Aurobindo Pharma Limited,4228.0,12237.61,99200.0,64000,1.55,48,2.89,1.55,11,1,2007-11-20,2007-11-20,0,0,On-Time
62,Ethiopia,PMO - US,Direct Drop,EXW,Air,ARV,Adult,Aurobindo Pharma Limited,2318.0,6755.81,54350.75,35065,1.55,48,2.91,1.55,11,1,2007-11-20,2007-12-24,34,1,Delayed
63,Vietnam,PMO - US,Direct Drop,EXW,Air,ARV,Adult,Aurobindo Pharma Limited,1955.0,16095.39,277425.0,22500,12.33,142,8.23,12.33,11,4,2007-11-23,2007-11-23,0,0,On-Time
64,Guyana,PMO - US,Direct Drop,EXW,Air,HRDT,HIV test,"Trinity Biotech, Plc",732.0,6524.19,71040.0,2220,32.0,97,8.91,32.0,12,0,2007-12-03,2007-12-03,0,0,On-Time
65,Vietnam,PMO - US,Direct Drop,EXW,Air,ARV,Pediatric,Aurobindo Pharma Limited,270.0,3850.43,10075.0,1300,7.75,155,14.26,7.75,12,3,2007-12-06,2007-12-06,0,0,On-Time
66,Vietnam,PMO - US,Direct Drop,EXW,Air,ARV,Pediatric,Aurobindo Pharma Limited,249.0,3719.91,9300.0,1200,7.75,169,14.94,7.75,12,2,2007-12-19,2007-12-19,0,0,On-Time
67,Rwanda,PMO - US,Direct Drop,CIP,Air,ARV,Adult,Aurobindo Pharma Limited,2791.0,28336.18,381992.5,32510,11.75,31,10.15,11.75,1,3,2008-01-03,2008-01-03,0,0,On-Time
68,Rwanda,PMO - US,Direct Drop,CIP,Air,ARV,Adult,Aurobindo Pharma Limited,4143.0,19088.86,567043.25,48259,11.75,31,4.61,11.75,1,3,2008-01-03,2008-01-03,0,0,On-Time
69,Rwanda,PMO - US,Direct Drop,EXW,Air,HRDT,HIV test,"Trinity Biotech, Plc",2300.0,38425.29,144000.0,4500,32.0,55,16.71,32.0,1,3,2008-01-10,2008-01-10,0,0,On-Time
70,Rwanda,PMO - US,Direct Drop,EXW,Air,HRDT,HIV test,"Trinity Biotech, Plc",450.0,4360.83,64357.0,463,139.0,60,9.69,139.0,1,4,2008-01-18,2008-01-18,0,0,On-Time
71,Nigeria,PMO - US,Direct Drop,EXW,Air,HRDT,HIV test,"CHEMBIO DIAGNOSTIC SYSTEMS, INC.",3336.0,28002.75,270000.0,10000,27.0,52,8.39,27.0,1,0,2008-01-21,2008-01-21,0,0,On-Time
72,Vietnam,PMO - US,Direct Drop,EXW,Air,ARV,Adult,"GILEAD SCIENCES IRELAND, INC.",76.0,2282.57,17000.0,1000,17.0,63,30.03,17.0,1,0,2008-01-21,2008-01-21,0,0,On-Time
73,Vietnam,PMO - US,Direct Drop,EXW,Air,ARV,Adult,SUN PHARMACEUTICAL INDUSTRIES LTD (RANBAXY LABORATORIES LIMITED),23.0,2149.05,3352.0,400,8.38,61,93.44,8.38,1,0,2008-01-21,2008-01-21,0,0,On-Time
74,Tanzania,PMO - US,Direct Drop,EXW,Air,HRDT,HIV test,"Standard Diagnostics, Inc.",1456.0,14505.37,100000.0,5000,20.0,160,9.96,20.0,1,1,2008-01-22,2008-01-22,0,0,On-Time
75,Vietnam,PMO - US,Direct Drop,EXW,Air,ARV,Adult,Aurobindo Pharma Limited,83.0,2426.05,600.0,400,1.5,48,29.23,1.5,1,1,2008-01-22,2008-01-22,0,0,On-Time
76,Vietnam,PMO - US,Direct Drop,FCA,Air,ARV,Adult,ABBVIE LOGISTICS (FORMERLY ABBOTT LOGISTICS BV),513.0,5866.31,164400.0,2000,82.2,47,11.44,82.2,1,1,2008-01-22,2008-03-07,45,1,Delayed
77,Vietnam,PMO - US,Direct Drop,EXW,Air,ARV,Adult,SUN PHARMACEUTICAL INDUSTRIES LTD (RANBAXY LABORATORIES LIMITED),34.0,2127.22,5028.0,600,8.38,62,62.57,8.38,1,1,2008-01-22,2008-01-25,3,1,Delayed
78,Rwanda,PMO - US,Direct Drop,EXW,Air,ARV,Adult,ASPEN PHARMACARE,157.0,7922.24,27353.0,1609,17.0,77,50.46,17.0,1,0,2008-01-28,2008-01-28,0,0,On-Time
79,Rwanda,PMO - US,Direct Drop,CIP,Air,ARV,Adult,MYLAN LABORATORIES LTD (FORMERLY MATRIX LABORATORIES),113.0,1511.25,30222.5,1099,27.5,56,13.37,27.5,1,0,2008-01-28,2008-01-28,0,0,On-Time
80,Rwanda,PMO - US,Direct Drop,EXW,Air,HRDT,HIV test - Ancillary,"Orgenics, Ltd",99.0,0.75,15.0,1500,0.01,52,0.01,0.01,1,3,2008-01-31,2008-01-31,0,0,On-Time
81,Rwanda,PMO - US,Direct Drop,EXW,Air,HRDT,HIV test,"Orgenics, Ltd",340.0,9479.89,107985.0,1500,71.99,52,27.88,71.99,1,3,2008-01-31,2008-01-28,-3,0,On-Time
82,Vietnam,PMO - US,Direct Drop,EXW,Air,ARV,Adult,Aurobindo Pharma Limited,125.0,2429.85,2100.0,1200,1.75,58,19.44,1.75,2,4,2008-02-01,2008-02-01,0,0,On-Time
83,Haiti,PMO - US,Direct Drop,EXW,Air,HRDT,HIV test,"Trinity Biotech, Plc",6.0,3238.79,1112.0,8,139.0,14,539.8,139.0,2,0,2008-02-18,2008-02-18,0,0,On-Time
84,Benin,PMO - US,Direct Drop,EXW,Air,HRDT,HIV test,"Standard Diagnostics, Inc.",70.0,1136.37,4640.0,232,20.0,27,16.23,20.0,3,1,2008-03-04,2008-03-04,0,0,On-Time
85,Ethiopia,PMO - US,Direct Drop,EXW,Air,ARV,Adult,ASPEN PHARMACARE,1233.0,5137.76,251940.0,14820,17.0,61,4.17,17.0,3,1,2008-03-04,2008-03-04,0,0,On-Time
86,Vietnam,PMO - US,Direct Drop,FCA,Air,ARV,Adult,ABBVIE LOGISTICS (FORMERLY ABBOTT LOGISTICS BV),249.0,3120.92,82200.0,1000,82.2,105,12.53,82.2,3,3,2008-03-06,2008-03-06,0,0,On-Time
87,Benin,PMO - US,Direct Drop,EXW,Air,HRDT,HIV test,"Orgenics, Ltd",327.0,6687.51,103377.64,1436,71.99,33,20.45,71.99,3,0,2008-03-10,2008-03-04,-6,0,On-Time
88,Nigeria,PMO - US,Direct Drop,EXW,Air,HRDT,HIV test,"Orgenics, Ltd",861.0,12770.05,239970.0,3000,79.99,43,14.83,79.99,3,2,2008-03-12,2008-03-10,-2,0,On-Time
89,Nigeria,PMO - US,Direct Drop,EXW,Air,HRDT,HIV test,"Orgenics, Ltd",550.0,8213.59,255888.01,3199,79.99,43,14.93,79.99,3,2,2008-03-12,2008-03-12,0,0,On-Time
90,Mozambique,PMO - US,Direct Drop,EXW,Air,HRDT,HIV test,"Trinity Biotech, Plc",9000.0,55746.59,288000.0,9000,32.0,37,6.19,32.0,3,3,2008-03-27,2008-03-27,0,0,On-Time
91,Vietnam,PMO - US,Direct Drop,FCA,Air,ARV,Adult,ABBVIE LOGISTICS (FORMERLY ABBOTT LOGISTICS BV),337.0,2535.4,18333.0,100,183.33,128,7.52,183.33,3,4,2008-03-28,2008-03-28,0,0,On-Time
92,Haiti,PMO - US,Direct Drop,EXW,Air,HRDT,HIV test,Orasure Technologies Inc.,72.0,2556.61,10500.0,30,350.0,31,35.51,350.0,3,5,2008-03-29,2008-03-29,0,0,On-Time
93,Namibia,PMO - US,Direct Drop,EXW,Air,HRDT,HIV test,"Orgenics, Ltd",260.0,1496.76,20325.0,271,75.0,19,5.76,75.0,4,2,2008-04-02,2008-04-02,0,0,On-Time
94,Botswana,PMO - US,Direct Drop,EXW,Air,HRDT,HIV test,"Trinity Biotech, Plc",155.0,1625.08,14400.0,450,32.0,59,10.48,32.0,4,3,2008-04-03,2008-04-03,0,0,On-Time
95,Côte d'Ivoire,PMO - US,Direct Drop,EXW,Air,HRDT,HIV test,"Orgenics, Ltd",16.0,515.48,5039.3,70,71.99,40,32.22,71.99,4,1,2008-04-08,2008-04-08,0,0,On-Time
96,Guyana,PMO - US,Direct Drop,EXW,Air,HRDT,HIV test,"Orgenics, Ltd",55.0,1442.92,17277.6,240,71.99,41,26.23,71.99,4,2,2008-04-09,2008-04-09,0,0,On-Time
97,Haiti,PMO - US,Direct Drop,FCA,Air,ARV,Pediatric,ABBVIE LOGISTICS (FORMERLY ABBOTT LOGISTICS BV),31.0,910.86,1850.4,180,10.28,56,29.38,10.28,4,4,2008-04-11,2008-04-11,0,0,On-Time
98,Côte d'Ivoire,PMO - US,Direct Drop,EXW,Air,HRDT,HIV test,BIO-RAD LABORATORIES (FRANCE),522.0,6924.83,36176.0,476,76.0,47,13.27,76.0,4,0,2008-04-14,2008-04-17,3,1,Delayed
99,Ethiopia,PMO - US,Direct Drop,EXW,Air,HRDT,HIV test,"SHANGHAI KEHUA BIOENGINEERING CO.,LTD.  (KHB)",754.0,6267.38,24012.0,1044,23.0,48,8.31,23.0,4,3,2008-04-17,2008-04-17,0,0,On-Time
100,Nigeria,PMO - US,Direct Drop,EXW,Air,HRDT,HIV test,"CHEMBIO DIAGNOSTIC SYSTEMS, INC.",483.0,5468.88,38475.0,1425,27.0,35,11.32,27.0,4,3,2008-04-17,2008-04-17,0,0,On-Time
101,Nigeria,PMO - US,Direct Drop,EXW,Air,HRDT,HIV test,"CHEMBIO DIAGNOSTIC SYSTEMS, INC.",3058.0,18750.2,253260.0,9380,27.0,105,6.13,27.0,4,0,2008-04-21,2008-02-29,-52,0,On-Time
102,Nigeria,PMO - US,Direct Drop,EXW,Air,HRDT,HIV test,"CHEMBIO DIAGNOSTIC SYSTEMS, INC.",2707.0,13535.55,220131.0,8153,27.0,105,5.0,27.0,4,0,2008-04-21,2008-03-27,-25,0,On-Time
103,Nigeria,PMO - US,Direct Drop,EXW,Air,HRDT,HIV test,"CHEMBIO DIAGNOSTIC SYSTEMS, INC.",2502.0,15636.7,208413.0,7719,27.0,105,6.25,27.0,4,0,2008-04-21,2008-04-21,0,0,On-Time
104,Zambia,PMO - US,Direct Drop,EXW,Air,HRDT,HIV test,"Orgenics, Ltd",455.0,4113.16,143980.0,2000,71.99,57,9.04,71.99,4,1,2008-04-22,2008-05-05,13,1,Delayed
105,Côte d'Ivoire,PMO - US,Direct Drop,EXW,Air,HRDT,HIV test,"Orgenics, Ltd",255.0,5303.05,78120.0,1116,70.0,57,20.8,70.0,4,4,2008-04-25,2008-04-25,0,0,On-Time
106,Rwanda,PMO - US,Direct Drop,CIP,Air,ARV,Adult,CIPLA LIMITED,4124.0,10500.0,271488.0,38784,7.0,159,2.55,7.0,4,0,2008-04-28,2008-04-22,-6,0,On-Time
107,Rwanda,PMO - US,Direct Drop,CIP,Air,ARV,Adult,CIPLA LIMITED,3656.0,10500.0,242032.0,34576,7.0,159,2.87,7.0,4,0,2008-04-28,2008-04-22,-6,0,On-Time
108,Rwanda,PMO - US,Direct Drop,CIP,Air,ARV,Adult,CIPLA LIMITED,1766.0,10500.0,116480.0,16640,7.0,159,5.95,7.0,4,0,2008-04-28,2008-04-28,0,0,On-Time
109,Rwanda,PMO - US,Direct Drop,CIP,Air,ARV,Adult,CIPLA LIMITED,10303.0,35034.75,700000.0,100000,7.0,159,3.4,7.0,4,0,2008-04-28,2008-03-11,-48,0,On-Time
110,Guyana,PMO - US,Direct Drop,EXW,Air,HRDT,HIV test,"Trinity Biotech, Plc",832.0,3740.04,26624.0,832,32.0,68,4.5,32.0,5,1,2008-05-06,2008-05-06,0,0,On-Time
111,Guyana,PMO - US,Direct Drop,EXW,Air,HRDT,HIV test,"Trinity Biotech, Plc",748.0,3740.04,23936.0,748,32.0,54,5.0,32.0,5,1,2008-05-06,2008-05-06,0,0,On-Time
112,Nigeria,PMO - US,Direct Drop,EXW,Air,HRDT,HIV test,"Orgenics, Ltd",64.0,1629.0,22797.15,285,79.99,58,25.45,79.99,5,3,2008-05-08,2008-05-08,0,0,On-Time
113,Côte d'Ivoire,PMO - US,Direct Drop,EXW,Air,HRDT,HIV test,"Orgenics, Ltd",57.0,1796.68,17997.5,250,71.99,32,31.52,71.99,5,4,2008-05-09,2008-05-09,0,0,On-Time
114,Haiti,PMO - US,Direct Drop,EXW,Air,HRDT,HIV test,"Orgenics, Ltd",164.0,1802.14,63985.0,955,67.0,59,10.99,67.0,5,4,2008-05-09,2008-05-09,0,0,On-Time
115,Zambia,PMO - US,Direct Drop,EXW,Air,HRDT,HIV test,"Trinity Biotech, Plc",2052.0,24689.0,193280.0,6040,32.0,79,12.03,32.0,5,2,2008-05-14,2008-05-14,0,0,On-Time
116,Uganda,PMO - US,Direct Drop,EXW,Air,HRDT,HIV test,"Orgenics, Ltd",194.0,2642.45,61191.5,850,71.99,72,13.62,71.99,5,3,2008-05-22,2008-05-22,0,0,On-Time
117,Uganda,PMO - US,Direct Drop,EXW,Air,HRDT,HIV test - Ancillary,"Orgenics, Ltd",56.0,360.0,8.5,850,0.01,72,6.43,0.01,5,3,2008-05-22,2008-05-22,0,0,On-Time
118,Côte d'Ivoire,PMO - US,Direct Drop,EXW,Air,HRDT,HIV test,BIO-RAD LABORATORIES (FRANCE),366.0,7915.98,25156.0,331,76.0,73,21.63,76.0,5,4,2008-05-30,2008-05-30,0,0,On-Time
119,Vietnam,PMO - US,Direct Drop,EXW,Air,ARV,Adult,MYLAN LABORATORIES LTD (FORMERLY MATRIX LABORATORIES),522.0,3796.05,77145.6,6720,11.48,62,7.27,11.48,6,6,2008-06-01,2008-06-01,0,0,On-Time
120,Vietnam,PMO - US,Direct Drop,EXW,Air,ARV,Adult,MYLAN LABORATORIES LTD (FORMERLY MATRIX LABORATORIES),122.0,2864.44,27538.56,2016,13.66,52,23.48,13.66,6,6,2008-06-01,2008-05-22,-10,0,On-Time
121,Uganda,PMO - US,Direct Drop,EXW,Air,HRDT,HIV test,"CHEMBIO DIAGNOSTIC SYSTEMS, INC.",483.0,4193.88,34425.0,1275,27.0,80,8.68,27.0,6,0,2008-06-02,2008-06-02,0,0,On-Time
122,Uganda,PMO - US,Direct Drop,EXW,Air,HRDT,HIV test,"Trinity Biotech, Plc",85.0,1253.98,2720.0,85,32.0,81,14.75,32.0,6,0,2008-06-02,2008-06-02,0,0,On-Time
123,Vietnam,PMO - US,Direct Drop,EXW,Air,ARV,Pediatric,Aurobindo Pharma Limited,48.0,2729.91,3458.7,630,5.49,63,56.87,5.49,6,0,2008-06-02,2008-06-02,0,0,On-Time
124,Vietnam,PMO - US,Direct Drop,EXW,Air,ARV,Pediatric,Aurobindo Pharma Limited,106.0,2869.03,7686.0,1400,5.49,63,27.07,5.49,6,0,2008-06-02,2008-06-02,0,0,On-Time
125,Vietnam,PMO - US,Direct Drop,EXW,Air,ARV,Adult,MYLAN LABORATORIES LTD (FORMERLY MATRIX LABORATORIES),654.0,4051.34,96432.0,8400,11.48,64,6.19,11.48,6,1,2008-06-03,2008-06-03,0,0,On-Time
126,Namibia,PMO - US,Direct Drop,EXW,Air,HRDT,HIV test,"Orgenics, Ltd",33.0,1715.17,10222.58,142,71.99,78,51.97,71.99,6,2,2008-06-04,2008-06-04,0,0,On-Time
127,Haiti,PMO - US,Direct Drop,EXW,Air,HRDT,HIV test,"Trinity Biotech, Plc",3.0,1808.19,556.0,4,139.0,24,602.73,139.0,6,4,2008-06-06,2008-06-06,0,0,On-Time
128,Zambia,PMO - US,Direct Drop,EXW,Air,HRDT,HIV test,"Orgenics, Ltd",979.0,8690.26,309557.0,4300,71.99,98,8.88,71.99,6,4,2008-06-06,2008-06-06,0,0,On-Time
129,Mozambique,PMO - US,Direct Drop,EXW,Air,HRDT,HIV test,"Orgenics, Ltd",965.0,7781.88,302358.0,4200,71.99,109,8.06,71.99,6,4,2008-06-13,2008-05-27,-17,0,On-Time
130,Côte d'Ivoire,PMO - US,Direct Drop,EXW,Air,HRDT,HIV test,BIO-RAD LABORATORIES (FRANCE),509.0,5446.51,36176.0,476,76.0,111,10.7,76.0,6,1,2008-06-17,2008-06-17,0,0,On-Time
131,Vietnam,PMO - US,Direct Drop,EXW,Air,ARV,Adult,STRIDES ARCOLAB LIMITED,121.0,2789.74,3889.76,2576,1.51,78,23.06,1.51,6,1,2008-06-17,2008-06-17,0,0,On-Time
132,Vietnam,PMO - US,Direct Drop,EXW,Air,ARV,Adult,STRIDES ARCOLAB LIMITED,114.0,2879.96,3720.64,2464,1.51,81,25.26,1.51,6,4,2008-06-20,2008-06-20,0,0,On-Time
133,Botswana,PMO - US,Direct Drop,EXW,Air,HRDT,HIV test,"Orgenics, Ltd",46.0,1028.18,14398.0,200,71.99,104,22.35,71.99,6,0,2008-06-23,2008-06-04,-19,0,On-Time
134,Botswana,PMO - US,Direct Drop,EXW,Air,HRDT,HIV test,"Trinity Biotech, Plc",154.0,2496.62,14400.0,450,32.0,150,16.21,32.0,7,3,2008-07-03,2008-07-03,0,0,On-Time
135,Botswana,PMO - US,Direct Drop,EXW,Air,HRDT,HIV test,"Trinity Biotech, Plc",500.0,2442.32,16000.0,500,32.0,66,4.88,32.0,7,3,2008-07-03,2008-07-03,0,0,On-Time
136,Botswana,PMO - US,Direct Drop,EXW,Air,HRDT,HIV test,"Trinity Biotech, Plc",500.0,2442.32,16000.0,500,32.0,66,4.88,32.0,7,3,2008-07-03,2008-07-03,0,0,On-Time
137,Rwanda,PMO - US,Direct Drop,EXW,Air,HRDT,HIV test,Premier Medical Corporation Ltd.,2130.0,17331.66,101970.0,6180,16.5,22,8.14,16.5,7,4,2008-07-04,2008-07-04,0,0,On-Time
138,Vietnam,PMO - US,Direct Drop,EXW,Air,ARV,Adult,Aurobindo Pharma Limited,507.0,4159.45,29232.0,10080,2.9,98,8.2,2.9,7,0,2008-07-07,2008-06-20,-17,0,On-Time
139,Vietnam,PMO - US,Direct Drop,EXW,Air,ARV,Adult,Aurobindo Pharma Limited,137.0,5260.46,13000.0,520,25.0,98,38.4,25.0,7,0,2008-07-07,2008-07-07,0,0,On-Time
140,Mozambique,PMO - US,Direct Drop,EXW,Air,HRDT,HIV test,"Orgenics, Ltd",682.0,5298.9,215970.0,3000,71.99,133,7.77,71.99,7,2,2008-07-09,2008-07-04,-5,0,On-Time
141,Rwanda,PMO - US,Direct Drop,EXW,Air,HRDT,HIV test,"Trinity Biotech, Plc",1080.0,15987.05,100800.0,3150,32.0,136,14.8,32.0,7,4,2008-07-11,2008-07-11,0,0,On-Time
142,Vietnam,PMO - US,Direct Drop,CIP,Air,ARV,Pediatric,BRISTOL-MYERS SQUIBB,81.0,2211.05,2800.0,400,7.0,103,27.3,7.0,7,5,2008-07-12,2008-07-12,0,0,On-Time
143,Lesotho,PMO - US,Direct Drop,EXW,Air,HRDT,HIV test,Orasure Technologies Inc.,17.0,587.63,2450.0,7,350.0,138,34.57,350.0,7,0,2008-07-14,2008-07-14,0,0,On-Time
144,Vietnam,PMO - US,Direct Drop,FCA,Air,ARV,Adult,ABBVIE LOGISTICS (FORMERLY ABBOTT LOGISTICS BV),208.0,3449.4,65760.0,800,82.2,105,16.58,82.2,7,0,2008-07-14,2008-07-14,0,0,On-Time
145,Vietnam,PMO - US,Direct Drop,EXW,Air,ARV,Adult,Aurobindo Pharma Limited,124.0,5217.59,12500.0,500,25.0,105,42.08,25.0,7,0,2008-07-14,2008-07-14,0,0,On-Time
146,Vietnam,PMO - US,Direct Drop,FCA,Air,ARV,Adult,ABBVIE LOGISTICS (FORMERLY ABBOTT LOGISTICS BV),385.0,4393.32,124944.0,1520,82.2,107,11.41,82.2,7,2,2008-07-16,2008-07-16,0,0,On-Time
147,Vietnam,PMO - US,Direct Drop,CIP,Air,ARV,Pediatric,BRISTOL-MYERS SQUIBB,82.0,2211.05,2800.0,400,7.0,108,26.96,7.0,7,3,2008-07-17,2008-07-17,0,0,On-Time
148,Vietnam,PMO - US,Direct Drop,EXW,Air,ARV,Adult,MYLAN LABORATORIES LTD (FORMERLY MATRIX LABORATORIES),772.0,4408.29,115718.4,10080,11.48,108,5.71,11.48,7,3,2008-07-17,2008-07-17,0,0,On-Time
149,Vietnam,PMO - US,Direct Drop,EXW,Air,ARV,Adult,MYLAN LABORATORIES LTD (FORMERLY MATRIX LABORATORIES),772.0,5893.08,115718.4,10080,11.48,109,7.63,11.48,7,4,2008-07-18,2008-07-18,0,0,On-Time
150,Vietnam,PMO - US,Direct Drop,EXW,Air,ARV,Adult,MYLAN LABORATORIES LTD (FORMERLY MATRIX LABORATORIES),122.0,2867.81,27538.56,2016,13.66,99,23.51,13.66,7,4,2008-07-18,2008-06-02,-46,0,On-Time
151,Guyana,PMO - US,Direct Drop,EXW,Air,HRDT,HIV test,"Trinity Biotech, Plc",362.0,4717.51,33984.0,1062,32.0,144,13.03,32.0,7,0,2008-07-21,2008-07-21,0,0,On-Time
152,Côte d'Ivoire,PMO - US,Direct Drop,EXW,Air,HRDT,HIV test,"Orgenics, Ltd",255.0,5175.72,78120.0,1116,70.0,145,20.3,70.0,7,1,2008-07-22,2008-07-22,0,0,On-Time
153,Rwanda,PMO - US,Direct Drop,EXW,Air,HRDT,HIV test,"Orgenics, Ltd",986.0,26574.61,302890.0,4327,70.0,40,26.95,70.0,7,1,2008-07-22,2008-07-22,0,0,On-Time
154,Rwanda,PMO - US,Direct Drop,CIP,Air,ARV,Adult,Aurobindo Pharma Limited,3953.0,23071.26,414642.24,45168,9.18,39,5.84,9.18,7,1,2008-07-22,2008-07-22,0,0,On-Time
155,Tanzania,PMO - US,Direct Drop,EXW,Air,HRDT,HIV test,"Standard Diagnostics, Inc.",3122.0,22691.75,200000.0,10000,20.0,69,7.27,20.0,7,1,2008-07-22,2008-07-22,0,0,On-Time
156,Tanzania,PMO - US,Direct Drop,EXW,Air,HRDT,HIV test,"Standard Diagnostics, Inc.",3110.0,22663.18,200000.0,10000,20.0,273,7.29,20.0,7,1,2008-07-22,2008-07-22,0,0,On-Time
157,Rwanda,PMO - US,Direct Drop,CIP,Air,ARV,Adult,Aurobindo Pharma Limited,5311.0,30408.04,569281.31,47879,11.89,40,5.73,11.89,7,2,2008-07-23,2008-07-22,-1,0,On-Time
158,Rwanda,PMO - US,Direct Drop,CIP,Air,ARV,Adult,Aurobindo Pharma Limited,6768.0,38120.96,725539.69,61021,11.89,40,5.63,11.89,7,2,2008-07-23,2008-07-23,0,0,On-Time
159,Guyana,PMO - US,Direct Drop,EXW,Air,HRDT,HIV test - Ancillary,"Orgenics, Ltd",14.0,360.0,2.13,213,0.01,151,25.71,0.01,7,0,2008-07-28,2008-07-28,0,0,On-Time
160,Guyana,PMO - US,Direct Drop,EXW,Air,HRDT,HIV test,"Orgenics, Ltd",49.0,959.46,15333.87,213,71.99,151,19.58,71.99,7,0,2008-07-28,2008-07-28,0,0,On-Time
161,Botswana,PMO - US,Direct Drop,EXW,Air,HRDT,HIV test,"Orgenics, Ltd",25.0,641.04,7199.0,100,71.99,94,25.64,71.99,7,3,2008-07-31,2008-07-31,0,0,On-Time
162,Botswana,PMO - US,Direct Drop,EXW,Air,HRDT,HIV test,"Orgenics, Ltd",28.0,641.06,7199.0,100,71.99,94,22.89,71.99,7,3,2008-07-31,2008-07-31,0,0,On-Time
163,Nigeria,PMO - US,Direct Drop,EXW,Air,ANTM,Malaria,IDA FOUNDATION,1920.0,20134.43,527.0,20,26.35,59,10.49,26.35,7,3,2008-07-31,2008-07-31,0,0,On-Time
164,Nigeria,PMO - US,Direct Drop,EXW,Air,ACT,ACT,IDA FOUNDATION,159.0,1976.57,1547.68,34,45.52,36,12.43,45.52,8,1,2008-08-05,2008-08-05,0,0,On-Time
165,Haiti,PMO - US,Direct Drop,EXW,Air,HRDT,HIV test,"Orgenics, Ltd",470.0,3684.28,144130.0,2059,70.0,78,7.84,70.0,8,2,2008-08-06,2008-08-06,0,0,On-Time
166,Vietnam,PMO - US,Direct Drop,EXW,Air,ARV,Adult,STRIDES ARCOLAB LIMITED,432.0,7444.35,13448.75,9275,1.45,90,17.23,1.45,8,0,2008-08-11,2008-08-11,0,0,On-Time
167,Vietnam,PMO - US,Direct Drop,EXW,Air,ARV,Adult,CIPLA LIMITED,1000.0,7526.06,77108.0,10420,7.4,134,7.53,7.4,8,1,2008-08-12,2008-08-12,0,0,On-Time
168,Ethiopia,PMO - US,Direct Drop,EXW,Air,ANTM,Malaria,MISSIONPHARMA A/S,7.0,399.18,1434.88,32,44.84,64,57.03,44.84,8,2,2008-08-13,2008-08-13,0,0,On-Time
169,Guyana,PMO - US,Direct Drop,CIP,Air,MRDT,Malaria,ZEPHYR BIOMEDICALS,34.0,180.0,3675.0,98,37.5,21,5.29,37.5,8,4,2008-08-15,2008-08-15,0,0,On-Time
170,Rwanda,PMO - US,Direct Drop,EXW,Air,HRDT,HIV test,"Trinity Biotech, Plc",234.0,5446.06,47260.0,340,139.0,65,23.27,139.0,8,5,2008-08-16,2008-08-16,0,0,On-Time
171,Vietnam,PMO - US,Direct Drop,EXW,Air,ARV,Adult,STRIDES ARCOLAB LIMITED,502.0,7575.6,15631.0,10780,1.45,98,15.09,1.45,8,1,2008-08-19,2008-08-19,0,0,On-Time
172,Haiti,PMO - US,Direct Drop,EXW,Air,HRDT,HIV test,"Trinity Biotech, Plc",100.0,1372.85,16819.0,121,139.0,94,13.73,139.0,8,4,2008-08-22,2008-08-22,0,0,On-Time
173,Tanzania,PMO - US,Direct Drop,CIP,Air,ARV,Adult,BRISTOL-MYERS SQUIBB,117.0,645.1,61470.99,2597,23.67,110,5.51,23.67,9,1,2008-09-02,2008-09-02,0,0,On-Time
174,Vietnam,PMO - US,Direct Drop,EXW,Air,ARV,Adult,Aurobindo Pharma Limited,755.0,6609.02,38304.0,15960,2.4,64,8.75,2.4,9,2,2008-09-03,2008-09-03,0,0,On-Time
175,Tanzania,PMO - US,Direct Drop,CIP,Air,ARV,Pediatric,GLAXOSMITHKLINE EXPORT LIMITED,65.0,633.0,1990.56,132,15.08,66,9.74,15.08,9,0,2008-09-08,2008-09-08,0,0,On-Time
176,Uganda,PMO - US,Direct Drop,CIP,Air,ARV,Adult,BRISTOL-MYERS SQUIBB,2.0,330.0,1183.5,50,23.67,53,165.0,23.67,9,1,2008-09-09,2008-09-09,0,0,On-Time
177,Nigeria,PMO - US,Direct Drop,EXW,Air,HRDT,HIV test,"Orgenics, Ltd",1566.0,19992.75,549931.25,6875,79.99,22,12.77,79.99,9,4,2008-09-12,2008-09-12,0,0,On-Time
178,Nigeria,PMO - US,Direct Drop,EXW,Air,HRDT,HIV test,"CHEMBIO DIAGNOSTIC SYSTEMS, INC.",2907.0,18864.37,277290.0,10270,27.0,234,6.49,27.0,9,4,2008-09-19,2008-07-16,-65,0,On-Time
179,Nigeria,PMO - US,Direct Drop,EXW,Air,HRDT,HIV test,"CHEMBIO DIAGNOSTIC SYSTEMS, INC.",2985.0,20635.3,244296.0,9048,27.0,234,6.91,27.0,9,4,2008-09-19,2008-09-19,0,0,On-Time
180,Nigeria,PMO - US,Direct Drop,EXW,Air,HRDT,HIV test,"CHEMBIO DIAGNOSTIC SYSTEMS, INC.",2093.0,16036.94,197127.0,7301,27.0,234,7.66,27.0,9,4,2008-09-19,2008-06-20,-91,0,On-Time
181,Nigeria,PMO - US,Direct Drop,EXW,Air,HRDT,HIV test,"CHEMBIO DIAGNOSTIC SYSTEMS, INC.",2224.0,12768.47,176040.0,6520,27.0,234,5.74,27.0,9,4,2008-09-19,2008-08-20,-30,0,On-Time
182,Vietnam,PMO - US,Direct Drop,EXW,Air,ARV,Adult,MYLAN LABORATORIES LTD (FORMERLY MATRIX LABORATORIES),1537.0,13507.92,18359.04,1344,13.66,128,8.79,13.66,9,4,2008-09-19,2008-09-19,0,0,On-Time
183,Vietnam,PMO - US,Direct Drop,EXW,Air,ARV,Adult,Aurobindo Pharma Limited,2719.0,18614.72,92736.0,38640,2.4,80,6.85,2.4,9,4,2008-09-19,2008-09-19,0,0,On-Time
184,Vietnam,PMO - US,Direct Drop,EXW,Air,ARV,Adult,CIPLA LIMITED,920.0,7265.05,71040.0,9600,7.4,172,7.9,7.4,9,4,2008-09-19,2008-09-19,0,0,On-Time
185,Vietnam,PMO - US,Direct Drop,EXW,Air,ARV,Adult,Aurobindo Pharma Limited,242.0,5881.57,6997.8,2180,3.21,129,24.3,3.21,9,4,2008-09-19,2008-09-19,0,0,On-Time
186,Vietnam,PMO - US,Direct Drop,EXW,Air,ARV,Adult,Aurobindo Pharma Limited,185.0,5551.97,18648.0,2016,9.25,129,30.01,9.25,9,4,2008-09-19,2008-09-19,0,0,On-Time
187,Vietnam,PMO - US,Direct Drop,EXW,Air,ARV,Adult,Aurobindo Pharma Limited,703.0,10356.86,27972.0,3024,9.25,129,14.73,9.25,9,4,2008-09-19,2008-09-19,0,0,On-Time
188,Vietnam,PMO - US,Direct Drop,EXW,Air,ARV,Adult,MYLAN LABORATORIES LTD (FORMERLY MATRIX LABORATORIES),301.0,4883.46,62294.4,5040,12.36,80,16.22,12.36,9,4,2008-09-19,2008-09-19,0,0,On-Time
189,Vietnam,PMO - US,Direct Drop,EXW,Air,ARV,Adult,MYLAN LABORATORIES LTD (FORMERLY MATRIX LABORATORIES),120.0,5921.97,24917.76,2016,12.36,81,49.35,12.36,9,5,2008-09-20,2008-09-20,0,0,On-Time
190,Vietnam,PMO - US,Direct Drop,EXW,Air,ARV,Adult,MYLAN LABORATORIES LTD (FORMERLY MATRIX LABORATORIES),889.0,7884.8,24897.6,9576,2.6,130,8.87,2.6,9,5,2008-09-20,2008-09-20,0,0,On-Time
191,Zambia,PMO - US,Direct Drop,EXW,Air,HRDT,HIV test - Ancillary,"Orgenics, Ltd",889.0,7303.52,30.0,3000,0.01,32,8.22,0.01,9,0,2008-09-22,2008-09-22,0,0,On-Time
192,Rwanda,PMO - US,Direct Drop,CIP,Air,ARV,Adult,HETERO LABS LIMITED,6701.0,87692.85,931578.0,83400,11.17,48,13.09,11.17,9,1,2008-09-23,2008-09-23,0,0,On-Time
193,Vietnam,PMO - US,Direct Drop,EXW,Air,ARV,Adult,Aurobindo Pharma Limited,327.0,3171.36,5359.2,1848,2.9,86,9.7,2.9,9,3,2008-09-25,2008-09-25,0,0,On-Time
194,Côte d'Ivoire,PMO - US,Direct Drop,EXW,Air,HRDT,HIV test,"Orgenics, Ltd",256.0,4014.57,78120.0,1116,70.0,210,15.68,70.0,9,4,2008-09-26,2008-09-26,0,0,On-Time
195,Zambia,PMO - US,Direct Drop,EXW,Air,HRDT,HIV test,"Trinity Biotech, Plc",3000.0,34902.96,288000.0,9000,32.0,98,11.63,32.0,9,4,2008-09-26,2008-09-26,0,0,On-Time
196,Haiti,PMO - US,Direct Drop,FCA,Air,ARV,Pediatric,ABBVIE LOGISTICS (FORMERLY ABBOTT LOGISTICS BV),19.0,658.68,205.6,20,10.28,55,34.67,10.28,9,0,2008-09-29,2008-09-29,0,0,On-Time
197,Haiti,PMO - US,Direct Drop,EXW,Air,HRDT,HIV test,Orasure Technologies Inc.,109.0,782.13,9800.0,28,350.0,133,7.18,350.0,9,1,2008-09-30,2008-09-30,0,0,On-Time
198,Vietnam,PMO - US,Direct Drop,CIP,Air,ARV,Pediatric,BRISTOL-MYERS SQUIBB,81.0,2035.66,2800.0,400,7.0,140,25.13,7.0,9,1,2008-09-30,2008-09-30,0,0,On-Time
199,Guyana,PMO - US,Direct Drop,EXW,Air,HRDT,HIV test,"Trinity Biotech, Plc",1062.0,3976.33,33984.0,1062,32.0,75,3.74,32.0,10,2,2008-10-01,2008-10-01,0,0,On-Time
200,Côte d'Ivoire,PMO - US,Direct Drop,EXW,Air,HRDT,HIV test,BIO-RAD LABORATORIES (FRANCE),562.0,11298.13,38000.0,500,76.0,36,20.1,76.0,10,3,2008-10-02,2008-10-02,0,0,On-Time
201,Mozambique,PMO - US,Direct Drop,EXW,Air,HRDT,HIV test,"Orgenics, Ltd",296.0,2648.82,71990.0,1000,71.99,35,8.95,71.99,10,4,2008-10-03,2008-10-03,0,0,On-Time
202,Vietnam,PMO - US,Direct Drop,CIP,Air,ARV,Pediatric,BRISTOL-MYERS SQUIBB,81.0,3013.09,2800.0,400,7.0,143,37.2,7.0,10,4,2008-10-03,2008-10-03,0,0,On-Time
203,Vietnam,PMO - US,Direct Drop,EXW,Air,ARV,Adult,Aurobindo Pharma Limited,1114.0,5822.44,26143.5,18030,1.45,92,5.23,1.45,10,4,2008-10-03,2008-10-03,0,0,On-Time
204,Ethiopia,PMO - US,Direct Drop,EXW,Air,HRDT,HIV test,"SHANGHAI KEHUA BIOENGINEERING CO.,LTD.  (KHB)",5057.0,44347.71,161046.0,7002,23.0,45,8.77,23.0,10,0,2008-10-06,2008-10-06,0,0,On-Time
205,Ethiopia,PMO - US,Direct Drop,EXW,Air,HRDT,HIV test,"SHANGHAI KEHUA BIOENGINEERING CO.,LTD.  (KHB)",5057.0,44347.71,160954.0,6998,23.0,45,8.77,23.0,10,0,2008-10-06,2008-10-03,-3,0,On-Time
206,Ethiopia,PMO - US,Direct Drop,EXW,Air,HRDT,HIV test,"Trinity Biotech, Plc",1413.0,18180.65,134400.0,4200,32.0,67,12.87,32.0,10,0,2008-10-06,2008-10-06,0,0,On-Time
207,Vietnam,PMO - US,Direct Drop,EXW,Air,ARV,Adult,CIPLA LIMITED,836.0,5136.08,72460.8,9792,7.4,146,6.14,7.4,10,0,2008-10-06,2008-10-06,0,0,On-Time
208,Ethiopia,PMO - US,Direct Drop,EXW,Air,HRDT,HIV test,"SHANGHAI KEHUA BIOENGINEERING CO.,LTD.  (KHB)",5057.0,44347.71,160954.0,6998,23.0,46,8.77,23.0,10,1,2008-10-07,2008-10-07,0,0,On-Time
209,Ethiopia,PMO - US,Direct Drop,EXW,Air,HRDT,HIV test,"SHANGHAI KEHUA BIOENGINEERING CO.,LTD.  (KHB)",5057.0,44347.71,161046.0,7002,23.0,46,8.77,23.0,10,1,2008-10-07,2008-10-06,-1,0,On-Time
210,Namibia,PMO - US,Direct Drop,EXW,Air,HRDT,HIV test,"Trinity Biotech, Plc",220.0,7078.9,20800.0,650,32.0,19,32.18,32.0,10,2,2008-10-08,2008-10-08,0,0,On-Time
211,Vietnam,PMO - US,Direct Drop,EXW,Air,ARV,Adult,Aurobindo Pharma Limited,2600.0,10179.16,60900.0,42000,1.45,97,3.92,1.45,10,2,2008-10-08,2008-10-08,0,0,On-Time
212,Botswana,PMO - US,Direct Drop,EXW,Air,HRDT,HIV test,"Orgenics, Ltd",5406.0,559.95,560.0,8,70.0,73,0.1,70.0,10,3,2008-10-09,2008-10-02,-7,0,On-Time
213,Nigeria,PMO - US,Direct Drop,EXW,Air,ANTM,Malaria,IDA FOUNDATION,488.0,4404.9,184.45,7,26.35,86,9.03,26.35,10,3,2008-10-09,2008-10-09,0,0,On-Time
214,Haiti,PMO - US,Direct Drop,EXW,Air,HRDT,HIV test,"Trinity Biotech, Plc",54.0,871.71,11676.0,84,139.0,143,16.14,139.0,10,4,2008-10-10,2008-10-10,0,0,On-Time
215,Nigeria,PMO - US,Direct Drop,CIP,Air,ARV,Adult,MERCK SHARP & DOHME IDEA GMBH (FORMALLY MERCK SHARP & DOHME B.V.),493.0,1727.2,297360.0,5900,50.4,23,3.5,50.4,10,4,2008-10-10,2008-10-10,0,0,On-Time
216,Vietnam,PMO - US,Direct Drop,EXW,Air,ARV,Adult,CIPLA LIMITED,1360.0,5412.14,113664.0,15360,7.4,150,3.98,7.4,10,5,2008-10-11,2008-10-11,0,0,On-Time
217,Côte d'Ivoire,PMO - US,Direct Drop,EXW,Air,HRDT,HIV test,"Orgenics, Ltd",275.0,4015.0,82180.0,1174,70.0,46,14.6,70.0,10,0,2008-10-13,2008-10-13,0,0,On-Time
218,Nigeria,PMO - US,Direct Drop,EXW,Air,HRDT,HIV test - Ancillary,"Orgenics, Ltd",1927.0,24870.05,65.02,6502,0.01,89,12.91,0.01,10,2,2008-10-15,2008-10-15,0,0,On-Time
219,Mozambique,PMO - US,Direct Drop,EXW,Air,HRDT,HIV test,"Trinity Biotech, Plc",1796.0,32437.45,169600.0,5300,32.0,254,18.06,32.0,10,4,2008-10-17,2008-10-17,0,0,On-Time
220,Rwanda,PMO - US,Direct Drop,EXW,Air,HRDT,HIV test,"Trinity Biotech, Plc",1131.0,22370.64,108800.0,3400,32.0,128,19.78,32.0,10,5,2008-10-18,2008-10-18,0,0,On-Time
221,Zambia,PMO - US,Direct Drop,EXW,Air,HRDT,HIV test,"Orgenics, Ltd",1053.0,11062.05,323955.0,4500,71.99,81,10.51,71.99,10,0,2008-10-20,2008-10-20,0,0,On-Time
222,Nigeria,PMO - US,Direct Drop,EXW,Air,ACT,ACT,IDA FOUNDATION,86.0,1528.06,875.0,25,35.0,69,17.77,35.0,10,3,2008-10-23,2008-10-23,0,0,On-Time
223,Haiti,PMO - US,Direct Drop,EXW,Air,HRDT,HIV test,"Orgenics, Ltd",257.0,2851.72,78610.0,1123,70.0,157,11.1,70.0,10,0,2008-10-27,2008-10-27,0,0,On-Time
224,Namibia,PMO - US,Direct Drop,CIP,Air,HRDT,HIV test,"Orgenics, Ltd",3.0,85.27,525.0,7,75.0,34,28.42,75.0,10,1,2008-10-28,2008-10-28,0,0,On-Time
225,Guyana,PMO - US,Direct Drop,EXW,Air,HRDT,HIV test,"Orgenics, Ltd",49.0,1047.39,15333.87,213,71.99,69,21.38,71.99,10,2,2008-10-29,2008-10-29,0,0,On-Time
226,Guyana,PMO - US,Direct Drop,EXW,Air,HRDT,HIV test - Ancillary,"Orgenics, Ltd",14.0,180.0,2.13,213,0.01,69,12.86,0.01,10,2,2008-10-29,2008-10-13,-16,0,On-Time
227,Namibia,PMO - US,Direct Drop,EXW,Air,HRDT,HIV test,"Orgenics, Ltd",46.0,2698.04,10798.5,150,71.99,35,58.65,71.99,10,2,2008-10-29,2008-10-29,0,0,On-Time
228,Ethiopia,PMO - US,Direct Drop,EXW,Air,HRDT,HIV test,"SHANGHAI KEHUA BIOENGINEERING CO.,LTD.  (KHB)",5057.0,44360.44,161046.0,7002,23.0,69,8.77,23.0,10,3,2008-10-30,2008-10-28,-2,0,On-Time
229,Ethiopia,PMO - US,Direct Drop,EXW,Air,HRDT,HIV test,"SHANGHAI KEHUA BIOENGINEERING CO.,LTD.  (KHB)",5056.0,44360.44,160954.0,6998,23.0,69,8.77,23.0,10,3,2008-10-30,2008-10-30,0,0,On-Time
230,Mozambique,PMO - US,Direct Drop,EXW,Air,HRDT,HIV test - Ancillary,"Orgenics, Ltd",2278.0,23743.01,76.9,7690,0.01,67,10.42,0.01,11,5,2008-11-01,2008-11-01,0,0,On-Time
231,Ethiopia,PMO - US,Direct Drop,EXW,Air,HRDT,HIV test,"CHEMBIO DIAGNOSTIC SYSTEMS, INC.",2147.0,11066.17,160866.0,5958,27.0,96,5.15,27.0,11,0,2008-11-03,2008-10-13,-21,0,On-Time
232,Ethiopia,PMO - US,Direct Drop,EXW,Air,HRDT,HIV test,"CHEMBIO DIAGNOSTIC SYSTEMS, INC.",1445.0,7303.25,107514.0,3982,27.0,96,5.05,27.0,11,0,2008-11-03,2008-11-03,0,0,On-Time
233,Nigeria,PMO - US,Direct Drop,EXW,Air,HRDT,HIV test,"CHEMBIO DIAGNOSTIC SYSTEMS, INC.",3508.0,29954.15,332505.0,12315,27.0,112,8.54,27.0,11,4,2008-11-07,2008-10-21,-17,0,On-Time
234,Nigeria,PMO - US,Direct Drop,EXW,Air,HRDT,HIV test,"CHEMBIO DIAGNOSTIC SYSTEMS, INC.",2441.0,22229.32,229095.0,8485,27.0,112,9.11,27.0,11,4,2008-11-07,2008-11-07,0,0,On-Time
235,Haiti,PMO - US,Direct Drop,EXW,Air,HRDT,HIV test,"Trinity Biotech, Plc",4.0,523.12,278.0,2,139.0,311,130.78,139.0,11,1,2008-11-11,2008-11-11,0,0,On-Time
236,Vietnam,PMO - US,Direct Drop,CIP,Air,ARV,Pediatric,BRISTOL-MYERS SQUIBB,52.0,1516.05,1680.0,240,7.0,113,29.15,7.0,11,3,2008-11-13,2008-11-13,0,0,On-Time
237,Vietnam,PMO - US,Direct Drop,FCA,Air,ARV,Adult,ABBVIE LOGISTICS (FORMERLY ABBOTT LOGISTICS BV),251.0,2519.89,85488.0,1040,82.2,187,10.04,82.2,11,6,2008-11-16,2008-11-16,0,0,On-Time
238,Vietnam,PMO - US,Direct Drop,FCA,Air,ARV,Adult,ABBVIE LOGISTICS (FORMERLY ABBOTT LOGISTICS BV),370.0,2652.33,121656.0,1480,82.2,185,7.17,82.2,11,6,2008-11-16,2008-11-16,0,0,On-Time
239,Ethiopia,PMO - US,Direct Drop,EXW,Air,HRDT,HIV test,"SHANGHAI KEHUA BIOENGINEERING CO.,LTD.  (KHB)",4913.0,46117.09,160954.0,6998,23.0,87,9.39,23.0,11,0,2008-11-17,2008-11-17,0,0,On-Time
240,Ethiopia,PMO - US,Direct Drop,EXW,Air,HRDT,HIV test,"SHANGHAI KEHUA BIOENGINEERING CO.,LTD.  (KHB)",4922.0,46117.09,161046.0,7002,23.0,87,9.37,23.0,11,0,2008-11-17,2008-11-17,0,0,On-Time
241,Haiti,PMO - US,Direct Drop,EXW,Air,HRDT,HIV test,"Orgenics, Ltd",257.0,2873.56,78610.0,1123,70.0,178,11.18,70.0,11,0,2008-11-17,2008-11-17,0,0,On-Time
242,Zimbabwe,PMO - US,Direct Drop,EXW,Air,HRDT,HIV test,"Orgenics, Ltd",373.0,4112.46,117631.66,1634,71.99,245,11.03,71.99,11,0,2008-11-17,2008-11-17,0,0,On-Time
243,Zimbabwe,PMO - US,Direct Drop,EXW,Air,HRDT,HIV test,"Standard Diagnostics, Inc.",2450.0,18087.86,157280.0,7864,20.0,158,7.38,20.0,11,0,2008-11-17,2008-11-17,0,0,On-Time
244,Botswana,PMO - US,Direct Drop,EXW,Air,HRDT,HIV test,"Trinity Biotech, Plc",3.0,1225.17,160.0,5,32.0,113,408.39,32.0,11,1,2008-11-18,2008-11-18,0,0,On-Time
245,Botswana,PMO - US,Direct Drop,EXW,Air,HRDT,HIV test,"Trinity Biotech, Plc",166.0,1225.17,16000.0,500,32.0,204,7.38,32.0,11,1,2008-11-18,2008-11-18,0,0,On-Time
246,Zambia,PMO - US,Direct Drop,EXW,Air,HRDT,HIV test,"Trinity Biotech, Plc",1989.0,19569.48,188800.0,5900,32.0,151,9.84,32.0,11,1,2008-11-18,2008-11-18,0,0,On-Time
247,Zambia,PMO - US,Direct Drop,EXW,Air,HRDT,HIV test,"Standard Diagnostics, Inc.",157.0,1754.04,10000.0,500,20.0,151,11.17,20.0,11,1,2008-11-18,2008-11-18,0,0,On-Time
248,Tanzania,PMO - US,Direct Drop,EXW,Air,HRDT,HIV test,"Standard Diagnostics, Inc.",3112.0,22856.02,200000.0,10000,20.0,63,7.34,20.0,11,2,2008-11-19,2008-11-19,0,0,On-Time
249,Botswana,PMO - US,Direct Drop,EXW,Air,HRDT,HIV test - Ancillary,Orasure Technologies Inc.,7.0,526.05,152.5,10,15.25,49,75.15,15.25,11,3,2008-11-20,2008-11-20,0,0,On-Time
250,Vietnam,PMO - US,Direct Drop,EXW,Air,ARV,Adult,Aurobindo Pharma Limited,331.0,2771.84,20680.0,880,23.5,120,8.37,23.5,11,4,2008-11-21,2008-11-21,0,0,On-Time
251,Vietnam,PMO - US,Direct Drop,CIP,Air,ARV,Pediatric,BRISTOL-MYERS SQUIBB,60.0,1516.05,1960.0,280,7.0,121,25.27,7.0,11,4,2008-11-21,2008-11-21,0,0,On-Time
252,Côte d'Ivoire,PMO - US,Direct Drop,EXW,Air,HRDT,HIV test,BIO-RAD LABORATORIES (FRANCE),679.0,9698.22,45828.0,603,76.0,67,14.28,76.0,11,0,2008-11-24,2008-11-24,0,0,On-Time
253,Haiti,PMO - US,Direct Drop,EXW,Air,HRDT,HIV test,"Trinity Biotech, Plc",54.0,871.57,11676.0,84,139.0,185,16.14,139.0,11,0,2008-11-24,2008-11-24,0,0,On-Time
254,Vietnam,PMO - US,Direct Drop,EXW,Air,ARV,Adult,Aurobindo Pharma Limited,159.0,2568.6,12540.0,1100,11.4,123,16.15,11.4,11,0,2008-11-24,2008-11-24,0,0,On-Time
255,Vietnam,PMO - US,Direct Drop,EXW,Air,ARV,Adult,MYLAN LABORATORIES LTD (FORMERLY MATRIX LABORATORIES),613.0,3247.73,85596.0,8400,10.19,124,5.3,10.19,11,1,2008-11-25,2008-11-25,0,0,On-Time
256,Vietnam,PMO - US,Direct Drop,EXW,Air,ARV,Adult,MYLAN LABORATORIES LTD (FORMERLY MATRIX LABORATORIES),1224.0,4686.88,171192.0,16800,10.19,126,3.83,10.19,11,3,2008-11-27,2008-11-27,0,0,On-Time
257,Vietnam,PMO - US,Direct Drop,EXW,Air,ARV,Adult,Aurobindo Pharma Limited,581.0,2653.27,17400.0,6000,2.9,24,4.57,2.9,11,3,2008-11-27,2008-11-27,0,0,On-Time
258,Botswana,PMO - US,Direct Drop,EXW,Air,HRDT,HIV test - Ancillary,"Trinity Biotech, Plc",1.0,578.01,450.0,15,30.0,57,578.0,30.0,11,4,2008-11-28,2008-11-28,0,0,On-Time
259,Vietnam,PMO - US,Direct Drop,EXW,Air,ARV,Adult,CIPLA LIMITED,128.0,2147.61,10440.0,1440,7.25,128,16.78,7.25,11,5,2008-11-29,2008-11-29,0,0,On-Time
260,Nigeria,PMO - US,Direct Drop,EXW,Air,HRDT,HIV test,"Orgenics, Ltd",1091.0,15045.56,289760.0,3622,80.0,33,13.79,80.0,12,1,2008-12-02,2008-12-02,0,0,On-Time
261,Vietnam,PMO - US,Direct Drop,FCA,Air,ARV,Adult,ABBVIE LOGISTICS (FORMERLY ABBOTT LOGISTICS BV),113.0,2709.98,35674.8,434,82.2,131,23.98,82.2,12,1,2008-12-02,2008-12-02,0,0,On-Time
262,Vietnam,PMO - US,Direct Drop,FCA,Air,ARV,Adult,ABBVIE LOGISTICS (FORMERLY ABBOTT LOGISTICS BV),9.0,2709.98,493.2,6,82.2,131,301.11,82.2,12,1,2008-12-02,2008-12-02,0,0,On-Time
263,Ethiopia,PMO - US,Direct Drop,EXW,Air,HRDT,HIV test,"SHANGHAI KEHUA BIOENGINEERING CO.,LTD.  (KHB)",2535.0,22433.91,80730.0,3510,23.0,37,8.85,23.0,12,2,2008-12-03,2008-12-03,0,0,On-Time
264,Ethiopia,PMO - US,Direct Drop,EXW,Air,HRDT,HIV test,"SHANGHAI KEHUA BIOENGINEERING CO.,LTD.  (KHB)",2535.0,23035.69,80730.0,3510,23.0,37,9.09,23.0,12,2,2008-12-03,2008-12-01,-2,0,On-Time
265,Ethiopia,PMO - US,Direct Drop,EXW,Air,HRDT,HIV test,"SHANGHAI KEHUA BIOENGINEERING CO.,LTD.  (KHB)",2535.0,23035.69,80730.0,3510,23.0,37,9.09,23.0,12,2,2008-12-03,2008-12-01,-2,0,On-Time
266,Ethiopia,PMO - US,Direct Drop,EXW,Air,HRDT,HIV test,"SHANGHAI KEHUA BIOENGINEERING CO.,LTD.  (KHB)",2509.0,22803.8,79810.0,3470,23.0,37,9.09,23.0,12,2,2008-12-03,2008-12-01,-2,0,On-Time
267,Vietnam,PMO - US,Direct Drop,EXW,Air,ARV,Adult,CIPLA LIMITED,323.0,2335.19,26448.0,3648,7.25,132,7.23,7.25,12,2,2008-12-03,2008-12-03,0,0,On-Time
268,Vietnam,PMO - US,Direct Drop,FCA,Air,ARV,Adult,ABBVIE LOGISTICS (FORMERLY ABBOTT LOGISTICS BV),259.0,2985.93,88776.0,1080,82.2,132,11.53,82.2,12,2,2008-12-03,2008-12-03,0,0,On-Time
269,Côte d'Ivoire,PMO - US,Direct Drop,EXW,Air,HRDT,HIV test,"Orgenics, Ltd",268.0,5243.53,82180.0,1174,70.0,78,19.57,70.0,12,4,2008-12-05,2008-12-05,0,0,On-Time
270,Uganda,PMO - US,Direct Drop,CIP,Air,ARV,Adult,BRISTOL-MYERS SQUIBB,2.0,378.0,917.0,50,18.34,53,189.0,18.34,12,1,2008-12-09,2008-12-09,0,0,On-Time
271,Côte d'Ivoire,PMO - US,Direct Drop,EXW,Air,HRDT,HIV test,BIO-RAD LABORATORIES (FRANCE),963.0,25080.52,65512.0,862,76.0,85,26.04,76.0,12,4,2008-12-12,2008-12-12,0,0,On-Time
272,Guyana,PMO - US,Direct Drop,EXW,Air,MRDT,Malaria,ZEPHYR BIOMEDICALS,34.0,648.27,4050.0,108,37.5,140,19.07,37.5,12,0,2008-12-15,2008-12-15,0,0,On-Time
273,Côte d'Ivoire,PMO - US,Direct Drop,EXW,Air,HRDT,HIV test,"Orgenics, Ltd",256.0,7118.12,78120.0,1116,70.0,294,27.81,70.0,12,4,2008-12-19,2008-12-19,0,0,On-Time
274,Namibia,PMO - US,Direct Drop,EXW,Air,HRDT,HIV test,"Trinity Biotech, Plc",278.0,7936.81,20800.0,650,32.0,69,28.55,32.0,12,0,2008-12-22,2008-12-22,0,0,On-Time
275,Mozambique,PMO - US,Direct Drop,EXW,Air,HRDT,HIV test,"Trinity Biotech, Plc",1651.0,23300.18,157312.0,4916,32.0,76,14.11,32.0,12,0,2008-12-29,2008-12-29,0,0,On-Time
276,Namibia,PMO - US,Direct Drop,EXW,Air,HRDT,HIV test,"Trinity Biotech, Plc",12.0,585.12,1120.0,35,32.0,82,48.76,32.0,1,2,2009-01-14,2009-01-14,0,0,On-Time
277,Nigeria,PMO - US,Direct Drop,EXW,Air,HRDT,HIV test,"CHEMBIO DIAGNOSTIC SYSTEMS, INC.",3039.0,24025.77,286038.0,10594,27.0,142,7.91,27.0,1,3,2009-01-15,2008-11-20,-56,0,On-Time
278,Tanzania,PMO - US,Direct Drop,EXW,Air,HRDT,HIV test,"Trinity Biotech, Plc",284.0,3261.37,26848.0,839,32.0,66,11.48,32.0,1,0,2009-01-19,2009-01-19,0,0,On-Time
279,Botswana,PMO - US,Direct Drop,EXW,Air,HRDT,HIV test,"Orgenics, Ltd",25.0,1038.39,7199.0,100,71.99,267,41.54,71.99,1,1,2009-01-20,2008-09-03,-139,0,On-Time
280,Côte d'Ivoire,PMO - US,Direct Drop,EXW,Air,ANTM,Malaria,IDA FOUNDATION,12.0,536.78,629.88,12,52.49,32,44.73,52.49,1,1,2009-01-20,2009-01-20,0,0,On-Time
281,Namibia,PMO - US,Direct Drop,EXW,Air,HRDT,HIV test,"Orgenics, Ltd",46.0,2946.64,10800.0,150,72.0,100,64.06,72.0,1,3,2009-01-22,2009-01-22,0,0,On-Time
282,Zimbabwe,PMO - US,Direct Drop,EXW,Air,HRDT,HIV test,"Orgenics, Ltd",414.0,5781.14,100498.04,1396,71.99,224,13.96,71.99,1,3,2009-01-22,2009-01-22,0,0,On-Time
283,Côte d'Ivoire,PMO - US,Direct Drop,EXW,Air,ACT,ACT,IDA FOUNDATION,1708.0,12830.91,9750.0,25000,0.39,142,7.51,0.39,1,4,2009-01-23,2009-01-23,0,0,On-Time
284,Côte d'Ivoire,PMO - US,Direct Drop,EXW,Air,ACT,ACT,IDA FOUNDATION,634.0,8530.29,17500.0,25000,0.7,142,13.45,0.7,1,4,2009-01-23,2009-01-23,0,0,On-Time
285,Namibia,PMO - US,Direct Drop,EXW,Air,HRDT,HIV test,"Orgenics, Ltd",9.0,1153.43,1500.0,20,75.0,101,128.16,75.0,1,4,2009-01-23,2009-01-23,0,0,On-Time
286,Zambia,PMO - US,Direct Drop,EXW,Air,HRDT,HIV test,"Standard Diagnostics, Inc.",100.0,1122.24,6380.0,319,20.0,113,11.22,20.0,1,4,2009-01-23,2009-01-23,0,0,On-Time
287,Ethiopia,PMO - US,Direct Drop,EXW,Air,HRDT,HIV test,"SHANGHAI KEHUA BIOENGINEERING CO.,LTD.  (KHB)",2509.0,19882.25,79810.0,3470,23.0,91,7.92,23.0,1,0,2009-01-26,2009-01-20,-6,0,On-Time
288,Ethiopia,PMO - US,Direct Drop,EXW,Air,HRDT,HIV test,"SHANGHAI KEHUA BIOENGINEERING CO.,LTD.  (KHB)",2535.0,20083.74,80730.0,3510,23.0,91,7.92,23.0,1,0,2009-01-26,2009-01-20,-6,0,On-Time
289,Ethiopia,PMO - US,Direct Drop,EXW,Air,HRDT,HIV test,"SHANGHAI KEHUA BIOENGINEERING CO.,LTD.  (KHB)",2535.0,20083.74,80730.0,3510,23.0,91,7.92,23.0,1,0,2009-01-26,2009-01-26,0,0,On-Time
290,Ethiopia,PMO - US,Direct Drop,EXW,Air,HRDT,HIV test,"SHANGHAI KEHUA BIOENGINEERING CO.,LTD.  (KHB)",2535.0,20083.74,80730.0,3510,23.0,91,7.92,23.0,1,0,2009-01-26,2009-01-26,0,0,On-Time
291,Ethiopia,PMO - US,Direct Drop,EXW,Air,HRDT,HIV test - Ancillary,"Orgenics, Ltd",400.0,4856.14,80000.0,10000,8.0,64,12.14,8.0,1,1,2009-01-27,2009-01-27,0,0,On-Time
292,Namibia,PMO - US,Direct Drop,EXW,Air,HRDT,HIV test,INVERNESS MEDICAL INNOVATIONS SOUTH AFRICA (PTY) LTD,3.0,963.34,225.0,3,75.0,68,321.11,75.0,1,1,2009-01-27,2009-01-27,0,0,On-Time
293,Ethiopia,PMO - US,Direct Drop,EXW,Air,HRDT,HIV test,"CHEMBIO DIAGNOSTIC SYSTEMS, INC.",3231.0,15619.2,242028.0,8964,27.0,100,4.83,27.0,1,4,2009-01-30,2008-11-24,-67,0,On-Time
294,Ethiopia,PMO - US,Direct Drop,EXW,Air,HRDT,HIV test,"CHEMBIO DIAGNOSTIC SYSTEMS, INC.",3061.0,15288.75,251775.0,9325,27.0,100,4.99,27.0,1,4,2009-01-30,2009-01-20,-10,0,On-Time
295,Ethiopia,PMO - US,Direct Drop,EXW,Air,HRDT,HIV test,"CHEMBIO DIAGNOSTIC SYSTEMS, INC.",1341.0,6112.63,100197.0,3711,27.0,100,4.56,27.0,1,4,2009-01-30,2009-01-30,0,0,On-Time
296,Guyana,PMO - US,Direct Drop,EXW,Air,HRDT,HIV test,"Orgenics, Ltd",60.0,1097.78,25272.0,351,72.0,49,18.3,72.0,1,4,2009-01-30,2009-01-23,-7,0,On-Time
297,Guyana,PMO - US,Direct Drop,EXW,Air,HRDT,HIV test,"Trinity Biotech, Plc",707.0,5926.53,66752.0,2086,32.0,50,8.38,32.0,1,4,2009-01-30,2009-01-30,0,0,On-Time
298,Nigeria,PMO - US,Direct Drop,EXW,Air,HRDT,HIV test,"Orgenics, Ltd",1584.0,22775.45,420720.0,5259,80.0,77,14.38,80.0,2,3,2009-02-05,2009-02-05,0,0,On-Time
299,Mozambique,PMO - US,Direct Drop,FCA,Air,HRDT,HIV test,Abbott GmbH & Co. KG,337.0,3499.18,80000.0,1000,80.0,172,10.38,80.0,2,1,2009-02-17,2009-02-17,0,0,On-Time
300,Côte d'Ivoire,PMO - US,Direct Drop,EXW,Air,HRDT,HIV test,"CHEMBIO DIAGNOSTIC SYSTEMS, INC.",84.0,1550.95,7803.0,289,27.0,357,18.46,27.0,2,2,2009-02-18,2009-02-18,0,0,On-Time
301,Ethiopia,PMO - US,Direct Drop,EXW,Air,HRDT,HIV test,"Trinity Biotech, Plc",844.0,8101.57,80000.0,2500,32.0,119,9.6,32.0,2,2,2009-02-18,2009-02-18,0,0,On-Time
302,Tanzania,PMO - US,Direct Drop,FCA,Air,ARV,Adult,ABBVIE LOGISTICS (FORMERLY ABBOTT LOGISTICS BV),3088.0,12937.16,513750.0,12500,41.1,55,4.19,41.1,2,0,2009-02-23,2009-02-23,0,0,On-Time
303,Vietnam,PMO - US,Direct Drop,EXW,Air,ARV,Adult,Aurobindo Pharma Limited,1044.0,3854.23,14774.4,6156,2.4,125,3.69,2.4,2,0,2009-02-23,2009-02-23,0,0,On-Time
304,Guyana,PMO - US,Direct Drop,EXW,Air,HRDT,HIV test,"CHEMBIO DIAGNOSTIC SYSTEMS, INC.",28.0,692.38,2700.0,100,27.0,64,24.73,27.0,2,2,2009-02-25,2009-01-27,-29,0,On-Time
305,Nigeria,PMO - US,Direct Drop,EXW,Air,ACT,ACT,IDA FOUNDATION,115.0,1755.87,1547.68,34,45.52,238,15.27,45.52,2,2,2009-02-25,2008-09-09,-169,0,On-Time
306,Vietnam,PMO - US,Direct Drop,EXW,Air,ARV,Adult,Aurobindo Pharma Limited,1068.0,3894.21,16718.4,6966,2.4,129,3.65,2.4,2,4,2009-02-27,2009-02-27,0,0,On-Time
307,Côte d'Ivoire,PMO - US,Direct Drop,EXW,Air,ANTM,Malaria,IDA FOUNDATION,5209.0,25405.22,2731.4,140,19.51,73,4.88,19.51,3,0,2009-03-02,2009-03-02,0,0,On-Time
308,Namibia,PMO - US,Direct Drop,EXW,Air,HRDT,HIV test,"Trinity Biotech, Plc",22.0,1003.52,2176.0,68,32.0,48,45.61,32.0,3,0,2009-03-02,2009-03-02,0,0,On-Time
309,Tanzania,PMO - US,Direct Drop,EXW,Air,HRDT,HIV test,"Trinity Biotech, Plc",554.0,4810.99,53696.0,1678,32.0,108,8.68,32.0,3,0,2009-03-02,2009-03-02,0,0,On-Time
310,Botswana,PMO - US,Direct Drop,EXW,Air,HRDT,HIV test,Orasure Technologies Inc.,12.0,810.85,1750.0,5,350.0,25,67.57,350.0,3,1,2009-03-03,2009-03-03,0,0,On-Time
311,Côte d'Ivoire,PMO - US,Direct Drop,EXW,Air,HRDT,HIV test,"CHEMBIO DIAGNOSTIC SYSTEMS, INC.",79.0,1104.69,7803.0,289,27.0,371,13.98,27.0,3,2,2009-03-04,2009-03-04,0,0,On-Time
312,Nigeria,PMO - US,Direct Drop,CIP,Air,ARV,Adult,MERCK SHARP & DOHME IDEA GMBH (FORMALLY MERCK SHARP & DOHME B.V.),169.0,924.4,100800.0,2000,50.4,168,5.47,50.4,3,1,2009-03-10,2008-11-24,-106,0,On-Time
313,Rwanda,PMO - US,Direct Drop,CIP,Air,ARV,Adult,CIPLA LIMITED,1698.0,16414.22,168896.0,18560,9.1,140,9.67,9.1,3,1,2009-03-10,2009-03-10,0,0,On-Time
314,Vietnam,PMO - US,Direct Drop,EXW,Air,ARV,Adult,Aurobindo Pharma Limited,105.0,865.6,10125.36,1176,8.61,140,8.24,8.61,3,1,2009-03-10,2009-03-10,0,0,On-Time
315,Namibia,PMO - US,Direct Drop,EXW,Air,HRDT,HIV test,"Trinity Biotech, Plc",236.0,6862.01,22400.0,700,32.0,58,29.08,32.0,3,4,2009-03-13,2009-03-13,0,0,On-Time
316,Haiti,PMO - US,Direct Drop,EXW,Air,HRDT,HIV test,"Orgenics, Ltd",382.0,3241.06,117600.0,1680,70.0,41,8.48,70.0,3,0,2009-03-16,2009-03-16,0,0,On-Time
317,Vietnam,PMO - US,Direct Drop,EXW,Air,ARV,Adult,Aurobindo Pharma Limited,211.0,892.5,20250.72,2352,8.61,146,4.23,8.61,3,0,2009-03-16,2009-03-16,0,0,On-Time
318,Guyana,PMO - US,Direct Drop,EXW,Air,HRDT,HIV test,"Trinity Biotech, Plc",355.0,4457.29,33984.0,1062,32.0,97,12.56,32.0,3,1,2009-03-17,2009-03-13,-4,0,On-Time
319,Guyana,PMO - US,Direct Drop,EXW,Air,HRDT,HIV test,"Orgenics, Ltd",64.0,1083.36,15336.0,213,72.0,96,16.93,72.0,3,1,2009-03-17,2009-03-17,0,0,On-Time
320,Zambia,PMO - US,Direct Drop,EXW,Air,HRDT,HIV test,"Orgenics, Ltd",1624.0,12646.15,395945.0,5500,71.99,167,7.79,71.99,3,2,2009-03-18,2009-03-18,0,0,On-Time
321,Côte d'Ivoire,PMO - US,Direct Drop,EXW,Air,HRDT,HIV test,"Standard Diagnostics, Inc.",206.0,2656.12,13180.0,659,20.0,381,12.89,20.0,3,3,2009-03-19,2009-03-19,0,0,On-Time
322,Côte d'Ivoire,PMO - US,Direct Drop,EXW,Air,HRDT,HIV test,"Standard Diagnostics, Inc.",206.0,2358.13,13180.0,659,20.0,381,11.45,20.0,3,3,2009-03-19,2009-03-19,0,0,On-Time
323,Mozambique,PMO - US,Direct Drop,EXW,Air,HRDT,HIV test,"Trinity Biotech, Plc",1906.0,23914.8,182400.0,5700,32.0,77,12.55,32.0,3,0,2009-03-23,2009-03-23,0,0,On-Time
324,Vietnam,PMO - US,Direct Drop,EXW,Air,ARV,Adult,CIPLA LIMITED,924.0,4225.93,72864.0,10560,6.9,66,4.57,6.9,3,0,2009-03-23,2009-03-23,0,0,On-Time
325,Côte d'Ivoire,PMO - US,Direct Drop,EXW,Air,HRDT,HIV test,"Orgenics, Ltd",453.0,8603.58,140000.0,2000,70.0,28,18.99,70.0,3,1,2009-03-24,2009-03-24,0,0,On-Time
326,Haiti,PMO - US,Direct Drop,EXW,Air,HRDT,HIV test,"Trinity Biotech, Plc",78.0,1953.6,15290.0,110,139.0,15,25.05,139.0,3,1,2009-03-24,2009-03-24,0,0,On-Time
327,Senegal,PMO - US,Direct Drop,EXW,Air,HRDT,HIV test,"Orgenics, Ltd",33.0,812.0,6800.0,80,85.0,47,24.61,85.0,3,2,2009-03-25,2009-03-25,0,0,On-Time
328,Vietnam,PMO - US,Direct Drop,CIP,Air,ARV,Pediatric,BRISTOL-MYERS SQUIBB,56.0,2246.81,3315.0,260,12.75,20,40.12,12.75,3,3,2009-03-26,2009-03-26,0,0,On-Time
329,Zambia,PMO - US,Direct Drop,EXW,Air,HRDT,HIV test,"Standard Diagnostics, Inc.",94.0,1205.43,6000.0,300,20.0,58,12.82,20.0,3,3,2009-03-26,2009-03-26,0,0,On-Time
330,Vietnam,PMO - US,Direct Drop,EXW,Air,ARV,Adult,CIPLA LIMITED,2165.0,4443.97,168912.0,24480,6.9,70,2.05,6.9,3,4,2009-03-27,2009-03-27,0,0,On-Time
331,Haiti,PMO - US,Direct Drop,CIP,Air,ARV,Pediatric,BRISTOL-MYERS SQUIBB,43.0,260.0,760.0,80,9.5,25,6.05,9.5,3,1,2009-03-31,2009-03-31,0,0,On-Time
332,Tanzania,PMO - US,Direct Drop,EXW,Air,HRDT,HIV test,"Orgenics, Ltd",337.0,4323.93,81504.0,1132,72.0,63,12.83,72.0,3,1,2009-03-31,2009-03-31,0,0,On-Time
333,Rwanda,PMO - US,Direct Drop,EXW,Air,HRDT,HIV test,"Orgenics, Ltd",88.0,3936.25,27020.0,386,70.0,42,44.73,70.0,4,2,2009-04-01,2009-04-01,0,0,On-Time
334,Haiti,PMO - US,Direct Drop,EXW,Air,ARV,Pediatric,Aurobindo Pharma Limited,187.0,1903.54,10500.0,2100,5.0,27,10.18,5.0,4,3,2009-04-02,2009-04-02,0,0,On-Time
335,Rwanda,PMO - US,Direct Drop,EXW,Air,HRDT,HIV test,"Trinity Biotech, Plc",385.0,6269.97,37216.0,1163,32.0,47,16.29,32.0,4,0,2009-04-06,2009-04-06,0,0,On-Time
336,Rwanda,PMO - US,Direct Drop,EXW,Air,HRDT,HIV test,"Trinity Biotech, Plc",320.0,3100.66,30816.0,963,32.0,47,9.69,32.0,4,0,2009-04-06,2009-04-06,0,0,On-Time
337,Haiti,PMO - US,Direct Drop,EXW,Air,ARV,Pediatric,Aurobindo Pharma Limited,96.0,1448.55,2782.08,1242,2.24,32,15.09,2.24,4,1,2009-04-07,2009-04-07,0,0,On-Time
338,Vietnam,PMO - US,Direct Drop,EXW,Air,ARV,Adult,Aurobindo Pharma Limited,2228.0,9809.7,21600.0,9000,2.4,81,4.4,2.4,4,1,2009-04-07,2009-04-07,0,0,On-Time
339,Nigeria,PMO - US,Direct Drop,EXW,Air,HRDT,HIV test,"Orgenics, Ltd",1723.0,22451.67,460080.0,5751,80.0,139,13.03,80.0,4,2,2009-04-08,2009-04-08,0,0,On-Time
340,Nigeria,PMO - US,Direct Drop,CIP,Air,ARV,Adult,MERCK SHARP & DOHME IDEA GMBH (FORMALLY MERCK SHARP & DOHME B.V.),2067.0,7933.38,1260000.0,25000,50.4,64,3.84,50.4,4,2,2009-04-08,2009-04-08,0,0,On-Time
341,Vietnam,PMO - US,Direct Drop,EXW,Air,ARV,Adult,MYLAN LABORATORIES LTD (FORMERLY MATRIX LABORATORIES),9.0,2793.62,1260.0,168,7.5,83,310.4,7.5,4,3,2009-04-09,2009-04-09,0,0,On-Time
342,Zambia,PMO - US,Direct Drop,EXW,Air,HRDT,HIV test,"Trinity Biotech, Plc",2657.0,25513.66,256000.0,8000,32.0,72,9.6,32.0,4,3,2009-04-09,2009-04-09,0,0,On-Time
343,Vietnam,PMO - US,Direct Drop,EXW,Air,ARV,Adult,Aurobindo Pharma Limited,3509.0,12835.2,51350.04,5964,8.61,84,3.66,8.61,4,4,2009-04-10,2009-04-10,0,0,On-Time
344,Vietnam,PMO - US,Direct Drop,EXW,Air,ARV,Adult,MYLAN LABORATORIES LTD (FORMERLY MATRIX LABORATORIES),18.0,2525.73,2520.0,336,7.5,85,140.32,7.5,4,5,2009-04-11,2009-04-11,0,0,On-Time
345,Mozambique,PMO - US,Direct Drop,EXW,Air,HRDT,HIV test,"Orgenics, Ltd",1417.0,13093.27,345600.0,4800,72.0,182,9.24,72.0,4,1,2009-04-14,2009-04-14,0,0,On-Time
346,Haiti,PMO - US,Direct Drop,FCA,Air,ARV,Pediatric,ABBVIE LOGISTICS (FORMERLY ABBOTT LOGISTICS BV),10.0,893.22,472.88,46,10.28,40,89.32,10.28,4,2,2009-04-15,2009-04-15,0,0,On-Time
347,Haiti,PMO - US,Direct Drop,FCA,Air,ARV,Adult,ABBVIE LOGISTICS (FORMERLY ABBOTT LOGISTICS BV),362.0,2490.67,60417.0,1470,41.1,40,6.88,41.1,4,2,2009-04-15,2009-04-15,0,0,On-Time
348,Haiti,PMO - US,Direct Drop,FCA,Air,ARV,Adult,ABBVIE LOGISTICS (FORMERLY ABBOTT LOGISTICS BV),9.0,807.28,411.0,10,41.1,40,89.7,41.1,4,2,2009-04-15,2009-04-15,0,0,On-Time
349,Haiti,PMO - US,Direct Drop,FCA,Air,ARV,Pediatric,ABBVIE LOGISTICS (FORMERLY ABBOTT LOGISTICS BV),7.0,810.36,143.92,14,10.28,42,115.77,10.28,4,2,2009-04-15,2009-04-15,0,0,On-Time
350,Botswana,PMO - US,Direct Drop,EXW,Air,HRDT,HIV test,Orasure Technologies Inc.,48.0,1119.99,7000.0,20,350.0,23,23.33,350.0,4,4,2009-04-17,2009-04-17,0,0,On-Time
351,Haiti,PMO - US,Direct Drop,FCA,Air,ARV,Pediatric,ABBVIE LOGISTICS (FORMERLY ABBOTT LOGISTICS BV),99.0,2704.58,2055.0,50,41.1,45,27.32,41.1,4,0,2009-04-20,2009-04-20,0,0,On-Time
352,Rwanda,PMO - US,Direct Drop,CIP,Air,ARV,Adult,CIPLA LIMITED,719.0,853.88,71344.0,7840,9.1,181,1.19,9.1,4,0,2009-04-20,2009-04-20,0,0,On-Time
353,Haiti,PMO - US,Direct Drop,EXW,Air,ARV,Adult,MYLAN LABORATORIES LTD (FORMERLY MATRIX LABORATORIES),32050.0,806.55,5040.0,560,9.0,46,0.03,9.0,4,1,2009-04-21,2009-04-21,0,0,On-Time
354,Rwanda,PMO - US,Direct Drop,CIP,Air,ARV,Adult,CIPLA LIMITED,2086.0,853.87,207043.2,22752,9.1,182,0.41,9.1,4,1,2009-04-21,2009-04-21,0,0,On-Time
355,Tanzania,PMO - US,Direct Drop,CIP,Air,ARV,Adult,MERCK SHARP & DOHME IDEA GMBH (FORMALLY MERCK SHARP & DOHME B.V.),4093.0,9339.0,2520000.0,50000,50.4,123,2.28,50.4,4,1,2009-04-21,2009-04-21,0,0,On-Time
356,Haiti,PMO - US,Direct Drop,EXW,Air,HRDT,HIV test,"Trinity Biotech, Plc",105.0,1894.41,20850.0,150,139.0,22,18.04,139.0,4,4,2009-04-24,2009-04-24,0,0,On-Time
357,Rwanda,PMO - US,Direct Drop,EXW,Air,HRDT,HIV test,Premier Medical Corporation Ltd.,2800.0,12595.81,185602.5,8249,22.5,69,4.5,22.5,4,1,2009-04-28,2009-04-28,0,0,On-Time
358,Rwanda,PMO - US,Direct Drop,EXW,Air,HRDT,HIV test,Premier Medical Corporation Ltd.,1320.0,15022.74,88020.0,3912,22.5,69,11.38,22.5,4,1,2009-04-28,2009-03-11,-48,0,On-Time
359,Uganda,PMO - US,Direct Drop,CIP,Air,ARV,Adult,BRISTOL-MYERS SQUIBB,3000.0,428.91,1100.4,60,18.34,46,0.14,18.34,5,0,2009-05-04,2009-05-04,0,0,On-Time
360,Côte d'Ivoire,PMO - US,Direct Drop,EXW,Air,HRDT,HIV test,"Orgenics, Ltd",341.0,9749.73,105000.0,1500,70.0,79,28.59,70.0,5,3,2009-05-14,2009-05-14,0,0,On-Time
361,Namibia,PMO - US,Direct Drop,DDP,Air,HRDT,HIV test,"Orgenics, Ltd",5.0,87.73,525.0,7,75.0,15,17.55,75.0,5,4,2009-05-15,2009-05-15,0,0,On-Time
362,Tanzania,PMO - US,Direct Drop,EXW,Air,HRDT,HIV test,"Trinity Biotech, Plc",277.0,3146.63,26848.0,839,32.0,166,11.36,32.0,5,6,2009-05-17,2009-05-17,0,0,On-Time
363,Guyana,PMO - US,Direct Drop,EXW,Air,HRDT,HIV test,"Trinity Biotech, Plc",675.0,8727.54,64832.0,2026,32.0,49,12.93,32.0,5,0,2009-05-18,2009-05-18,0,0,On-Time
364,Kenya,PMO - US,Direct Drop,EXW,Air,HRDT,HIV test,"Standard Diagnostics, Inc.",1558.0,11653.64,120000.0,5000,24.0,46,7.48,24.0,5,2,2009-05-20,2009-05-20,0,0,On-Time
365,Namibia,PMO - US,Direct Drop,EXW,Air,HRDT,HIV test,"Orgenics, Ltd",43.0,2760.11,12600.0,180,70.0,30,64.19,70.0,5,2,2009-05-20,2009-05-20,0,0,On-Time
366,Nigeria,PMO - US,Direct Drop,FCA,Air,ARV,Adult,ABBVIE LOGISTICS (FORMERLY ABBOTT LOGISTICS BV),69.0,1332.43,3000.3,73,41.1,49,19.31,41.1,5,2,2009-05-20,2009-05-20,0,0,On-Time
367,Mozambique,PMO - US,Direct Drop,EXW,Air,HRDT,HIV test,"Orgenics, Ltd",2655.0,25052.69,648000.0,9000,72.0,76,9.44,72.0,5,1,2009-05-26,2009-05-26,0,0,On-Time
368,Namibia,PMO - US,Direct Drop,EXW,Air,HRDT,HIV test,"Trinity Biotech, Plc",2261.0,17643.81,216320.0,6760,32.0,28,7.8,32.0,5,2,2009-05-27,2009-05-27,0,0,On-Time
369,Tanzania,PMO - US,Direct Drop,FCA,Air,ARV,Adult,ABBVIE LOGISTICS (FORMERLY ABBOTT LOGISTICS BV),3073.0,12815.42,516216.0,12560,41.1,111,4.17,41.1,5,2,2009-05-27,2009-05-27,0,0,On-Time
370,Tanzania,PMO - US,Direct Drop,FCA,Air,ARV,Pediatric,ABBVIE LOGISTICS (FORMERLY ABBOTT LOGISTICS BV),644.0,6668.61,21536.4,524,41.1,112,10.35,41.1,5,3,2009-05-28,2009-05-28,0,0,On-Time
371,Haiti,PMO - US,Direct Drop,EXW,Air,HRDT,HIV test,Orasure Technologies Inc.,132.0,3013.19,19250.0,55,350.0,62,22.83,350.0,6,2,2009-06-03,2009-06-03,0,0,On-Time
372,Guyana,PMO - US,Direct Drop,EXW,Air,HRDT,HIV test,"Orgenics, Ltd",130.0,1859.79,38250.0,425,90.0,66,14.31,90.0,6,4,2009-06-05,2009-06-05,0,0,On-Time
373,Namibia,PMO - US,Direct Drop,EXW,Air,HRDT,HIV test,"Trinity Biotech, Plc",205.0,6148.29,19200.0,600,32.0,46,29.99,32.0,6,4,2009-06-05,2009-06-05,0,0,On-Time
374,Namibia,PMO - US,Direct Drop,EXW,Air,ARV,Pediatric,Aurobindo Pharma Limited,98.0,1770.43,1072.0,800,1.34,31,18.07,1.34,6,0,2009-06-08,2009-06-08,0,0,On-Time
375,Vietnam,PMO - US,Direct Drop,EXW,Air,ARV,Adult,Aurobindo Pharma Limited,30.0,4111.71,1950.0,150,13.0,40,137.06,13.0,6,0,2009-06-08,2009-06-08,0,0,On-Time
376,Côte d'Ivoire,PMO - US,Direct Drop,EXW,Air,HRDT,HIV test,BIO-RAD LABORATORIES (FRANCE),158.0,4318.21,15400.0,140,110.0,41,27.33,110.0,6,1,2009-06-09,2009-06-09,0,0,On-Time
377,Côte d'Ivoire,PMO - US,Direct Drop,EXW,Air,HRDT,HIV test,BIO-RAD LABORATORIES (FRANCE),1073.0,8114.11,110000.0,1000,110.0,56,7.56,110.0,6,2,2009-06-10,2009-07-15,35,1,Delayed
378,Côte d'Ivoire,PMO - US,Direct Drop,EXW,Air,HRDT,HIV test,BIO-RAD LABORATORIES (FRANCE),534.0,9471.52,52360.0,476,110.0,56,17.74,110.0,6,2,2009-06-10,2009-06-09,-1,0,On-Time
379,Côte d'Ivoire,PMO - US,Direct Drop,EXW,Air,HRDT,HIV test,BIO-RAD LABORATORIES (FRANCE),20.0,2199.43,1980.0,18,110.0,56,109.97,110.0,6,2,2009-06-10,2009-06-17,7,1,Delayed
380,Botswana,PMO - US,Direct Drop,EXW,Air,HRDT,HIV test,Orasure Technologies Inc.,12.0,684.42,1750.0,5,350.0,16,57.03,350.0,6,4,2009-06-12,2009-07-10,28,1,Delayed
381,Botswana,PMO - US,Direct Drop,EXW,Air,HRDT,HIV test,Orasure Technologies Inc.,3.0,597.43,350.0,1,350.0,16,199.14,350.0,6,4,2009-06-12,2009-06-12,0,0,On-Time
382,Namibia,PMO - US,Direct Drop,EXW,Air,HRDT,HIV test,"Orgenics, Ltd",195.0,2008.54,56000.0,800,70.0,49,10.3,70.0,6,0,2009-06-15,2009-06-15,0,0,On-Time
383,Tanzania,PMO - US,Direct Drop,CIP,Air,ARV,Adult,MERCK SHARP & DOHME IDEA GMBH (FORMALLY MERCK SHARP & DOHME B.V.),2462.0,3451.41,1258135.2,24963,50.4,167,1.4,50.4,6,0,2009-06-15,2009-06-15,0,0,On-Time
384,Kenya,PMO - US,Direct Drop,EXW,Air,HRDT,HIV test,"Trinity Biotech, Plc",2.0,12561.4,160.0,5,32.0,75,6280.67,32.0,6,3,2009-06-18,2009-06-18,0,0,On-Time
385,Kenya,PMO - US,Direct Drop,EXW,Air,HRDT,HIV test,"Trinity Biotech, Plc",4995.0,275.0,159840.0,4995,32.0,75,0.06,32.0,6,3,2009-06-18,2009-06-18,0,0,On-Time
386,Botswana,PMO - US,Direct Drop,EXW,Air,HRDT,HIV test,"Trinity Biotech, Plc",25.0,808.0,2400.0,75,32.0,32,32.32,32.0,6,4,2009-06-19,2009-06-19,0,0,On-Time
387,Nigeria,PMO - US,Direct Drop,EXW,Air,HRDT,HIV test,"Orgenics, Ltd",445.0,7120.0,120000.0,1500,80.0,76,16.0,80.0,6,2,2009-06-24,2009-06-08,-16,0,On-Time
388,Nigeria,PMO - US,Direct Drop,EXW,Air,HRDT,HIV test,"Orgenics, Ltd",1920.0,30697.91,511440.0,6393,80.0,41,15.99,80.0,6,2,2009-06-24,2009-06-24,0,0,On-Time
389,Namibia,PMO - US,Direct Drop,EXW,Air,HRDT,HIV test,"Trinity Biotech, Plc",79.0,1736.18,7040.0,220,32.0,27,21.98,32.0,6,0,2009-06-29,2009-06-29,0,0,On-Time
390,Namibia,PMO - US,Direct Drop,EXW,Air,HRDT,HIV test,"Trinity Biotech, Plc",41.0,1862.27,3840.0,120,32.0,25,45.42,32.0,6,0,2009-06-29,2009-06-29,0,0,On-Time
391,Côte d'Ivoire,PMO - US,Direct Drop,FCA,Air,ARV,Adult,ABBVIE LOGISTICS (FORMERLY ABBOTT LOGISTICS BV),2523.0,14806.48,420864.0,10240,41.1,92,5.87,41.1,6,1,2009-06-30,2009-06-30,0,0,On-Time
392,Côte d'Ivoire,PMO - US,Direct Drop,EXW,Air,HRDT,HIV test,"Standard Diagnostics, Inc.",136.0,2094.08,10000.0,500,20.0,90,15.4,20.0,7,2,2009-07-01,2009-07-01,0,0,On-Time
393,Guyana,PMO - US,Direct Drop,EXW,Air,HRDT,HIV test,"Orgenics, Ltd",87.0,1205.7,24840.0,276,90.0,93,13.86,90.0,7,2,2009-07-01,2009-07-01,0,0,On-Time
394,Haiti,PMO - US,Direct Drop,EXW,Air,HRDT,HIV test,"Trinity Biotech, Plc",2.0,1800.33,417.0,3,139.0,545,900.16,139.0,7,0,2009-07-06,2009-07-06,0,0,On-Time
395,Haiti,PMO - US,Direct Drop,EXW,Air,HRDT,HIV test,Orasure Technologies Inc.,144.0,4185.29,21000.0,60,350.0,95,29.06,350.0,7,0,2009-07-06,2009-07-06,0,0,On-Time
396,Uganda,PMO - US,Direct Drop,CIP,Air,ARV,Adult,BRISTOL-MYERS SQUIBB,4.0,390.81,1540.56,84,18.34,56,97.7,18.34,7,0,2009-07-06,2009-07-06,0,0,On-Time
397,Botswana,PMO - US,Direct Drop,EXW,Air,HRDT,HIV test,"Orgenics, Ltd",4.0,383.65,1050.0,15,70.0,50,95.91,70.0,7,1,2009-07-07,2009-07-07,0,0,On-Time
398,Guyana,PMO - US,Direct Drop,EXW,Air,HRDT,HIV test,"Trinity Biotech, Plc",468.0,5733.61,43872.0,1371,32.0,100,12.25,32.0,7,3,2009-07-09,2009-07-09,0,0,On-Time
399,Botswana,PMO - US,Direct Drop,EXW,Air,HRDT,HIV test,Orasure Technologies Inc.,48.0,684.42,7000.0,20,350.0,107,14.26,350.0,7,4,2009-07-10,2009-07-10,0,0,On-Time
400,Botswana,PMO - US,Direct Drop,EXW,Air,HRDT,HIV test,"Orgenics, Ltd",274.0,3321.08,84000.0,1200,70.0,71,12.12,70.0,7,4,2009-07-10,2009-07-10,0,0,On-Time
401,Botswana,PMO - US,Direct Drop,EXW,Air,HRDT,HIV test,"Trinity Biotech, Plc",56.0,1060.43,4416.0,138,32.0,45,18.94,32.0,7,4,2009-07-10,2009-07-10,0,0,On-Time
402,Kenya,PMO - US,Direct Drop,EXW,Air,HRDT,HIV test,"Orgenics, Ltd",2215.0,16835.31,600000.0,7500,80.0,97,7.6,80.0,7,4,2009-07-10,2009-07-10,0,0,On-Time
403,Kenya,PMO - US,Direct Drop,EXW,Air,HRDT,HIV test,"Orgenics, Ltd",2215.0,17974.69,600000.0,7500,80.0,57,8.11,80.0,7,4,2009-07-10,2009-08-28,49,1,Delayed
404,Vietnam,PMO - US,Direct Drop,EXW,Air,ARV,Adult,Aurobindo Pharma Limited,1804.0,6341.88,39025.0,3500,11.15,72,3.52,11.15,7,4,2009-07-10,2009-07-10,0,0,On-Time
405,Vietnam,PMO - US,Direct Drop,EXW,Air,ARV,Adult,Aurobindo Pharma Limited,1815.0,9931.49,23142.0,15960,1.45,72,5.47,1.45,7,4,2009-07-10,2009-07-10,0,0,On-Time
406,Zambia,PMO - US,Direct Drop,EXW,Air,HRDT,HIV test,"Trinity Biotech, Plc",2379.0,21686.21,224000.0,7000,32.0,99,9.12,32.0,7,4,2009-07-10,2009-07-10,0,0,On-Time
407,Vietnam,PMO - US,Direct Drop,EXW,Air,ARV,Adult,CIPLA LIMITED,1899.0,5209.46,130896.0,19392,6.75,73,2.74,6.75,7,5,2009-07-11,2009-07-11,0,0,On-Time
408,Côte d'Ivoire,PMO - US,Direct Drop,EXW,Air,HRDT,HIV test,"Orgenics, Ltd",182.0,3272.6,56000.0,800,70.0,48,17.98,70.0,7,1,2009-07-14,2009-07-14,0,0,On-Time
409,Nigeria,PMO - US,Direct Drop,FCA,Air,ARV,Adult,ABBVIE LOGISTICS (FORMERLY ABBOTT LOGISTICS BV),309.0,3777.93,83844.0,2040,41.1,98,12.23,41.1,7,1,2009-07-14,2009-07-14,0,0,On-Time
410,Vietnam,PMO - US,Direct Drop,FCA,Air,ARV,Adult,ABBVIE LOGISTICS (FORMERLY ABBOTT LOGISTICS BV),48.0,3366.04,613.76,8,76.72,79,70.13,76.72,7,4,2009-07-17,2009-07-17,0,0,On-Time
411,Rwanda,PMO - US,Direct Drop,CIP,Air,ARV,Adult,MYLAN LABORATORIES LTD (FORMERLY MATRIX LABORATORIES),3393.0,30661.5,317528.28,26932,11.79,96,9.04,11.79,7,0,2009-07-20,2009-07-20,0,0,On-Time
412,Vietnam,PMO - US,Direct Drop,EXW,Air,ARV,Adult,CIPLA LIMITED,3479.0,10048.1,240408.0,35616,6.75,83,2.89,6.75,7,1,2009-07-21,2009-07-21,0,0,On-Time
413,Côte d'Ivoire,PMO - US,Direct Drop,FCA,Air,ARV,Adult,ABBVIE LOGISTICS (FORMERLY ABBOTT LOGISTICS BV),175.0,7642.97,15344.0,400,38.36,114,43.67,38.36,7,2,2009-07-22,2009-07-22,0,0,On-Time
414,Zambia,PMO - US,Direct Drop,EXW,Air,HRDT,HIV test,"Orgenics, Ltd",1330.0,11559.65,324000.0,4500,72.0,112,8.69,72.0,7,3,2009-07-23,2009-07-23,0,0,On-Time
415,Rwanda,PMO - US,Direct Drop,CIP,Air,ARV,Adult,HETERO LABS LIMITED,4482.0,37404.74,386384.88,55356,6.98,101,8.35,6.98,7,5,2009-07-25,2009-07-25,0,0,On-Time
416,Namibia,PMO - US,Direct Drop,EXW,Air,HRDT,HIV test,"Orgenics, Ltd",6.0,868.31,1680.0,24,70.0,52,144.72,70.0,7,0,2009-07-27,2009-07-27,0,0,On-Time
417,Vietnam,PMO - US,Direct Drop,CIP,Air,ARV,Pediatric,BRISTOL-MYERS SQUIBB,148.0,14.36,2800.0,400,7.0,62,0.1,7.0,7,1,2009-07-28,2009-07-28,0,0,On-Time
418,Namibia,PMO - US,Direct Drop,EXW,Air,HRDT,HIV test,"Orgenics, Ltd",47.0,2681.23,10800.0,150,72.0,58,57.05,72.0,7,2,2009-07-29,2009-07-29,0,0,On-Time
419,Tanzania,PMO - US,Direct Drop,FCA,Air,ARV,Adult,Hoffmann-La Roche ltd Basel,424.0,3310.89,73074.13,820,89.11,63,7.81,89.11,7,3,2009-07-30,2009-07-30,0,0,On-Time
420,Vietnam,PMO - US,Direct Drop,EXW,Air,ARV,Adult,MYLAN LABORATORIES LTD (FORMERLY MATRIX LABORATORIES),524.0,4453.71,42588.0,6552,6.5,96,8.5,6.5,8,0,2009-08-03,2009-08-03,0,0,On-Time
421,Vietnam,PMO - US,Direct Drop,EXW,Air,ARV,Adult,MYLAN LABORATORIES LTD (FORMERLY MATRIX LABORATORIES),1775.0,5761.87,146328.0,22512,6.5,96,3.25,6.5,8,0,2009-08-03,2009-08-03,0,0,On-Time
422,Namibia,PMO - US,Direct Drop,EXW,Air,ARV,Pediatric,CIPLA LIMITED,53.0,571.53,1651.2,688,2.4,51,10.78,2.4,8,2,2009-08-05,2009-08-05,0,0,On-Time
423,Guyana,PMO - US,Direct Drop,CIP,Air,ARV,Adult,ABBOTT LABORATORIES (PUERTO RICO),589.0,314.0,224625.27,2733,82.19,23,0.53,82.19,8,4,2009-08-07,2009-08-07,0,0,On-Time
424,Kenya,PMO - US,Direct Drop,EXW,Air,HRDT,HIV test,"Orgenics, Ltd",2215.0,17974.65,600000.0,7500,80.0,85,8.11,80.0,8,4,2009-08-07,2009-08-28,21,1,Delayed
425,Kenya,PMO - US,Direct Drop,EXW,Air,HRDT,HIV test,"Orgenics, Ltd",2215.0,17662.98,600000.0,7500,80.0,123,7.97,80.0,8,4,2009-08-07,2009-08-07,0,0,On-Time
426,Rwanda,PMO - US,Direct Drop,CIP,Air,ARV,Adult,HETERO LABS LIMITED,550.0,3054.13,28737.0,9300,3.09,25,5.55,3.09,8,0,2009-08-10,2009-08-10,0,0,On-Time
427,Tanzania,PMO - US,Direct Drop,FCA,Air,ARV,Adult,ABBVIE LOGISTICS (FORMERLY ABBOTT LOGISTICS BV),2724.0,12620.12,438948.0,10680,41.1,187,4.63,41.1,8,1,2009-08-11,2009-08-11,0,0,On-Time
428,Tanzania,PMO - US,Direct Drop,CIP,Air,ARV,Adult,BRISTOL-MYERS SQUIBB,363.0,777.0,71010.0,3000,23.67,43,2.14,23.67,8,1,2009-08-11,2009-08-11,0,0,On-Time
429,Rwanda,PMO - US,Direct Drop,CIP,Air,ARV,Adult,HETERO LABS LIMITED,2268.0,19023.36,195677.32,28034,6.98,28,8.39,6.98,8,2,2009-08-12,2009-08-12,0,0,On-Time
430,Rwanda,PMO - US,Direct Drop,EXW,Air,HRDT,HIV test,"Trinity Biotech, Plc",88.0,3997.31,8000.0,250,32.0,43,45.42,32.0,8,4,2009-08-14,2009-08-14,0,0,On-Time
431,Côte d'Ivoire,PMO - US,Direct Drop,EXW,Air,HRDT,HIV test,"Standard Diagnostics, Inc.",560.0,5180.34,43200.0,1800,24.0,41,9.25,24.0,8,0,2009-08-17,2009-08-17,0,0,On-Time
432,Guyana,PMO - US,Direct Drop,EXW,Air,ARV,Adult,"PUETRO RICO PHARMACEUTICAL, INC.",390.0,2748.16,147931.0,4900,30.19,49,7.05,30.19,8,0,2009-08-17,2009-08-17,0,0,On-Time
433,Namibia,PMO - US,Direct Drop,EXW,Air,ARV,Pediatric,CIPLA LIMITED,251.0,1484.75,3800.0,2000,1.9,102,5.92,1.9,8,1,2009-08-18,2009-08-18,0,0,On-Time
434,Nigeria,PMO - US,Direct Drop,EXW,Air,HRDT,HIV test,"Orgenics, Ltd",1915.0,24514.33,511600.0,6395,80.0,131,12.8,80.0,8,1,2009-08-18,2009-08-18,0,0,On-Time
435,Côte d'Ivoire,PMO - US,Direct Drop,FCA,Air,ARV,Pediatric,ABBVIE LOGISTICS (FORMERLY ABBOTT LOGISTICS BV),99.0,1939.99,2055.0,50,41.1,147,19.6,41.1,8,0,2009-08-24,2009-08-24,0,0,On-Time
436,Namibia,PMO - US,Direct Drop,EXW,Air,HRDT,HIV test,"Orgenics, Ltd",37.0,2541.8,10500.0,150,70.0,31,68.7,70.0,8,1,2009-08-25,2009-08-25,0,0,On-Time
437,Haiti,PMO - US,Direct Drop,EXW,Air,HRDT,HIV test,"Trinity Biotech, Plc",113.0,2486.15,20850.0,150,139.0,151,22.0,139.0,8,0,2009-08-31,2009-08-31,0,0,On-Time
438,Namibia,PMO - US,Direct Drop,EXW,Air,HRDT,HIV test,"Trinity Biotech, Plc",265.0,2906.31,24000.0,750,32.0,37,10.97,32.0,8,0,2009-08-31,2009-08-31,0,0,On-Time
439,Namibia,PMO - US,Direct Drop,EXW,Air,HRDT,HIV test,"Orgenics, Ltd",48.0,401.97,5025.0,67,75.0,106,8.37,75.0,9,1,2009-09-01,2009-09-01,0,0,On-Time
440,Namibia,PMO - US,Direct Drop,EXW,Air,HRDT,HIV test,"Orgenics, Ltd",4.0,133.25,300.0,4,75.0,89,33.31,75.0,9,1,2009-09-01,2009-09-01,0,0,On-Time
441,Namibia,PMO - US,Direct Drop,EXW,Air,HRDT,HIV test,"Orgenics, Ltd",25.0,238.56,2475.0,33,75.0,120,9.54,75.0,9,1,2009-09-01,2009-09-01,0,0,On-Time
442,Zimbabwe,PMO - US,Direct Drop,EXW,Air,HRDT,HIV test,"Standard Diagnostics, Inc.",624.0,4756.06,40000.0,2000,20.0,42,7.62,20.0,9,1,2009-09-01,2009-09-01,0,0,On-Time
443,Nigeria,PMO - US,Direct Drop,EXW,Air,ACT,ACT,MISSIONPHARMA A/S,1250.0,17170.07,70420.0,2000,35.21,146,13.74,35.21,9,3,2009-09-03,2009-09-03,0,0,On-Time
444,Nigeria,PMO - US,Direct Drop,FCA,Air,ARV,Adult,ABBVIE LOGISTICS (FORMERLY ABBOTT LOGISTICS BV),1246.0,10490.77,205500.0,5000,41.1,52,8.42,41.1,9,3,2009-09-03,2009-09-03,0,0,On-Time
445,Zimbabwe,PMO - US,Direct Drop,EXW,Air,HRDT,HIV test,"Orgenics, Ltd",324.0,3791.81,72000.0,1000,72.0,44,11.7,72.0,9,0,2009-09-07,2009-09-07,0,0,On-Time
446,Mozambique,PMO - US,Direct Drop,EXW,Air,HRDT,HIV test,"Trinity Biotech, Plc",1650.0,23167.84,134400.0,4200,32.0,45,14.04,32.0,9,1,2009-09-08,2009-09-08,0,0,On-Time
447,Namibia,PMO - US,Direct Drop,EXW,Air,HRDT,HIV test,"Orgenics, Ltd",760.0,5213.02,71250.0,950,75.0,113,6.86,75.0,9,1,2009-09-08,2009-09-08,0,0,On-Time
448,Rwanda,PMO - US,Direct Drop,CIP,Air,ARV,Adult,HETERO LABS LIMITED,708.0,3891.2,37080.0,12000,3.09,54,5.5,3.09,9,1,2009-09-08,2009-09-08,0,0,On-Time
449,Tanzania,PMO - US,Direct Drop,FCA,Air,ARV,Adult,ABBVIE LOGISTICS (FORMERLY ABBOTT LOGISTICS BV),325.0,2278.11,6137.6,160,38.36,78,7.01,38.36,9,2,2009-09-09,2009-09-09,0,0,On-Time
450,Côte d'Ivoire,PMO - US,Direct Drop,EXW,Air,HRDT,HIV test,"CHEMBIO DIAGNOSTIC SYSTEMS, INC.",205.0,1437.4,9450.0,350,27.0,66,7.01,27.0,9,4,2009-09-11,2009-09-11,0,0,On-Time
451,Kenya,PMO - US,Direct Drop,EXW,Air,HRDT,HIV test,"Trinity Biotech, Plc",170.0,2865.63,16000.0,500,32.0,42,16.86,32.0,9,4,2009-09-11,2009-09-11,0,0,On-Time
452,Vietnam,PMO - US,Direct Drop,FCA,Air,ARV,Adult,ABBVIE LOGISTICS (FORMERLY ABBOTT LOGISTICS BV),188.0,1088.79,62472.0,760,82.2,59,5.79,82.2,9,4,2009-09-11,2009-09-11,0,0,On-Time
453,Rwanda,PMO - US,Direct Drop,CIP,Air,ARV,Adult,MYLAN LABORATORIES LTD (FORMERLY MATRIX LABORATORIES),3080.0,33235.44,348624.0,38736,9.0,152,10.79,9.0,9,0,2009-09-14,2009-09-14,0,0,On-Time
454,Côte d'Ivoire,PMO - US,Direct Drop,EXW,Air,HRDT,HIV test,BIO-RAD LABORATORIES (FRANCE),1101.0,8074.03,110000.0,1000,110.0,153,7.33,110.0,9,1,2009-09-15,2009-09-15,0,0,On-Time
455,Côte d'Ivoire,PMO - US,Direct Drop,EXW,Air,HRDT,HIV test,"Orgenics, Ltd",893.0,12858.12,245000.0,3500,70.0,68,14.4,70.0,9,1,2009-09-15,2009-09-15,0,0,On-Time
456,Vietnam,PMO - US,Direct Drop,FCA,Air,ARV,Adult,ABBVIE LOGISTICS (FORMERLY ABBOTT LOGISTICS BV),83.0,436.86,46032.0,560,82.2,63,5.26,82.2,9,1,2009-09-15,2009-09-15,0,0,On-Time
457,Haiti,PMO - US,Direct Drop,EXW,Air,HRDT,HIV test,Orasure Technologies Inc.,144.0,3128.19,21000.0,60,350.0,167,21.72,350.0,9,2,2009-09-16,2009-09-16,0,0,On-Time
458,Rwanda,PMO - US,Direct Drop,CIP,Air,ARV,Adult,MYLAN LABORATORIES LTD (FORMERLY MATRIX LABORATORIES),7278.0,61925.7,641753.28,54432,11.79,159,8.51,11.79,9,0,2009-09-21,2009-09-21,0,0,On-Time
459,Guyana,PMO - US,Direct Drop,EXW,Air,HRDT,HIV test,"Trinity Biotech, Plc",885.0,11057.25,81632.0,2551,32.0,24,12.49,32.0,9,3,2009-09-24,2009-09-24,0,0,On-Time
460,Mozambique,PMO - US,Direct Drop,EXW,Air,HRDT,HIV test,"Trinity Biotech, Plc",1265.0,18937.3,118400.0,3700,32.0,44,14.97,32.0,9,3,2009-09-24,2009-09-24,0,0,On-Time
461,Tanzania,PMO - US,Direct Drop,FCA,Air,ARV,Adult,Hoffmann-La Roche ltd Basel,2666.0,16751.58,461436.41,5178,89.11,120,6.28,89.11,9,4,2009-09-25,2009-09-25,0,0,On-Time
462,Vietnam,PMO - US,Direct Drop,EXW,Air,ARV,Adult,MYLAN LABORATORIES LTD (FORMERLY MATRIX LABORATORIES),383.0,1162.52,22932.0,3528,6.5,91,3.04,6.5,9,0,2009-09-28,2009-09-28,0,0,On-Time
463,Mozambique,PMO - US,Direct Drop,EXW,Air,HRDT,HIV test,"Trinity Biotech, Plc",1462.0,23097.81,134400.0,4200,32.0,66,15.8,32.0,9,1,2009-09-29,2009-09-29,0,0,On-Time
464,Vietnam,PMO - US,Direct Drop,FCA,Air,ARV,Adult,ABBVIE LOGISTICS (FORMERLY ABBOTT LOGISTICS BV),88.0,823.94,26304.0,320,82.2,48,9.36,82.2,9,1,2009-09-29,2009-09-29,0,0,On-Time
465,Nigeria,PMO - US,Direct Drop,CIP,Air,ARV,Adult,BRISTOL-MYERS SQUIBB,11.0,463.0,4734.0,200,23.67,210,42.09,23.67,9,2,2009-09-30,2009-09-30,0,0,On-Time
466,Vietnam,PMO - US,Direct Drop,EXW,Air,ARV,Adult,MYLAN LABORATORIES LTD (FORMERLY MATRIX LABORATORIES),1849.0,4191.83,139776.0,21504,6.5,93,2.27,6.5,9,2,2009-09-30,2009-09-30,0,0,On-Time
467,Vietnam,PMO - US,Direct Drop,FCA,Air,ARV,Adult,ABBVIE LOGISTICS (FORMERLY ABBOTT LOGISTICS BV),209.0,954.38,115080.0,1400,82.2,50,4.57,82.2,10,3,2009-10-01,2009-10-01,0,0,On-Time
468,Haiti,PMO - US,Direct Drop,FCA,Air,ARV,Pediatric,ABBVIE LOGISTICS (FORMERLY ABBOTT LOGISTICS BV),17.0,693.54,925.2,90,10.28,48,40.8,10.28,10,1,2009-10-06,2009-10-06,0,0,On-Time
469,Haiti,PMO - US,Direct Drop,EXW,Air,HRDT,HIV test,Orasure Technologies Inc.,480.0,9334.68,70000.0,200,350.0,36,19.45,350.0,10,2,2009-10-07,2009-10-07,0,0,On-Time
470,Côte d'Ivoire,PMO - US,Direct Drop,FCA,Air,ARV,Adult,ABBVIE LOGISTICS (FORMERLY ABBOTT LOGISTICS BV),4794.0,28238.31,415116.8,11480,36.16,45,5.89,36.16,10,3,2009-10-08,2009-10-08,0,0,On-Time
471,Kenya,PMO - US,Direct Drop,EXW,Air,HRDT,HIV test,"Trinity Biotech, Plc",682.0,7258.89,64000.0,2000,32.0,40,10.64,32.0,10,1,2009-10-13,2009-10-13,0,0,On-Time
472,Kenya,PMO - US,Direct Drop,EXW,Air,HRDT,HIV test,"Orgenics, Ltd",32.0,1555.21,8000.0,100,80.0,71,48.6,80.0,10,1,2009-10-13,2009-10-13,0,0,On-Time
473,Côte d'Ivoire,PMO - US,Direct Drop,FCA,Air,ARV,Adult,ABBVIE LOGISTICS (FORMERLY ABBOTT LOGISTICS BV),546.0,8956.05,11508.0,300,38.36,53,16.4,38.36,10,4,2009-10-16,2009-10-16,0,0,On-Time
474,Guyana,PMO - US,Direct Drop,EXW,Air,HRDT,HIV test,"Orgenics, Ltd",67.0,4400.85,36504.0,507,72.0,46,65.68,72.0,10,4,2009-10-16,2009-10-16,0,0,On-Time
475,Nigeria,PMO - US,Direct Drop,FCA,Air,ARV,Adult,ABBVIE LOGISTICS (FORMERLY ABBOTT LOGISTICS BV),130.0,1599.22,18080.0,500,36.16,65,12.3,36.16,10,4,2009-10-16,2009-10-16,0,0,On-Time
476,Rwanda,PMO - US,Direct Drop,CIP,Air,ARV,Adult,Aurobindo Pharma Limited,62.0,1060.35,8253.91,427,19.33,95,17.1,19.33,10,0,2009-10-19,2009-10-19,0,0,On-Time
477,Uganda,PMO - US,Direct Drop,FCA,Air,ARV,Adult,ABBVIE LOGISTICS (FORMERLY ABBOTT LOGISTICS BV),36.0,1025.69,4339.2,120,36.16,40,28.49,36.16,10,1,2009-10-20,2009-10-20,0,0,On-Time
478,Uganda,PMO - US,Direct Drop,FCA,Air,ARV,Adult,ABBVIE LOGISTICS (FORMERLY ABBOTT LOGISTICS BV),126.0,1360.34,17356.8,480,36.16,40,10.8,36.16,10,1,2009-10-20,2009-10-20,0,0,On-Time
479,Tanzania,PMO - US,Direct Drop,CIP,Air,ARV,Adult,BRISTOL-MYERS SQUIBB,335.0,888.0,23670.0,1000,23.67,114,2.65,23.67,10,2,2009-10-21,2009-10-21,0,0,On-Time
480,Côte d'Ivoire,PMO - US,Direct Drop,FCA,Air,ARV,Adult,ABBVIE LOGISTICS (FORMERLY ABBOTT LOGISTICS BV),546.0,4901.51,11508.0,300,38.36,42,8.98,38.36,10,4,2009-10-23,2009-10-23,0,0,On-Time
481,Côte d'Ivoire,PMO - US,Direct Drop,FCA,Air,ARV,Adult,ABBVIE LOGISTICS (FORMERLY ABBOTT LOGISTICS BV),3080.0,18459.58,454169.6,12560,36.16,42,5.99,36.16,10,4,2009-10-23,2009-10-23,0,0,On-Time
482,Kenya,PMO - US,Direct Drop,EXW,Air,HRDT,HIV test,"Standard Diagnostics, Inc.",3733.0,29039.18,288000.0,12000,24.0,50,7.78,24.0,10,4,2009-10-23,2009-10-23,0,0,On-Time
483,Vietnam,PMO - US,Direct Drop,EXW,Air,ARV,Adult,Aurobindo Pharma Limited,1015.0,3796.95,8678.88,1008,8.61,119,3.74,8.61,10,4,2009-10-23,2009-10-23,0,0,On-Time
484,Uganda,PMO - US,Direct Drop,EXW,Air,ARV,Adult,ASPEN PHARMACARE,16.0,1000.94,10080.0,112,90.0,42,62.56,90.0,10,0,2009-10-26,2009-10-26,0,0,On-Time
485,Vietnam,PMO - US,Direct Drop,EXW,Air,ARV,Adult,MYLAN LABORATORIES LTD (FORMERLY MATRIX LABORATORIES),110.0,791.43,13860.0,1680,8.25,73,7.19,8.25,10,0,2009-10-26,2009-10-26,0,0,On-Time
486,Vietnam,PMO - US,Direct Drop,EXW,Air,ARV,Adult,Aurobindo Pharma Limited,3099.0,5018.69,94775.0,8500,11.15,122,1.62,11.15,10,0,2009-10-26,2009-10-26,0,0,On-Time
487,Namibia,PMO - US,Direct Drop,EXW,Air,HRDT,HIV test,"Trinity Biotech, Plc",345.0,8858.67,32000.0,1000,32.0,46,25.68,32.0,10,1,2009-10-27,2009-10-27,0,0,On-Time
488,Nigeria,PMO - US,Direct Drop,EXW,Air,ACT,ACT,MISSIONPHARMA A/S,10.0,14515.44,70420.0,2000,35.21,200,1451.54,35.21,10,1,2009-10-27,2009-10-27,0,0,On-Time
489,Rwanda,PMO - US,Direct Drop,EXW,Air,HRDT,HIV test,"Orgenics, Ltd",1153.0,46638.41,355880.0,5084,70.0,70,40.45,70.0,10,1,2009-10-27,2009-10-27,0,0,On-Time
490,Vietnam,PMO - US,Direct Drop,EXW,Air,ARV,Adult,CIPLA LIMITED,9.0,4620.03,146995.2,23040,6.38,74,513.34,6.38,10,1,2009-10-27,2009-10-27,0,0,On-Time
491,Côte d'Ivoire,PMO - US,Direct Drop,EXW,Air,ARV,Adult,Aurobindo Pharma Limited,226.0,2911.16,51635.0,2245,23.0,72,12.88,23.0,10,4,2009-10-30,2009-10-30,0,0,On-Time
492,Vietnam,PMO - US,Direct Drop,FCA,Air,ARV,Adult,ABBVIE LOGISTICS (FORMERLY ABBOTT LOGISTICS BV),114.0,4410.73,3068.8,40,76.72,40,38.69,76.72,11,1,2009-11-03,2009-11-03,0,0,On-Time
493,Uganda,PMO - US,Direct Drop,FCA,Air,ARV,Adult,ABBVIE LOGISTICS (FORMERLY ABBOTT LOGISTICS BV),36.0,814.04,2169.6,60,36.16,35,22.61,36.16,11,2,2009-11-04,2009-11-04,0,0,On-Time
494,Côte d'Ivoire,PMO - US,Direct Drop,FCA,Air,ARV,Adult,ABBVIE LOGISTICS (FORMERLY ABBOTT LOGISTICS BV),2598.0,15873.33,381849.6,10560,36.16,56,6.11,36.16,11,4,2009-11-06,2009-11-06,0,0,On-Time
495,Kenya,PMO - US,Direct Drop,EXW,Air,HRDT,HIV test,"Orgenics, Ltd",5902.0,52057.8,1600000.0,20000,80.0,64,8.82,80.0,11,4,2009-11-06,2009-11-06,0,0,On-Time
496,Côte d'Ivoire,PMO - US,Direct Drop,EXW,Air,ARV,Adult,Aurobindo Pharma Limited,154.0,2986.16,33603.0,1461,23.0,57,19.39,23.0,11,1,2009-11-10,2009-11-10,0,0,On-Time
497,Mozambique,PMO - US,Direct Drop,FCA,Air,ARV,Adult,Hoffmann-La Roche ltd Basel,202.0,2191.21,37017.53,392,94.43,69,10.85,94.43,11,2,2009-11-11,2009-11-11,0,0,On-Time
498,Namibia,PMO - US,Direct Drop,EXW,Air,HRDT,HIV test,"Trinity Biotech, Plc",10.0,751.43,0.25,25,0.01,36,75.14,0.01,11,2,2009-11-11,2009-11-11,0,0,On-Time
499,Uganda,PMO - US,Direct Drop,EXW,Air,ARV,Pediatric,EMCURE PHARMACEUTICALS LTD,3.0,986.79,1200.14,46,26.09,58,328.93,26.09,11,2,2009-11-11,2009-11-11,0,0,On-Time
500,Zambia,PMO - US,Direct Drop,EXW,Air,HRDT,HIV test,"Orgenics, Ltd",590.0,5962.58,144000.0,2000,72.0,158,10.11,72.0,11,2,2009-11-11,2009-10-29,-13,0,On-Time
501,Zambia,PMO - US,Direct Drop,EXW,Air,HRDT,HIV test,"Orgenics, Ltd",740.0,7513.71,180000.0,2500,72.0,37,10.15,72.0,11,2,2009-11-11,2009-11-11,0,0,On-Time
502,Namibia,PMO - US,Direct Drop,EXW,Air,HRDT,HIV test,"Orgenics, Ltd",42.0,2863.47,12600.0,180,70.0,62,68.18,70.0,11,3,2009-11-12,2009-11-12,0,0,On-Time
503,Botswana,PMO - US,Direct Drop,EXW,Air,HRDT,HIV test,Orasure Technologies Inc.,48.0,1172.11,7000.0,20,350.0,233,24.42,350.0,11,4,2009-11-13,2009-11-13,0,0,On-Time
504,Nigeria,PMO - US,Direct Drop,EXW,Air,HRDT,HIV test,"Orgenics, Ltd",2305.0,43338.93,385360.0,4817,80.0,101,18.8,80.0,11,0,2009-11-16,2009-11-16,0,0,On-Time
505,Nigeria,PMO - US,Direct Drop,EXW,Air,HRDT,HIV test,"Orgenics, Ltd",2440.0,43692.46,408000.0,5100,80.0,101,17.91,80.0,11,0,2009-11-16,2009-11-16,0,0,On-Time
506,Tanzania,PMO - US,Direct Drop,FCA,Air,ARV,Adult,ABBVIE LOGISTICS (FORMERLY ABBOTT LOGISTICS BV),1210.0,7015.04,24742.2,645,38.36,147,5.8,38.36,11,1,2009-11-17,2009-11-17,0,0,On-Time
507,Tanzania,PMO - US,Direct Drop,EXW,Air,HRDT,HIV test,"Trinity Biotech, Plc",234.0,3163.87,21440.0,670,32.0,75,13.52,32.0,11,1,2009-11-17,2009-11-17,0,0,On-Time
508,Uganda,PMO - US,Direct Drop,CIP,Air,ARV,Adult,MERCK SHARP & DOHME IDEA GMBH (FORMALLY MERCK SHARP & DOHME B.V.),11.0,48.0,2400.0,48,50.0,64,4.36,50.0,11,1,2009-11-17,2009-11-17,0,0,On-Time
509,Rwanda,PMO - US,Direct Drop,CIP,Air,ARV,Adult,Aurobindo Pharma Limited,24.0,280.23,2.5,250,0.01,126,11.68,0.01,11,3,2009-11-19,2009-11-19,0,0,On-Time
510,Botswana,PMO - US,Direct Drop,EXW,Air,HRDT,HIV test - Ancillary,Orasure Technologies Inc.,6.0,337.89,250.0,10,25.0,54,56.31,25.0,11,0,2009-11-23,2009-11-23,0,0,On-Time
511,Mozambique,PMO - US,Direct Drop,FCA,Air,ARV,Adult,Hoffmann-La Roche ltd Basel,86.0,1242.33,15864.66,168,94.43,81,14.45,94.43,11,0,2009-11-23,2009-11-23,0,0,On-Time
512,Rwanda,PMO - US,Direct Drop,CIP,Air,ARV,Adult,HETERO LABS LIMITED,1041.0,730.82,92468.25,29925,3.09,130,0.7,3.09,11,0,2009-11-23,2009-11-23,0,0,On-Time
513,Rwanda,PMO - US,Direct Drop,CIP,Air,ARV,Adult,HETERO LABS LIMITED,593.0,730.81,27505.8,10620,2.59,97,1.23,2.59,11,0,2009-11-23,2009-11-23,0,0,On-Time
514,Tanzania,PMO - US,Direct Drop,CIP,Air,ARV,Adult,BRISTOL-MYERS SQUIBB,1478.0,1312.2,340096.96,18544,18.34,151,0.89,18.34,11,4,2009-11-27,2009-11-27,0,0,On-Time
515,Vietnam,PMO - US,Direct Drop,EXW,Air,ARV,Adult,Aurobindo Pharma Limited,202.0,1615.88,4384.8,3024,1.45,105,8.0,1.45,11,4,2009-11-27,2009-11-27,0,0,On-Time
516,Botswana,PMO - US,Direct Drop,EXW,Air,HRDT,HIV test - Ancillary,Orasure Technologies Inc.,6.0,304.76,250.0,10,25.0,61,50.79,25.0,11,0,2009-11-30,2009-11-30,0,0,On-Time
517,Haiti,PMO - US,Direct Drop,CIP,Air,ARV,Pediatric,MERCK SHARP & DOHME IDEA GMBH (FORMALLY MERCK SHARP & DOHME B.V.),54.0,290.0,3256.32,192,16.96,103,5.37,16.96,11,0,2009-11-30,2009-11-30,0,0,On-Time
518,Mozambique,PMO - US,Direct Drop,EXW,Air,HRDT,HIV test,"Orgenics, Ltd",1593.0,29373.14,237600.0,3300,72.0,112,18.44,72.0,12,1,2009-12-01,2009-12-01,0,0,On-Time
519,Uganda,PMO - US,Direct Drop,FCA,Air,ARV,Adult,Hoffmann-La Roche ltd Basel,30.0,1072.35,16125.1,161,100.16,80,35.74,100.16,12,3,2009-12-03,2009-12-03,0,0,On-Time
520,Vietnam,PMO - US,Direct Drop,EXW,Air,ARV,Adult,Aurobindo Pharma Limited,861.0,1872.53,18879.0,13020,1.45,111,2.17,1.45,12,3,2009-12-03,2009-12-03,0,0,On-Time
521,Tanzania,PMO - US,Direct Drop,EXW,Air,HRDT,HIV test,"Orgenics, Ltd",216.0,3744.18,66500.0,950,70.0,99,17.33,70.0,12,4,2009-12-11,2009-12-11,0,0,On-Time
522,Vietnam,PMO - US,Direct Drop,FCA,Air,ARV,Adult,ABBVIE LOGISTICS (FORMERLY ABBOTT LOGISTICS BV),424.0,10296.99,141384.0,1720,82.2,36,24.29,82.2,12,4,2009-12-11,2009-12-11,0,0,On-Time
523,Nigeria,PMO - US,Direct Drop,FCA,Air,ARV,Adult,Hoffmann-La Roche ltd Basel,83.0,852.02,47667.85,500,95.34,125,10.27,95.34,12,1,2009-12-15,2009-12-15,0,0,On-Time
524,Rwanda,PMO - US,Direct Drop,CIP,Air,ARV,Adult,HETERO LABS LIMITED,2044.0,10883.65,106605.0,34500,3.09,152,5.32,3.09,12,1,2009-12-15,2009-12-15,0,0,On-Time
525,Tanzania,PMO - US,Direct Drop,EXW,Air,HRDT,HIV test,"Standard Diagnostics, Inc.",6223.0,82236.74,480000.0,20000,24.0,103,13.21,24.0,12,1,2009-12-15,2009-12-15,0,0,On-Time
526,Haiti,PMO - US,Direct Drop,EXW,Air,ARV,Adult,Aurobindo Pharma Limited,203.0,2228.92,27750.0,740,37.5,28,10.98,37.5,12,3,2009-12-17,2009-12-17,0,0,On-Time
527,Côte d'Ivoire,PMO - US,Direct Drop,CIP,Air,ARV,Adult,MERCK SHARP & DOHME IDEA GMBH (FORMALLY MERCK SHARP & DOHME B.V.),464.0,30.0,268128.0,5320,50.4,84,0.06,50.4,12,4,2009-12-18,2009-12-18,0,0,On-Time
528,Uganda,PMO - US,Direct Drop,FCA,Air,ARV,Adult,ABBVIE LOGISTICS (FORMERLY ABBOTT LOGISTICS BV),33.0,995.22,3977.6,110,36.16,46,30.16,36.16,12,5,2009-12-19,2009-12-19,0,0,On-Time
529,Haiti,PMO - US,Direct Drop,CIP,Air,ARV,Pediatric,BRISTOL-MYERS SQUIBB,29.0,260.0,840.0,120,7.0,45,8.97,7.0,12,0,2009-12-21,2009-12-21,0,0,On-Time
530,Haiti,PMO - US,Direct Drop,FCA,Air,ARV,Pediatric,ABBVIE LOGISTICS (FORMERLY ABBOTT LOGISTICS BV),13.0,928.11,406.8,45,9.04,45,71.39,9.04,12,0,2009-12-21,2009-12-21,0,0,On-Time
531,Ethiopia,PMO - US,Direct Drop,EXW,Air,ARV,Adult,Aurobindo Pharma Limited,780.0,2949.1,35700.0,15000,2.38,14,3.78,2.38,12,3,2009-12-24,2009-12-24,0,0,On-Time
532,Tanzania,PMO - US,Direct Drop,EXW,Air,HRDT,HIV test,"Standard Diagnostics, Inc.",3240.0,36096.76,233280.0,9720,24.0,104,11.14,24.0,12,3,2009-12-24,2009-12-24,0,0,On-Time
533,Tanzania,PMO - US,Direct Drop,EXW,Air,HRDT,HIV test,"Standard Diagnostics, Inc.",1639.0,2277.0,117912.0,4913,24.0,104,1.39,24.0,12,3,2009-12-24,2009-12-24,0,0,On-Time
534,Tanzania,PMO - US,Direct Drop,EXW,Air,HRDT,HIV test,"Standard Diagnostics, Inc.",1650.0,11737.26,118800.0,4950,24.0,104,7.11,24.0,12,3,2009-12-24,2009-12-24,0,0,On-Time
535,Ethiopia,PMO - US,Direct Drop,EXW,Air,ARV,Adult,MYLAN LABORATORIES LTD (FORMERLY MATRIX LABORATORIES),2504.0,7354.24,130000.0,50000,2.6,35,2.94,2.6,12,2,2009-12-30,2009-12-30,0,0,On-Time
536,Rwanda,PMO - US,Direct Drop,CIP,Air,ARV,Adult,HETERO LABS LIMITED,582.0,2990.64,26806.5,10350,2.59,139,5.14,2.59,1,0,2010-01-04,2010-01-04,0,0,On-Time
537,Zimbabwe,PMO - US,Direct Drop,EXW,Air,HRDT,HIV test,"Standard Diagnostics, Inc.",1694.0,12127.58,101600.0,5080,20.0,67,7.16,20.0,1,0,2010-01-04,2010-01-04,0,0,On-Time
538,Côte d'Ivoire,PMO - US,Direct Drop,CIP,Air,ARV,Pediatric,MERCK SHARP & DOHME IDEA GMBH (FORMALLY MERCK SHARP & DOHME B.V.),1006.0,2530.73,56900.8,3355,16.96,103,2.52,16.96,1,2,2010-01-06,2010-01-06,0,0,On-Time
539,Côte d'Ivoire,PMO - US,Direct Drop,CIP,Air,ARV,Adult,GLAXOSMITHKLINE EXPORT LIMITED,685.0,1807.36,249214.4,4640,53.71,138,2.64,53.71,1,2,2010-01-06,2010-01-06,0,0,On-Time
540,Nigeria,PMO - US,Direct Drop,EXW,Air,ACT,ACT,IDA FOUNDATION,1295.0,8423.76,1207.5,30,40.25,91,6.5,40.25,1,2,2010-01-06,2010-01-06,0,0,On-Time
541,Kenya,PMO - US,Direct Drop,EXW,Air,HRDT,HIV test,"Standard Diagnostics, Inc.",3158.0,24172.01,189500.0,9475,20.0,76,7.65,20.0,1,3,2010-01-07,2010-01-07,0,0,On-Time
542,Kenya,PMO - US,Direct Drop,EXW,Air,HRDT,HIV test,"Standard Diagnostics, Inc.",2842.0,21825.6,170500.0,8525,20.0,76,7.68,20.0,1,3,2010-01-07,2010-01-07,0,0,On-Time
543,Vietnam,PMO - US,Direct Drop,EXW,Air,ARV,Adult,CIPLA LIMITED,1926.0,12423.96,120540.0,19600,6.15,66,6.45,6.15,1,3,2010-01-07,2010-01-07,0,0,On-Time
544,Zimbabwe,PMO - US,Direct Drop,EXW,Air,HRDT,HIV test,"Orgenics, Ltd",635.0,11835.69,91440.0,1270,72.0,71,18.64,72.0,1,4,2010-01-08,2010-01-08,0,0,On-Time
545,Kenya,PMO - US,Direct Drop,EXW,Air,HRDT,HIV test,"Trinity Biotech, Plc",347.0,4259.57,32000.0,1000,32.0,81,12.28,32.0,1,0,2010-01-11,2010-01-11,0,0,On-Time
546,Côte d'Ivoire,PMO - US,Direct Drop,CIP,Air,ARV,Pediatric,BRISTOL-MYERS SQUIBB,78.0,570.75,3667.0,386,9.5,74,7.32,9.5,1,4,2010-01-15,2010-01-15,0,0,On-Time
547,Kenya,PMO - US,Direct Drop,EXW,Air,HRDT,HIV test,"Orgenics, Ltd",1065.0,10075.76,300000.0,3750,80.0,87,9.46,80.0,1,0,2010-01-18,2010-01-18,0,0,On-Time
548,Kenya,PMO - US,Direct Drop,EXW,Air,HRDT,HIV test,"Orgenics, Ltd",907.0,9014.8,240000.0,3000,80.0,87,9.94,80.0,1,0,2010-01-18,2010-01-18,0,0,On-Time
549,Kenya,PMO - US,Direct Drop,EXW,Air,HRDT,HIV test,"Orgenics, Ltd",979.0,9507.81,260000.0,3250,80.0,87,9.71,80.0,1,0,2010-01-18,2010-01-18,0,0,On-Time
550,Tanzania,PMO - US,Direct Drop,EXW,Air,HRDT,HIV test,"Orgenics, Ltd",461.0,6923.2,141680.0,2024,70.0,137,15.02,70.0,1,0,2010-01-18,2010-01-18,0,0,On-Time
551,Uganda,PMO - US,Direct Drop,EXW,Air,ARV,Adult,ASPEN PHARMACARE,18.0,1190.02,10800.0,120,90.0,56,66.11,90.0,1,1,2010-01-19,2010-01-19,0,0,On-Time
552,Vietnam,PMO - US,Direct Drop,EXW,Air,ARV,Adult,CIPLA LIMITED,3919.0,12704.0,248460.0,40400,6.15,78,3.24,6.15,1,1,2010-01-19,2010-01-19,0,0,On-Time
553,Côte d'Ivoire,PMO - US,Direct Drop,EXW,Air,HRDT,HIV test,"Orgenics, Ltd",794.0,12499.27,245000.0,3500,70.0,79,15.74,70.0,1,3,2010-01-21,2010-01-21,0,0,On-Time
554,Côte d'Ivoire,PMO - US,Direct Drop,EXW,Air,HRDT,HIV test,"Orgenics, Ltd",794.0,12506.12,245000.0,3500,70.0,79,15.75,70.0,1,3,2010-01-21,2010-01-21,0,0,On-Time
555,Ethiopia,PMO - US,Direct Drop,EXW,Air,ARV,Adult,STRIDES ARCOLAB LIMITED,2038.0,11789.31,134594.43,39939,3.37,24,5.78,3.37,1,4,2010-01-22,2010-01-22,0,0,On-Time
556,Vietnam,PMO - US,Direct Drop,EXW,Air,ARV,Adult,STRIDES ARCOLAB LIMITED,32.0,1701.1,940.8,672,1.4,48,53.16,1.4,1,0,2010-01-25,2010-01-25,0,0,On-Time
557,Côte d'Ivoire,PMO - US,Direct Drop,EXW,Air,HRDT,HIV test,BIO-RAD LABORATORIES (FRANCE),2635.0,19145.8,264000.0,2400,110.0,74,7.27,110.0,1,1,2010-01-26,2010-01-26,0,0,On-Time
558,Haiti,PMO - US,Direct Drop,CIP,Air,ARV,Pediatric,MERCK SHARP & DOHME IDEA GMBH (FORMALLY MERCK SHARP & DOHME B.V.),47.0,290.0,2832.32,167,16.96,82,6.17,16.96,1,2,2010-01-27,2010-01-27,0,0,On-Time
559,Rwanda,PMO - US,Direct Drop,CIP,Air,ARV,Adult,Aurobindo Pharma Limited,516.0,2355.52,47251.2,5520,8.56,194,4.56,8.56,1,2,2010-01-27,2010-01-27,0,0,On-Time
560,Rwanda,PMO - US,Direct Drop,CIP,Air,ARV,Adult,Aurobindo Pharma Limited,153.0,2483.49,13952.8,1630,8.56,50,16.23,8.56,1,2,2010-01-27,2010-01-27,0,0,On-Time
561,Rwanda,PMO - US,Direct Drop,CIP,Air,ARV,Adult,Aurobindo Pharma Limited,26.0,2187.01,2362.56,276,8.56,195,84.12,8.56,1,2,2010-01-27,2010-01-27,0,0,On-Time
562,Rwanda,PMO - US,Direct Drop,CIP,Air,ARV,Adult,Aurobindo Pharma Limited,1010.0,16847.52,179189.1,9270,19.33,194,16.68,19.33,1,2,2010-01-27,2010-01-27,0,0,On-Time
563,Vietnam,PMO - US,Direct Drop,EXW,Air,ARV,Adult,STRIDES ARCOLAB LIMITED,429.0,2633.91,12465.6,8904,1.4,50,6.14,1.4,1,2,2010-01-27,2010-01-27,0,0,On-Time
564,Zambia,PMO - US,Direct Drop,EXW,Air,HRDT,HIV test - Ancillary,"Orgenics, Ltd",1382.0,18369.56,35000.0,7000,5.0,139,13.29,5.0,1,3,2010-01-28,2010-01-28,0,0,On-Time
565,Zambia,PMO - US,Direct Drop,EXW,Air,HRDT,HIV test,"Orgenics, Ltd",1409.0,21714.68,208656.0,2898,72.0,139,15.41,72.0,1,3,2010-01-28,2010-01-28,0,0,On-Time
566,Zambia,PMO - US,Direct Drop,EXW,Air,HRDT,HIV test,"Orgenics, Ltd",1106.0,16793.45,164304.0,2282,72.0,139,15.18,72.0,1,3,2010-01-28,2010-01-27,-1,0,On-Time
567,Ethiopia,PMO - US,Direct Drop,EXW,Air,HRDT,HIV test,"CHEMBIO DIAGNOSTIC SYSTEMS, INC.",38.0,447.73,3780.0,140,27.0,17,11.78,27.0,1,4,2010-01-29,2010-01-29,0,0,On-Time
568,Uganda,PMO - US,Direct Drop,EXW,Air,ARV,Pediatric,EMCURE PHARMACEUTICALS LTD,25.0,915.09,6261.6,240,26.09,69,36.6,26.09,2,1,2010-02-02,2010-02-02,0,0,On-Time
569,Rwanda,PMO - US,Direct Drop,CIP,Air,ARV,Adult,MYLAN LABORATORIES LTD (FORMERLY MATRIX LABORATORIES),2768.0,29603.24,310176.0,34464,9.0,294,10.69,9.0,2,2,2010-02-03,2010-02-03,0,0,On-Time
570,Zambia,PMO - US,Direct Drop,EXW,Air,HRDT,HIV test,"Trinity Biotech, Plc",1907.0,17975.84,176000.0,5500,32.0,145,9.43,32.0,2,2,2010-02-03,2010-02-03,0,0,On-Time
571,Botswana,PMO - US,Direct Drop,EXW,Air,HRDT,HIV test - Ancillary,Orasure Technologies Inc.,6.0,322.12,250.0,10,25.0,128,53.69,25.0,2,4,2010-02-05,2010-02-05,0,0,On-Time
572,Botswana,PMO - US,Direct Drop,EXW,Air,HRDT,HIV test,Orasure Technologies Inc.,48.0,1716.47,7000.0,20,350.0,317,35.76,350.0,2,4,2010-02-05,2010-02-05,0,0,On-Time
573,Côte d'Ivoire,PMO - US,Direct Drop,EXW,Air,ARV,Adult,MYLAN LABORATORIES LTD (FORMERLY MATRIX LABORATORIES),421.0,4022.89,86016.0,2688,32.0,144,9.56,32.0,2,4,2010-02-05,2010-02-05,0,0,On-Time
574,Côte d'Ivoire,PMO - US,Direct Drop,FCA,Air,ARV,Adult,ABBVIE LOGISTICS (FORMERLY ABBOTT LOGISTICS BV),1523.0,10051.89,216960.0,6000,36.16,77,6.6,36.16,2,0,2010-02-08,2010-02-08,0,0,On-Time
575,Ethiopia,PMO - US,Direct Drop,EXW,Air,ARV,Adult,STRIDES ARCOLAB LIMITED,3652.0,15236.52,241278.52,71596,3.37,42,4.17,3.37,2,1,2010-02-09,2010-02-09,0,0,On-Time
576,Tanzania,PMO - US,Direct Drop,EXW,Air,HRDT,HIV test,"Standard Diagnostics, Inc.",3997.0,28620.81,287760.0,11990,24.0,160,7.16,24.0,2,2,2010-02-10,2010-02-10,0,0,On-Time
577,Ethiopia,PMO - US,Direct Drop,EXW,Air,HRDT,HIV test,"SHANGHAI KEHUA BIOENGINEERING CO.,LTD.  (KHB)",543.0,5456.44,18400.0,800,23.0,30,10.05,23.0,2,3,2010-02-11,2010-02-11,0,0,On-Time
578,Namibia,PMO - US,Direct Drop,EXW,Air,HRDT,HIV test,"Trinity Biotech, Plc",500.0,5061.46,44800.0,1400,32.0,122,10.12,32.0,2,4,2010-02-12,2010-02-12,0,0,On-Time
579,Ethiopia,PMO - US,Direct Drop,EXW,Air,ARV,Adult,MYLAN LABORATORIES LTD (FORMERLY MATRIX LABORATORIES),530.0,1860.69,32314.53,7197,4.49,59,3.51,4.49,2,0,2010-02-15,2010-02-15,0,0,On-Time
580,Kenya,PMO - US,Direct Drop,EXW,Air,HRDT,HIV test,"Orgenics, Ltd",1028.0,10083.69,80.0,1,80.0,76,9.81,80.0,2,1,2010-02-16,2010-02-19,3,1,Delayed
581,Kenya,PMO - US,Direct Drop,EXW,Air,HRDT,HIV test,"Orgenics, Ltd",1357.0,12965.93,631040.0,7888,80.0,76,9.55,80.0,2,1,2010-02-16,2010-02-19,3,1,Delayed
582,Kenya,PMO - US,Direct Drop,EXW,Air,HRDT,HIV test,"Orgenics, Ltd",1224.0,11847.25,568800.0,7110,80.0,76,9.68,80.0,2,1,2010-02-16,2010-02-19,3,1,Delayed
583,Kenya,PMO - US,Direct Drop,EXW,Air,HRDT,HIV test,"Orgenics, Ltd",822.0,8664.89,80.0,1,80.0,76,10.54,80.0,2,1,2010-02-16,2010-02-19,3,1,Delayed
584,Kenya,PMO - US,Direct Drop,EXW,Air,HRDT,HIV test,"Orgenics, Ltd",1489.0,14532.09,120000.0,1500,80.0,76,9.76,80.0,2,1,2010-02-16,2010-02-19,3,1,Delayed
585,Kenya,PMO - US,Direct Drop,EXW,Air,HRDT,HIV test,"Orgenics, Ltd",1462.0,14419.86,680000.0,8500,80.0,76,9.86,80.0,2,1,2010-02-16,2010-02-16,0,0,On-Time
586,Rwanda,PMO - US,Direct Drop,EXW,Air,HRDT,HIV test,"Orgenics, Ltd",1154.0,46723.42,355950.0,5085,70.0,182,40.49,70.0,2,1,2010-02-16,2010-02-16,0,0,On-Time
587,Namibia,PMO - US,Direct Drop,EXW,Air,HRDT,HIV test,"Orgenics, Ltd",45.0,10486.42,14000.0,200,70.0,128,233.03,70.0,2,3,2010-02-18,2010-02-18,0,0,On-Time
588,Uganda,PMO - US,Direct Drop,CIP,Air,ARV,Adult,MERCK SHARP & DOHME IDEA GMBH (FORMALLY MERCK SHARP & DOHME B.V.),34.0,395.0,7650.0,153,50.0,85,11.62,50.0,2,3,2010-02-18,2010-02-18,0,0,On-Time
589,Côte d'Ivoire,PMO - US,Direct Drop,EXW,Air,HRDT,HIV test,"Orgenics, Ltd",794.0,12619.38,245000.0,3500,70.0,108,15.89,70.0,2,4,2010-02-19,2010-02-19,0,0,On-Time
590,Mozambique,PMO - US,Direct Drop,EXW,Air,HRDT,HIV test,"Trinity Biotech, Plc",1636.0,21087.7,75520.0,2360,32.0,46,12.89,32.0,2,1,2010-02-23,2010-02-23,0,0,On-Time
591,Botswana,PMO - US,Direct Drop,EXW,Air,HRDT,HIV test,Orasure Technologies Inc.,48.0,1681.44,7000.0,20,350.0,341,35.03,350.0,3,0,2010-03-01,2010-03-01,0,0,On-Time
592,Botswana,PMO - US,Direct Drop,EXW,Air,HRDT,HIV test - Ancillary,Orasure Technologies Inc.,6.0,402.42,250.0,10,25.0,152,67.07,25.0,3,0,2010-03-01,2010-03-01,0,0,On-Time
593,Côte d'Ivoire,PMO - US,Direct Drop,EXW,Air,HRDT,HIV test,"CHEMBIO DIAGNOSTIC SYSTEMS, INC.",904.0,7208.0,82323.0,3049,27.0,116,7.97,27.0,3,1,2010-03-02,2010-03-02,0,0,On-Time
594,Haiti,PMO - US,Direct Drop,EXW,Air,HRDT,HIV test,Orasure Technologies Inc.,240.0,5362.39,35000.0,100,350.0,40,22.34,350.0,3,1,2010-03-02,2010-03-02,0,0,On-Time
595,Botswana,PMO - US,Direct Drop,EXW,Air,HRDT,HIV test,"Trinity Biotech, Plc",3.0,603.53,160.0,5,32.0,154,201.18,32.0,3,2,2010-03-03,2010-03-03,0,0,On-Time
596,Botswana,PMO - US,Direct Drop,EXW,Air,HRDT,HIV test,"Orgenics, Ltd",3.0,690.02,560.0,8,70.0,155,230.01,70.0,3,2,2010-03-03,2010-03-03,0,0,On-Time
597,Haiti,PMO - US,Direct Drop,FCA,Air,ARV,Pediatric,ABBVIE LOGISTICS (FORMERLY ABBOTT LOGISTICS BV),37.0,971.8,2712.0,300,9.04,110,26.26,9.04,3,2,2010-03-03,2010-03-03,0,0,On-Time
598,Rwanda,PMO - US,Direct Drop,FCA,Air,ARV,Adult,Hoffmann-La Roche ltd Basel,11.0,1049.3,5037.72,40,125.94,42,95.39,125.94,3,2,2010-03-03,2010-03-03,0,0,On-Time
599,Rwanda,PMO - US,Direct Drop,FCA,Air,ARV,Adult,ABBVIE LOGISTICS (FORMERLY ABBOTT LOGISTICS BV),298.0,2204.08,4603.2,120,38.36,42,7.4,38.36,3,2,2010-03-03,2010-03-03,0,0,On-Time
600,Botswana,PMO - US,Direct Drop,EXW,Air,HRDT,HIV test - Ancillary,"Trinity Biotech, Plc",1.0,599.73,465.0,15,31.0,111,599.72,31.0,3,3,2010-03-04,2010-03-04,0,0,On-Time
601,Ethiopia,PMO - US,Direct Drop,EXW,Air,ARV,Adult,Aurobindo Pharma Limited,2996.0,10612.93,133280.0,56000,2.38,50,3.54,2.38,3,3,2010-03-04,2010-03-04,0,0,On-Time
602,Guyana,PMO - US,Direct Drop,EXW,Air,HRDT,HIV test,"Trinity Biotech, Plc",807.0,6558.08,74688.0,2334,32.0,28,8.13,32.0,3,3,2010-03-04,2010-03-04,0,0,On-Time
603,Guyana,PMO - US,Direct Drop,EXW,Air,HRDT,HIV test,"CHEMBIO DIAGNOSTIC SYSTEMS, INC.",11.0,386.16,540.0,20,27.0,28,35.11,27.0,3,3,2010-03-04,2010-03-04,0,0,On-Time
604,Uganda,PMO - US,Direct Drop,CIP,Air,ARV,Adult,MERCK SHARP & DOHME IDEA GMBH (FORMALLY MERCK SHARP & DOHME B.V.),19.0,435.0,3750.0,75,50.0,92,22.89,50.0,3,3,2010-03-04,2010-03-04,0,0,On-Time
605,Côte d'Ivoire,PMO - US,Direct Drop,FCA,Air,ARV,Adult,Hoffmann-La Roche ltd Basel,271.0,2527.94,149780.99,1500,99.85,102,9.33,99.85,3,4,2010-03-05,2010-03-05,0,0,On-Time
606,Côte d'Ivoire,PMO - US,Direct Drop,EXW,Air,ARV,Adult,Aurobindo Pharma Limited,154780.0,1664.12,29950.5,1461,20.5,30,0.01,20.5,3,4,2010-03-05,2010-03-05,0,0,On-Time
607,Côte d'Ivoire,PMO - US,Direct Drop,FCA,Air,ARV,Adult,ABBVIE LOGISTICS (FORMERLY ABBOTT LOGISTICS BV),800.0,5322.35,117158.4,3240,36.16,39,6.65,36.16,3,4,2010-03-05,2010-03-05,0,0,On-Time
608,Uganda,PMO - US,Direct Drop,EXW,Air,ARV,Pediatric,EMCURE PHARMACEUTICALS LTD,40.0,990.07,10018.56,384,26.09,97,24.75,26.09,3,1,2010-03-09,2010-03-09,0,0,On-Time
609,Uganda,PMO - US,Direct Drop,FCA,Air,ARV,Adult,ABBVIE LOGISTICS (FORMERLY ABBOTT LOGISTICS BV),58.0,776.62,805.56,21,38.36,98,13.39,38.36,3,2,2010-03-10,2010-03-10,0,0,On-Time
610,Uganda,PMO - US,Direct Drop,FCA,Air,ARV,Adult,ABBVIE LOGISTICS (FORMERLY ABBOTT LOGISTICS BV),116.0,985.78,1687.84,44,38.36,104,8.5,38.36,3,2,2010-03-10,2010-03-10,0,0,On-Time
611,Vietnam,PMO - US,Direct Drop,EXW,Air,ARV,Adult,MYLAN LABORATORIES LTD (FORMERLY MATRIX LABORATORIES),2405.0,11448.01,200928.0,30912,6.5,127,4.76,6.5,3,2,2010-03-10,2010-03-10,0,0,On-Time
612,Vietnam,PMO - US,Direct Drop,FCA,Air,ARV,Adult,ABBVIE LOGISTICS (FORMERLY ABBOTT LOGISTICS BV),1063.0,11167.45,351816.0,4280,82.2,126,10.51,82.2,3,3,2010-03-11,2010-03-11,0,0,On-Time
613,Vietnam,PMO - US,Direct Drop,EXW,Air,ARV,Adult,CIPLA LIMITED,1481.0,6390.83,86329.6,15040,5.74,60,4.32,5.74,3,5,2010-03-13,2010-03-13,0,0,On-Time
614,Vietnam,PMO - US,Direct Drop,EXW,Air,ARV,Adult,MYLAN LABORATORIES LTD (FORMERLY MATRIX LABORATORIES),1503.0,11884.14,124488.0,19152,6.5,130,7.91,6.5,3,5,2010-03-13,2010-03-13,0,0,On-Time
615,Nigeria,PMO - US,Direct Drop,FCA,Air,ARV,Adult,ABBVIE LOGISTICS (FORMERLY ABBOTT LOGISTICS BV),390.0,2818.79,7441.84,194,38.36,33,7.23,38.36,3,0,2010-03-15,2010-03-15,0,0,On-Time
616,Vietnam,PMO - US,Direct Drop,EXW,Air,ARV,Adult,Aurobindo Pharma Limited,2011.0,11648.31,181745.0,16300,11.15,122,5.79,11.15,3,0,2010-03-15,2010-03-15,0,0,On-Time
617,Vietnam,PMO - US,Direct Drop,EXW,Air,ARV,Adult,CIPLA LIMITED,1936.0,5314.56,114340.8,19920,5.74,62,2.75,5.74,3,0,2010-03-15,2010-03-15,0,0,On-Time
618,Vietnam,PMO - US,Direct Drop,FCA,Air,ARV,Adult,ABBVIE LOGISTICS (FORMERLY ABBOTT LOGISTICS BV),445.0,4755.76,149604.0,1820,82.2,63,10.69,82.2,3,0,2010-03-15,2010-03-15,0,0,On-Time
619,Vietnam,PMO - US,Direct Drop,EXW,Air,ARV,Adult,Aurobindo Pharma Limited,1572.0,13479.25,141605.0,12700,11.15,122,8.57,11.15,3,0,2010-03-15,2010-03-15,0,0,On-Time
620,Zambia,PMO - US,Direct Drop,EXW,Air,HRDT,HIV test,"Trinity Biotech, Plc",1826.0,16438.26,168448.0,5264,32.0,84,9.0,32.0,3,1,2010-03-16,2010-03-16,0,0,On-Time
621,Mozambique,PMO - US,Direct Drop,EXW,Air,HRDT,HIV test,"Orgenics, Ltd",1179.0,14110.84,364000.0,5200,70.0,71,11.97,70.0,3,2,2010-03-17,2010-03-17,0,0,On-Time
622,Vietnam,PMO - US,Direct Drop,EXW,Air,ARV,Adult,Aurobindo Pharma Limited,4762.0,17541.06,35687.4,24612,1.45,124,3.68,1.45,3,2,2010-03-17,2010-03-17,0,0,On-Time
623,Zambia,PMO - US,Direct Drop,EXW,Air,HRDT,HIV test,"Orgenics, Ltd",1276.0,20121.14,190008.0,2639,72.0,86,15.77,72.0,3,3,2010-03-18,2010-03-18,0,0,On-Time
624,Zambia,PMO - US,Direct Drop,EXW,Air,HRDT,HIV test,"Orgenics, Ltd",1051.0,16633.36,155592.0,2161,72.0,86,15.83,72.0,3,3,2010-03-18,2010-03-18,0,0,On-Time
625,Zambia,PMO - US,Direct Drop,EXW,Air,HRDT,HIV test,"Orgenics, Ltd",1016.0,16061.5,151200.0,2100,72.0,86,15.81,72.0,3,3,2010-03-18,2010-03-18,0,0,On-Time
626,Zambia,PMO - US,Direct Drop,EXW,Air,HRDT,HIV test,"Orgenics, Ltd",1016.0,16061.5,151200.0,2100,72.0,86,15.81,72.0,3,3,2010-03-18,2010-03-18,0,0,On-Time
627,Vietnam,PMO - US,Direct Drop,EXW,Air,ARV,Adult,Aurobindo Pharma Limited,3536.0,20910.43,58752.0,24480,2.4,126,5.91,2.4,3,4,2010-03-19,2010-03-19,0,0,On-Time
628,Vietnam,PMO - US,Direct Drop,EXW,Air,ARV,Adult,MYLAN LABORATORIES LTD (FORMERLY MATRIX LABORATORIES),120.0,9013.85,2520.0,336,7.5,137,75.12,7.5,3,5,2010-03-20,2010-03-20,0,0,On-Time
629,Vietnam,PMO - US,Direct Drop,EXW,Air,ARV,Adult,MYLAN LABORATORIES LTD (FORMERLY MATRIX LABORATORIES),9.0,4138.11,1260.0,168,7.5,138,459.79,7.5,3,5,2010-03-20,2010-03-20,0,0,On-Time
630,Vietnam,PMO - US,Direct Drop,FCA,Air,ARV,Adult,ABBVIE LOGISTICS (FORMERLY ABBOTT LOGISTICS BV),170.0,4256.38,4603.2,60,76.72,70,25.04,76.72,3,0,2010-03-22,2010-03-22,0,0,On-Time
631,Vietnam,PMO - US,Direct Drop,EXW,Air,ARV,Adult,MYLAN LABORATORIES LTD (FORMERLY MATRIX LABORATORIES),389.0,9674.88,12600.0,1680,7.5,139,24.87,7.5,3,0,2010-03-22,2010-03-22,0,0,On-Time
632,Vietnam,PMO - US,Direct Drop,FCA,Air,ARV,Adult,ABBVIE LOGISTICS (FORMERLY ABBOTT LOGISTICS BV),1010.0,5417.87,342363.0,4165,82.2,70,5.36,82.2,3,0,2010-03-22,2010-03-22,0,0,On-Time
633,Vietnam,PMO - US,Direct Drop,EXW,Air,ARV,Adult,MYLAN LABORATORIES LTD (FORMERLY MATRIX LABORATORIES),57.0,8747.56,6300.0,840,7.5,140,153.47,7.5,3,0,2010-03-22,2010-03-22,0,0,On-Time
634,Guinea,PMO - US,Direct Drop,EXW,Air,HRDT,HIV test,"Orgenics, Ltd",32.0,1804.2,3600.0,50,72.0,60,56.38,72.0,3,1,2010-03-23,2010-03-23,0,0,On-Time
635,Vietnam,PMO - US,Direct Drop,EXW,Air,ARV,Adult,Aurobindo Pharma Limited,909.0,5964.52,65100.0,8400,7.75,48,6.56,7.75,3,1,2010-03-23,2010-03-23,0,0,On-Time
636,Uganda,PMO - US,Direct Drop,FCA,Air,ARV,Adult,ABBVIE LOGISTICS (FORMERLY ABBOTT LOGISTICS BV),127.0,1400.91,17356.8,480,36.16,42,11.03,36.16,3,2,2010-03-24,2010-03-24,0,0,On-Time
637,Vietnam,PMO - US,Direct Drop,EXW,Air,ARV,Adult,Aurobindo Pharma Limited,17.0,436.62,3276.0,252,13.0,44,25.68,13.0,3,4,2010-03-26,2010-03-26,0,0,On-Time
638,Vietnam,PMO - US,Direct Drop,EXW,Air,ARV,Adult,MYLAN LABORATORIES LTD (FORMERLY MATRIX LABORATORIES),2128.0,7784.92,1750.0,100,17.5,76,3.66,17.5,3,0,2010-03-29,2010-03-29,0,0,On-Time
639,Zambia,PMO - US,Direct Drop,EXW,Air,HRDT,HIV test,"Trinity Biotech, Plc",2521.0,22460.87,230400.0,7200,32.0,97,8.91,32.0,3,0,2010-03-29,2010-03-29,0,0,On-Time
640,Vietnam,PMO - US,Direct Drop,EXW,Air,ARV,Adult,Aurobindo Pharma Limited,395.0,3538.57,27342.0,3528,7.75,55,8.96,7.75,3,1,2010-03-30,2010-03-30,0,0,On-Time
641,Vietnam,PMO - US,Direct Drop,EXW,Air,ARV,Adult,Aurobindo Pharma Limited,6.0,363.96,1092.0,84,13.0,48,60.66,13.0,3,1,2010-03-30,2010-03-30,0,0,On-Time
642,Vietnam,PMO - US,Direct Drop,EXW,Air,ARV,Adult,MYLAN LABORATORIES LTD (FORMERLY MATRIX LABORATORIES),3002.0,6808.99,14000.0,800,17.5,79,2.27,17.5,4,3,2010-04-01,2010-04-01,0,0,On-Time
643,Guyana,PMO - US,Direct Drop,EXW,Air,HRDT,HIV test,"Orgenics, Ltd",108.0,2058.84,21330.0,237,90.0,60,19.06,90.0,4,0,2010-04-05,2010-04-05,0,0,On-Time
644,Côte d'Ivoire,PMO - US,Direct Drop,FCA,Air,ARV,Adult,ABBVIE LOGISTICS (FORMERLY ABBOTT LOGISTICS BV),1299.0,9689.81,26084.8,680,38.36,135,7.46,38.36,4,2,2010-04-07,2010-04-07,0,0,On-Time
645,Haiti,PMO - US,Direct Drop,EXW,Air,ARV,Adult,Aurobindo Pharma Limited,183.0,2418.62,27750.0,740,37.5,140,13.22,37.5,4,3,2010-04-08,2010-04-08,0,0,On-Time
646,Vietnam,PMO - US,Direct Drop,CIP,Air,ARV,Pediatric,BRISTOL-MYERS SQUIBB,104.0,2658.09,3640.0,520,7.0,65,25.56,7.0,4,3,2010-04-08,2010-04-08,0,0,On-Time
647,Guyana,PMO - US,Direct Drop,EXW,Air,ARV,Pediatric,CIPLA LIMITED,9.0,541.88,387.0,90,4.3,71,60.21,4.3,4,4,2010-04-09,2010-04-09,0,0,On-Time
648,Rwanda,PMO - US,Direct Drop,CIP,Air,ARV,Adult,HETERO LABS LIMITED,3539.0,16769.43,186327.0,60300,3.09,267,4.74,3.09,4,4,2010-04-09,2010-04-09,0,0,On-Time
649,Rwanda,PMO - US,Direct Drop,CIP,Air,ARV,Adult,Aurobindo Pharma Limited,1050.0,18475.61,205284.6,10620,19.33,270,17.6,19.33,4,1,2010-04-13,2010-04-13,0,0,On-Time
650,Botswana,PMO - US,Direct Drop,EXW,Air,HRDT,HIV test,"Orgenics, Ltd",3.0,787.28,360.0,5,72.0,68,262.43,72.0,4,2,2010-04-14,2010-04-14,0,0,On-Time
651,Rwanda,PMO - US,Direct Drop,CIP,Air,ARV,Adult,Aurobindo Pharma Limited,1297.0,23760.45,8174.7,558,14.65,282,18.32,14.65,4,3,2010-04-15,2010-04-15,0,0,On-Time
652,Côte d'Ivoire,PMO - US,Direct Drop,CIP,Air,ARV,Pediatric,MERCK SHARP & DOHME IDEA GMBH (FORMALLY MERCK SHARP & DOHME B.V.),1061.0,2454.99,60360.64,3559,16.96,150,2.31,16.96,4,4,2010-04-16,2010-04-16,0,0,On-Time
653,Côte d'Ivoire,PMO - US,Direct Drop,CIP,Air,ARV,Adult,MERCK SHARP & DOHME IDEA GMBH (FORMALLY MERCK SHARP & DOHME B.V.),402.0,1924.57,181440.0,3600,50.4,150,4.79,50.4,4,4,2010-04-16,2010-04-16,0,0,On-Time
654,Rwanda,PMO - US,Direct Drop,CIP,Air,ARV,Adult,MYLAN LABORATORIES LTD (FORMERLY MATRIX LABORATORIES),5795.0,63600.4,681188.55,62209,10.95,228,10.98,10.95,4,4,2010-04-16,2010-04-16,0,0,On-Time
655,Botswana,PMO - US,Direct Drop,EXW,Air,HRDT,HIV test - Ancillary,Orasure Technologies Inc.,7.0,403.66,250.0,10,25.0,202,57.67,25.0,4,1,2010-04-20,2010-04-20,0,0,On-Time
656,Namibia,PMO - US,Direct Drop,EXW,Air,HRDT,HIV test,"Orgenics, Ltd",115.0,1498.16,35000.0,500,70.0,102,13.03,70.0,4,1,2010-04-20,2010-04-20,0,0,On-Time
657,Uganda,PMO - US,Direct Drop,EXW,Air,ARV,Adult,ASPEN PHARMACARE,15.0,845.1,9180.0,102,90.0,140,56.34,90.0,4,2,2010-04-21,2010-04-21,0,0,On-Time
658,Rwanda,PMO - US,Direct Drop,CIP,Air,ARV,Adult,Aurobindo Pharma Limited,554.0,7531.78,83686.4,2240,37.36,284,13.6,37.36,4,0,2010-04-26,2010-04-26,0,0,On-Time
659,Côte d'Ivoire,PMO - US,Direct Drop,CIP,Air,ARV,Adult,MERCK SHARP & DOHME IDEA GMBH (FORMALLY MERCK SHARP & DOHME B.V.),518.0,1434.5,100000.0,2000,50.0,74,2.77,50.0,4,1,2010-04-27,2010-04-27,0,0,On-Time
660,Uganda,PMO - US,Direct Drop,EXW,Air,ARV,Adult,Aurobindo Pharma Limited,4.0,1045.04,780.0,60,13.0,41,261.26,13.0,4,2,2010-04-28,2010-04-28,0,0,On-Time
661,Namibia,PMO - US,Direct Drop,EXW,Air,HRDT,HIV test,"Trinity Biotech, Plc",687.0,17918.72,64000.0,2000,32.0,111,26.08,32.0,4,3,2010-04-29,2010-04-29,0,0,On-Time
662,Rwanda,PMO - US,Direct Drop,CIP,Air,ARV,Adult,EMCURE PHARMACEUTICALS LTD,3889.0,31784.09,327557.16,54684,5.99,288,8.17,5.99,4,3,2010-04-29,2010-04-29,0,0,On-Time
663,Rwanda,PMO - US,Direct Drop,CIP,Air,ARV,Adult,Aurobindo Pharma Limited,1048.0,14256.58,158406.4,4240,37.36,53,13.6,37.36,4,3,2010-04-29,2010-04-29,0,0,On-Time
664,Rwanda,PMO - US,Direct Drop,FCA,Air,ARV,Pediatric,Hoffmann-La Roche ltd Basel,27.0,1253.71,5429.5,148,36.69,100,46.43,36.69,4,4,2010-04-30,2010-04-30,0,0,On-Time
665,Zambia,PMO - US,Direct Drop,EXW,Air,HRDT,HIV test,"Orgenics, Ltd",1304.0,19502.09,194400.0,2700,72.0,132,14.96,72.0,5,0,2010-05-03,2010-04-23,-10,0,On-Time
666,Zambia,PMO - US,Direct Drop,EXW,Air,HRDT,HIV test,"Orgenics, Ltd",1360.0,20067.34,202104.0,2807,72.0,132,14.76,72.0,5,0,2010-05-03,2010-05-03,0,0,On-Time
667,Zambia,PMO - US,Direct Drop,EXW,Air,HRDT,HIV test,"Orgenics, Ltd",967.0,14582.14,143496.0,1993,72.0,132,15.08,72.0,5,0,2010-05-03,2010-04-26,-7,0,On-Time
668,Uganda,PMO - US,Direct Drop,FCA,Air,ARV,Adult,ABBVIE LOGISTICS (FORMERLY ABBOTT LOGISTICS BV),36.0,1084.27,3616.0,100,36.16,47,30.12,36.16,5,1,2010-05-04,2010-05-04,0,0,On-Time
669,Nigeria,PMO - US,Direct Drop,EXW,Air,HRDT,HIV test,"Orgenics, Ltd",1284.0,21821.97,214800.0,2685,80.0,89,17.0,80.0,5,2,2010-05-05,2010-05-05,0,0,On-Time
670,Nigeria,PMO - US,Direct Drop,EXW,Air,HRDT,HIV test,"Orgenics, Ltd",842.0,14829.77,140000.0,1750,80.0,89,17.61,80.0,5,2,2010-05-05,2010-05-15,10,1,Delayed
671,Nigeria,PMO - US,Direct Drop,EXW,Air,HRDT,HIV test,"Orgenics, Ltd",1130.0,21654.06,186720.0,2334,80.0,89,19.16,80.0,5,2,2010-05-05,2010-06-18,44,1,Delayed
672,Côte d'Ivoire,PMO - US,Direct Drop,CIP,Air,ARV,Pediatric,BRISTOL-MYERS SQUIBB,368.0,824.37,17936.0,1888,9.5,179,2.24,9.5,5,4,2010-05-07,2010-05-07,0,0,On-Time
673,Sudan,PMO - US,Direct Drop,EXW,Air,HRDT,HIV test,"Trinity Biotech, Plc",53.0,1310.92,5120.0,160,32.0,44,24.73,32.0,5,4,2010-05-07,2010-05-07,0,0,On-Time
674,Sudan,PMO - US,Direct Drop,EXW,Air,HRDT,HIV test,"Standard Diagnostics, Inc.",353.0,3843.25,1200.0,60,20.0,44,10.89,20.0,5,4,2010-05-07,2010-05-07,0,0,On-Time
675,Côte d'Ivoire,PMO - US,Direct Drop,EXW,Air,ARV,Adult,MYLAN LABORATORIES LTD (FORMERLY MATRIX LABORATORIES),693.0,5066.44,133440.0,4448,30.0,117,7.31,30.0,5,2,2010-05-12,2010-05-12,0,0,On-Time
676,Uganda,PMO - US,Direct Drop,FCA,Air,ARV,Adult,ABBVIE LOGISTICS (FORMERLY ABBOTT LOGISTICS BV),47.0,1238.94,5785.6,160,36.16,55,26.36,36.16,5,2,2010-05-12,2010-05-12,0,0,On-Time
677,Nigeria,PMO - US,Direct Drop,FCA,Air,ARV,Adult,ABBVIE LOGISTICS (FORMERLY ABBOTT LOGISTICS BV),154.0,1176.03,1918.0,50,38.36,69,7.64,38.36,5,0,2010-05-17,2010-05-17,0,0,On-Time
678,Vietnam,PMO - US,Direct Drop,EXW,Air,ARV,Adult,MYLAN LABORATORIES LTD (FORMERLY MATRIX LABORATORIES),86.0,3573.32,10080.0,1344,7.5,130,41.55,7.5,5,0,2010-05-17,2010-05-17,0,0,On-Time
679,Sudan,PMO - US,Direct Drop,EXW,Air,HRDT,HIV test,"Orgenics, Ltd",104.0,2023.76,28000.0,350,80.0,55,19.46,80.0,5,1,2010-05-18,2010-05-18,0,0,On-Time
680,Vietnam,PMO - US,Direct Drop,EXW,Air,ARV,Adult,Aurobindo Pharma Limited,656.0,6158.0,14128.8,9744,1.45,124,9.39,1.45,5,1,2010-05-18,2010-05-18,0,0,On-Time
681,Zimbabwe,PMO - US,Direct Drop,EXW,Air,HRDT,HIV test,"Orgenics, Ltd",967.0,18212.87,137880.0,1915,72.0,90,18.83,72.0,5,1,2010-05-18,2010-05-18,0,0,On-Time
682,Vietnam,PMO - US,Direct Drop,EXW,Air,ARV,Adult,MYLAN LABORATORIES LTD (FORMERLY MATRIX LABORATORIES),266.0,3678.45,34020.0,4536,7.5,133,13.83,7.5,5,3,2010-05-20,2010-05-20,0,0,On-Time
683,Vietnam,PMO - US,Direct Drop,EXW,Air,ARV,Adult,Aurobindo Pharma Limited,1056.0,2160.52,22654.8,15624,1.45,126,2.05,1.45,5,3,2010-05-20,2010-05-20,0,0,On-Time
684,Zimbabwe,PMO - US,Direct Drop,EXW,Air,HRDT,HIV test,"Orgenics, Ltd",1000.0,18841.09,132840.0,1845,72.0,92,18.84,72.0,5,3,2010-05-20,2010-05-20,0,0,On-Time
685,Zimbabwe,PMO - US,Direct Drop,EXW,Air,HRDT,HIV test,"Orgenics, Ltd",1183.0,21170.3,176400.0,2450,72.0,92,17.9,72.0,5,3,2010-05-20,2010-05-31,11,1,Delayed
686,Zimbabwe,PMO - US,Direct Drop,EXW,Air,HRDT,HIV test,"Orgenics, Ltd",1016.0,18862.39,151200.0,2100,72.0,92,18.57,72.0,5,3,2010-05-20,2010-05-20,0,0,On-Time
687,Ethiopia,PMO - US,Direct Drop,EXW,Air,ARV,Adult,Aurobindo Pharma Limited,201.0,1120.57,39000.0,3000,13.0,22,5.57,13.0,5,4,2010-05-21,2010-05-21,0,0,On-Time
688,Ethiopia,PMO - US,Direct Drop,EXW,Air,ARV,Adult,Aurobindo Pharma Limited,39.0,516.35,10000.0,500,20.0,22,13.24,20.0,5,4,2010-05-21,2010-05-21,0,0,On-Time
689,Nigeria,PMO - US,Direct Drop,FCA,Air,ARV,Adult,Hoffmann-La Roche ltd Basel,6.0,2502.05,1062.3,11,96.57,150,417.01,96.57,5,4,2010-05-21,2010-05-21,0,0,On-Time
690,Tanzania,PMO - US,Direct Drop,EXW,Air,HRDT,HIV test,"Trinity Biotech, Plc",277.0,3174.13,25408.0,794,32.0,263,11.46,32.0,5,0,2010-05-24,2010-05-24,0,0,On-Time
691,Côte d'Ivoire,PMO - US,Direct Drop,EXW,Air,ARV,Pediatric,Aurobindo Pharma Limited,147.0,1836.81,10680.0,712,15.0,41,12.5,15.0,5,2,2010-05-26,2010-05-26,0,0,On-Time
692,Guyana,PMO - US,Direct Drop,EXW,Air,HRDT,HIV test,"CHEMBIO DIAGNOSTIC SYSTEMS, INC.",1.0,283.21,135.0,5,27.0,32,283.21,27.0,5,4,2010-05-28,2010-05-28,0,0,On-Time
693,Sudan,PMO - US,Direct Drop,EXW,Air,HRDT,HIV test,"Trinity Biotech, Plc",253.0,2849.79,24000.0,750,32.0,36,11.26,32.0,5,4,2010-05-28,2010-05-28,0,0,On-Time
694,Rwanda,PMO - US,Direct Drop,CIP,Air,ARV,Adult,EMCURE PHARMACEUTICALS LTD,4227.0,33008.05,357057.91,59609,5.99,318,7.81,5.99,5,5,2010-05-29,2010-05-29,0,0,On-Time
695,Rwanda,PMO - US,Direct Drop,CIP,Air,ARV,Adult,EMCURE PHARMACEUTICALS LTD,4.0,889.55,185.69,31,5.99,318,222.39,5.99,5,5,2010-05-29,2010-05-29,0,0,On-Time
696,Guyana,PMO - US,Direct Drop,EXW,Air,ARV,Adult,CIPLA LIMITED,191.0,1703.62,25567.0,691,37.0,26,8.92,37.0,5,0,2010-05-31,2010-05-31,0,0,On-Time
697,Rwanda,PMO - US,Direct Drop,CIP,Air,ARV,Adult,MYLAN LABORATORIES LTD (FORMERLY MATRIX LABORATORIES),1795.0,21340.35,226665.0,20700,10.95,274,11.89,10.95,6,1,2010-06-01,2010-06-01,0,0,On-Time
698,South Africa,PMO - US,Direct Drop,DDP,Air,ARV,Adult,Aurobindo Pharma Limited,4564.0,6105.79,251965.18,53954,4.67,74,1.34,4.67,6,1,2010-06-01,2010-06-04,3,1,Delayed
699,South Africa,PMO - US,Direct Drop,DDP,Air,ARV,Adult,Aurobindo Pharma Limited,4565.0,6105.83,251979.19,53957,4.67,74,1.34,4.67,6,1,2010-06-01,2010-06-01,0,0,On-Time
700,South Africa,PMO - US,Direct Drop,DDP,Air,ARV,Adult,Aurobindo Pharma Limited,2892.0,6105.79,158985.48,34044,4.67,74,2.11,4.67,6,1,2010-06-01,2010-06-01,0,0,On-Time
701,South Africa,PMO - US,Direct Drop,DDP,Air,ARV,Adult,Aurobindo Pharma Limited,4568.0,6105.79,252180.0,54000,4.67,74,1.34,4.67,6,1,2010-06-01,2010-06-04,3,1,Delayed
702,South Africa,PMO - US,Direct Drop,DDP,Air,ARV,Adult,Aurobindo Pharma Limited,4561.0,6105.79,251787.72,53916,4.67,74,1.34,4.67,6,1,2010-06-01,2010-06-08,7,1,Delayed
703,Botswana,PMO - US,Direct Drop,EXW,Air,HRDT,HIV test,"Trinity Biotech, Plc",10.0,559.89,800.0,25,32.0,119,55.99,32.0,6,4,2010-06-04,2010-06-04,0,0,On-Time
704,South Africa,PMO - US,Direct Drop,DDP,Air,ARV,Adult,Aurobindo Pharma Limited,1431.0,4885.21,197192.2,26540,7.43,81,3.41,7.43,6,1,2010-06-08,2010-06-08,0,0,On-Time
705,South Africa,PMO - US,Direct Drop,DDP,Air,ARV,Adult,Aurobindo Pharma Limited,3085.0,4885.2,427180.42,57494,7.43,81,1.58,7.43,6,1,2010-06-08,2010-06-08,0,0,On-Time
706,South Africa,PMO - US,Direct Drop,DDP,Air,ARV,Adult,Aurobindo Pharma Limited,4528.0,6369.79,112128.0,38400,2.92,82,1.41,2.92,6,2,2010-06-09,2010-07-07,28,1,Delayed
707,South Africa,PMO - US,Direct Drop,DDP,Air,ARV,Adult,Aurobindo Pharma Limited,4806.0,6369.79,118992.92,40751,2.92,82,1.33,2.92,6,2,2010-06-09,2010-06-11,2,1,Delayed
708,South Africa,PMO - US,Direct Drop,DDP,Air,ARV,Adult,Aurobindo Pharma Limited,4522.0,6369.8,111955.72,38341,2.92,82,1.41,2.92,6,2,2010-06-09,2010-06-10,1,1,Delayed
709,South Africa,PMO - US,Direct Drop,DDP,Air,ARV,Pediatric,Aurobindo Pharma Limited,4621.0,4762.44,37737.0,11980,3.15,82,1.03,3.15,6,2,2010-06-09,2010-06-10,1,1,Delayed
710,South Africa,PMO - US,Direct Drop,DDP,Air,ARV,Adult,Aurobindo Pharma Limited,2655.0,6369.79,65326.24,22372,2.92,82,2.4,2.92,6,2,2010-06-09,2010-06-09,0,0,On-Time
711,South Africa,PMO - US,Direct Drop,DDP,Air,ARV,Adult,Aurobindo Pharma Limited,4528.0,6369.79,112128.0,38400,2.92,82,1.41,2.92,6,2,2010-06-09,2010-06-09,0,0,On-Time
712,South Africa,PMO - US,Direct Drop,DDP,Air,ARV,Pediatric,Aurobindo Pharma Limited,3869.0,4088.43,31500.0,10000,3.15,82,1.06,3.15,6,2,2010-06-09,2010-06-09,0,0,On-Time
713,Côte d'Ivoire,PMO - US,Direct Drop,CIP,Air,ARV,Pediatric,BRISTOL-MYERS SQUIBB,833.0,1134.5,40327.5,4245,9.5,178,1.36,9.5,6,3,2010-06-10,2010-06-10,0,0,On-Time
714,Côte d'Ivoire,PMO - US,Direct Drop,CIP,Air,ARV,Pediatric,BRISTOL-MYERS SQUIBB,312.0,781.5,17926.5,1887,9.5,214,2.5,9.5,6,4,2010-06-11,2010-06-11,0,0,On-Time
715,South Africa,PMO - US,Direct Drop,DDP,Air,ARV,Adult,CIPLA LIMITED,2649.0,3908.55,304119.8,38890,7.82,84,1.48,7.82,6,4,2010-06-11,2010-06-11,0,0,On-Time
716,South Africa,PMO - US,Direct Drop,DDP,Air,ARV,Adult,Aurobindo Pharma Limited,2512.0,4116.82,132518.87,52379,2.53,84,1.64,2.53,6,4,2010-06-11,2010-06-11,0,0,On-Time
717,South Africa,PMO - US,Direct Drop,DDP,Air,ARV,Adult,Aurobindo Pharma Limited,3230.0,4116.81,169813.6,67120,2.53,84,1.27,2.53,6,4,2010-06-11,2010-06-11,0,0,On-Time
718,South Africa,PMO - US,Direct Drop,DDP,Air,ARV,Adult,Aurobindo Pharma Limited,1.0,4116.81,5.06,2,2.53,84,4116.77,2.53,6,4,2010-06-11,2010-06-11,0,0,On-Time
719,South Africa,PMO - US,Direct Drop,DDP,Air,ARV,Adult,Aurobindo Pharma Limited,3211.0,4116.81,168649.8,66660,2.53,84,1.28,2.53,6,4,2010-06-11,2010-06-11,0,0,On-Time
720,Tanzania,PMO - US,Direct Drop,FCA,Air,ARV,Adult,ABBVIE LOGISTICS (FORMERLY ABBOTT LOGISTICS BV),1604.0,9915.56,258363.2,7145,36.16,91,6.18,36.16,6,4,2010-06-11,2010-06-11,0,0,On-Time
721,Guyana,PMO - US,Direct Drop,FCA,Air,ARV,Pediatric,ABBVIE LOGISTICS (FORMERLY ABBOTT LOGISTICS BV),225.0,1831.83,11590.2,141,82.2,50,8.14,82.2,6,5,2010-06-12,2010-06-12,0,0,On-Time
722,Rwanda,PMO - US,Direct Drop,CIP,Air,ARV,Adult,HETERO LABS LIMITED,277.0,1393.42,11655.0,4500,2.59,299,5.03,2.59,6,6,2010-06-13,2010-06-13,0,0,On-Time
723,Rwanda,PMO - US,Direct Drop,CIP,Air,ARV,Adult,HETERO LABS LIMITED,933.0,3847.96,38927.7,15030,2.59,299,4.12,2.59,6,6,2010-06-13,2010-06-13,0,0,On-Time
724,Rwanda,PMO - US,Direct Drop,CIP,Air,ARV,Adult,HETERO LABS LIMITED,986.0,4015.82,40792.5,15750,2.59,299,4.07,2.59,6,6,2010-06-13,2010-06-13,0,0,On-Time
725,Botswana,PMO - US,Direct Drop,EXW,Air,HRDT,HIV test,"Orgenics, Ltd",3.0,584.1,560.0,8,70.0,259,194.7,70.0,6,1,2010-06-15,2010-06-15,0,0,On-Time
726,Namibia,PMO - US,Direct Drop,EXW,Air,HRDT,HIV test,"Orgenics, Ltd",40.0,2883.51,11900.0,170,70.0,158,72.09,70.0,6,1,2010-06-15,2010-06-15,0,0,On-Time
727,Haiti,PMO - US,Direct Drop,FCA,Air,ARV,Pediatric,ABBVIE LOGISTICS (FORMERLY ABBOTT LOGISTICS BV),44.0,1075.54,2712.0,300,9.04,217,24.44,9.04,6,4,2010-06-18,2010-06-18,0,0,On-Time
728,Nigeria,PMO - US,Direct Drop,FCA,Air,ARV,Adult,Hoffmann-La Roche ltd Basel,77.0,729.03,40713.32,430,94.68,108,9.47,94.68,6,0,2010-06-21,2010-06-21,0,0,On-Time
729,Vietnam,PMO - US,Direct Drop,FCA,Air,ARV,Adult,ABBVIE LOGISTICS (FORMERLY ABBOTT LOGISTICS BV),266.0,6937.66,146727.0,1785,82.2,82,26.08,82.2,6,0,2010-06-21,2010-06-21,0,0,On-Time
730,Vietnam,PMO - US,Direct Drop,EXW,Air,ARV,Adult,STRIDES ARCOLAB LIMITED,2367.0,10648.45,227161.0,20651,11.0,90,4.5,11.0,6,1,2010-06-22,2010-06-22,0,0,On-Time
731,Vietnam,PMO - US,Direct Drop,FCA,Air,ARV,Adult,ABBVIE LOGISTICS (FORMERLY ABBOTT LOGISTICS BV),2018.0,10263.55,676095.0,8225,82.2,83,5.09,82.2,6,1,2010-06-22,2010-06-22,0,0,On-Time
732,South Africa,PMO - US,Direct Drop,DDP,Air,ARV,Adult,Aurobindo Pharma Limited,3221.0,3296.57,447538.62,60234,7.43,97,1.02,7.43,6,3,2010-06-24,2010-06-24,0,0,On-Time
733,South Africa,PMO - US,Direct Drop,DDP,Air,ARV,Adult,Aurobindo Pharma Limited,1273.0,3296.58,176834.0,23800,7.43,97,2.59,7.43,6,3,2010-06-24,2010-06-24,0,0,On-Time
734,Rwanda,PMO - US,Direct Drop,CIP,Air,ARV,Adult,MYLAN LABORATORIES LTD (FORMERLY MATRIX LABORATORIES),6842.0,73790.43,789396.45,72091,10.95,298,10.78,10.95,6,4,2010-06-25,2010-06-25,0,0,On-Time
735,Côte d'Ivoire,PMO - US,Direct Drop,CIP,Air,ARV,Pediatric,MERCK SHARP & DOHME IDEA GMBH (FORMALLY MERCK SHARP & DOHME B.V.),805.0,1659.71,46419.52,2737,16.96,136,2.06,16.96,6,0,2010-06-28,2010-06-28,0,0,On-Time
736,Haiti,PMO - US,Direct Drop,FCA,Air,ARV,Pediatric,ABBVIE LOGISTICS (FORMERLY ABBOTT LOGISTICS BV),100.0,3806.01,1808.0,50,36.16,218,38.06,36.16,6,1,2010-06-29,2010-06-29,0,0,On-Time
737,Botswana,PMO - US,Direct Drop,EXW,Air,HRDT,HIV test - Ancillary,Orasure Technologies Inc.,6.0,418.94,250.0,10,25.0,273,69.82,25.0,6,2,2010-06-30,2010-06-30,0,0,On-Time
738,Namibia,PMO - US,Direct Drop,EXW,Air,HRDT,HIV test,"Trinity Biotech, Plc",170.0,1691.15,16000.0,500,32.0,173,9.95,32.0,6,2,2010-06-30,2010-06-30,0,0,On-Time
739,Rwanda,PMO - US,Direct Drop,CIP,Air,ARV,Adult,MYLAN LABORATORIES LTD (FORMERLY MATRIX LABORATORIES),2586.0,1170.2,424125.0,26100,16.25,141,0.45,16.25,6,2,2010-06-30,2010-06-30,0,0,On-Time
740,Rwanda,PMO - US,Direct Drop,CIP,Air,ARV,Adult,HETERO LABS LIMITED,3845.0,20194.78,206489.25,66825,3.09,350,5.25,3.09,7,3,2010-07-01,2010-07-01,0,0,On-Time
741,Vietnam,PMO - US,Direct Drop,EXW,Air,ARV,Adult,CIPLA LIMITED,2933.0,12067.26,171155.2,30080,5.69,97,4.11,5.69,7,3,2010-07-01,2010-07-01,0,0,On-Time
742,Vietnam,PMO - US,Direct Drop,EXW,Air,ARV,Adult,STRIDES ARCOLAB LIMITED,2799.0,11838.56,267839.0,24349,11.0,99,4.23,11.0,7,3,2010-07-01,2010-07-01,0,0,On-Time
743,Vietnam,PMO - US,Direct Drop,EXW,Air,ARV,Adult,MYLAN LABORATORIES LTD (FORMERLY MATRIX LABORATORIES),749.0,7488.39,2399.39,151,15.89,95,10.0,15.89,7,4,2010-07-02,2010-07-02,0,0,On-Time
744,Côte d'Ivoire,PMO - US,Direct Drop,CIP,Air,ARV,Pediatric,BRISTOL-MYERS SQUIBB,391.0,830.05,19000.0,2000,9.5,71,2.12,9.5,7,1,2010-07-06,2010-07-06,0,0,On-Time
745,Vietnam,PMO - US,Direct Drop,EXW,Air,ARV,Adult,Aurobindo Pharma Limited,3802.0,26084.14,183975.0,16500,11.15,239,6.86,11.15,7,1,2010-07-06,2010-07-06,0,0,On-Time
746,Vietnam,PMO - US,Direct Drop,EXW,Air,ARV,Adult,CIPLA LIMITED,4799.0,10959.54,284044.8,49920,5.69,102,2.28,5.69,7,1,2010-07-06,2010-07-06,0,0,On-Time
747,Kenya,PMO - US,Direct Drop,EXW,Air,HRDT,HIV test,"Orgenics, Ltd",1036.0,11163.27,530880.0,6636,80.0,217,10.78,80.0,7,2,2010-07-07,2010-07-08,1,1,Delayed
748,Kenya,PMO - US,Direct Drop,EXW,Air,HRDT,HIV test,"Orgenics, Ltd",1302.0,12678.52,240.0,3,80.0,217,9.74,80.0,7,2,2010-07-07,2010-07-07,0,0,On-Time
749,Kenya,PMO - US,Direct Drop,EXW,Air,HRDT,HIV test,"Orgenics, Ltd",1098.0,10929.38,428880.0,5361,80.0,217,9.95,80.0,7,2,2010-07-07,2010-07-07,0,0,On-Time
750,South Africa,PMO - US,Direct Drop,DDP,Air,ARV,Adult,STRIDES ARCOLAB LIMITED,15006.0,20134.62,779031.25,303125,2.57,110,1.34,2.57,7,2,2010-07-07,2010-07-07,0,0,On-Time
751,Zambia,PMO - US,Direct Drop,CIP,Air,ARV,Adult,INTERNATIONAL HEALTHCARE DISTRIBUTORS,2294.0,1100.2,369100.0,10000,36.91,44,0.48,36.91,7,3,2010-07-08,2010-07-08,0,0,On-Time
752,Rwanda,PMO - US,Direct Drop,CIP,Air,ARV,Adult,Aurobindo Pharma Limited,41.0,717.0,7966.7,599,13.3,154,17.49,13.3,7,1,2010-07-13,2010-07-13,0,0,On-Time
753,South Africa,PMO - US,Direct Drop,DDP,Air,ARV,Pediatric,Aurobindo Pharma Limited,4440.0,3283.59,34920.0,11640,3.0,117,0.74,3.0,7,2,2010-07-14,2010-08-24,41,1,Delayed
754,South Africa,PMO - US,Direct Drop,DDP,Air,ARV,Pediatric,Aurobindo Pharma Limited,4442.0,3283.59,34932.0,11644,3.0,117,0.74,3.0,7,2,2010-07-14,2010-07-14,0,0,On-Time
755,South Africa,PMO - US,Direct Drop,DDP,Air,ARV,Adult,STRIDES ARCOLAB LIMITED,16496.0,25285.11,856668.38,333334,2.57,118,1.53,2.57,7,3,2010-07-15,2010-07-15,0,0,On-Time
756,Vietnam,PMO - US,Direct Drop,FCA,Air,ARV,Adult,ABBVIE LOGISTICS (FORMERLY ABBOTT LOGISTICS BV),1348.0,10670.09,454566.0,5530,82.2,107,7.92,82.2,7,4,2010-07-16,2010-07-16,0,0,On-Time
757,Vietnam,PMO - US,Direct Drop,EXW,Air,ARV,Adult,Aurobindo Pharma Limited,1073.0,9535.67,94084.2,11004,8.55,114,8.89,8.55,7,4,2010-07-16,2010-07-16,0,0,On-Time
758,South Africa,PMO - US,Direct Drop,DDP,Air,ARV,Adult,CIPLA LIMITED,3243.0,1881.24,372427.5,47625,7.82,122,0.58,7.82,7,0,2010-07-19,2010-07-29,10,1,Delayed
759,South Africa,PMO - US,Direct Drop,DDP,Air,ARV,Adult,CIPLA LIMITED,136.0,1881.24,15765.12,2016,7.82,122,13.83,7.82,7,0,2010-07-19,2010-07-29,10,1,Delayed
760,South Africa,PMO - US,Direct Drop,DDP,Air,ARV,Adult,CIPLA LIMITED,76.0,916.22,8680.2,1110,7.82,122,12.06,7.82,7,0,2010-07-19,2010-07-19,0,0,On-Time
761,South Africa,PMO - US,Direct Drop,DDP,Air,ARV,Adult,CIPLA LIMITED,4141.0,5404.34,498798.7,63785,7.82,122,1.31,7.82,7,0,2010-07-19,2010-10-13,86,1,Delayed
762,South Africa,PMO - US,Direct Drop,DDP,Air,ARV,Adult,CIPLA LIMITED,793.0,916.22,90508.68,11574,7.82,122,1.16,7.82,7,0,2010-07-19,2010-07-19,0,0,On-Time
763,Uganda,PMO - US,Direct Drop,FCA,Air,ARV,Adult,ABBVIE LOGISTICS (FORMERLY ABBOTT LOGISTICS BV),53.0,708.2,575.4,15,38.36,42,13.36,38.36,7,0,2010-07-19,2010-07-19,0,0,On-Time
764,Vietnam,PMO - US,Direct Drop,EXW,Air,ARV,Adult,MYLAN LABORATORIES LTD (FORMERLY MATRIX LABORATORIES),5101.0,13241.08,272710.3,63421,4.3,119,2.6,4.3,7,2,2010-07-21,2010-07-21,0,0,On-Time
765,Nigeria,PMO - US,Direct Drop,EXW,Air,HRDT,HIV test,"Trinity Biotech, Plc",2373.0,29878.21,224000.0,7000,32.0,24,12.59,32.0,7,3,2010-07-22,2010-07-22,0,0,On-Time
766,Vietnam,PMO - US,Direct Drop,EXW,Air,ARV,Adult,MYLAN LABORATORIES LTD (FORMERLY MATRIX LABORATORIES),2585.0,11617.57,135789.7,31579,4.3,120,4.49,4.3,7,3,2010-07-22,2010-07-22,0,0,On-Time
767,Guyana,PMO - US,Direct Drop,EXW,Air,HRDT,HIV test,"Trinity Biotech, Plc",500.0,5255.14,47040.0,1470,32.0,36,10.51,32.0,7,1,2010-07-27,2010-07-27,0,0,On-Time
768,South Africa,PMO - US,Direct Drop,DDP,Air,ARV,Adult,STRIDES ARCOLAB LIMITED,14550.0,20706.21,756469.22,294346,2.57,130,1.42,2.57,7,1,2010-07-27,2010-07-27,0,0,On-Time
769,South Africa,PMO - US,Direct Drop,DDP,Air,ARV,Adult,STRIDES ARCOLAB LIMITED,5437.0,9205.05,246821.9,85111,2.9,130,1.69,2.9,7,1,2010-07-27,2010-07-27,0,0,On-Time
770,Tanzania,PMO - US,Direct Drop,FCA,Air,ARV,Adult,ABBVIE LOGISTICS (FORMERLY ABBOTT LOGISTICS BV),2020.0,9169.63,325693.12,9007,36.16,138,4.54,36.16,7,2,2010-07-28,2010-07-28,0,0,On-Time
771,Kenya,PMO - US,Direct Drop,EXW,Air,HRDT,HIV test,"Orgenics, Ltd",1454.0,13343.23,675360.0,8442,80.0,63,9.18,80.0,7,3,2010-07-29,2010-07-29,0,0,On-Time
772,Kenya,PMO - US,Direct Drop,EXW,Air,HRDT,HIV test,"Orgenics, Ltd",1411.0,13150.21,240.0,3,80.0,63,9.32,80.0,7,3,2010-07-29,2010-07-29,0,0,On-Time
773,Kenya,PMO - US,Direct Drop,EXW,Air,HRDT,HIV test,"Orgenics, Ltd",974.0,9456.46,364400.0,4555,80.0,63,9.71,80.0,7,3,2010-07-29,2010-07-30,1,1,Delayed
774,Vietnam,PMO - US,Direct Drop,EXW,Air,ARV,Adult,Aurobindo Pharma Limited,902.0,7421.81,77565.6,9072,8.55,127,8.23,8.55,7,3,2010-07-29,2010-07-29,0,0,On-Time
775,Vietnam,PMO - US,Direct Drop,FCA,Air,ARV,Adult,ABBVIE LOGISTICS (FORMERLY ABBOTT LOGISTICS BV),255.0,8227.99,83022.0,1010,82.2,122,32.27,82.2,7,5,2010-07-31,2010-07-31,0,0,On-Time
776,Vietnam,PMO - US,Direct Drop,FCA,Air,ARV,Adult,ABBVIE LOGISTICS (FORMERLY ABBOTT LOGISTICS BV),862.0,5215.07,285234.0,3470,82.2,122,6.05,82.2,7,5,2010-07-31,2010-07-31,0,0,On-Time
777,Tanzania,PMO - US,Direct Drop,EXW,Air,ARV,Pediatric,EMCURE PHARMACEUTICALS LTD,112.0,1122.07,27785.85,1065,26.09,101,10.02,26.09,8,0,2010-08-02,2010-08-02,0,0,On-Time
778,Vietnam,PMO - US,Direct Drop,FCA,Air,ARV,Adult,ABBVIE LOGISTICS (FORMERLY ABBOTT LOGISTICS BV),57.0,5795.92,6137.6,20,306.88,124,101.68,306.88,8,0,2010-08-02,2010-08-02,0,0,On-Time
779,Côte d'Ivoire,PMO - US,Direct Drop,EXW,Air,HRDT,HIV test,"CHEMBIO DIAGNOSTIC SYSTEMS, INC.",706.0,6150.75,67041.0,2483,27.0,57,8.71,27.0,8,1,2010-08-03,2010-08-03,0,0,On-Time
780,Côte d'Ivoire,PMO - US,Direct Drop,EXW,Air,HRDT,HIV test,"Orgenics, Ltd",679.0,11163.49,233100.0,3000,77.7,57,16.44,77.7,8,1,2010-08-03,2010-08-03,0,0,On-Time
781,Vietnam,PMO - US,Direct Drop,EXW,Air,ARV,Adult,STRIDES ARCOLAB LIMITED,497.0,6269.65,10569.0,4065,2.6,127,12.61,2.6,8,1,2010-08-03,2010-08-03,0,0,On-Time
782,Vietnam,PMO - US,Direct Drop,EXW,Air,ARV,Adult,STRIDES ARCOLAB LIMITED,726.0,7388.14,5640.0,2400,2.35,127,10.18,2.35,8,1,2010-08-03,2010-08-03,0,0,On-Time
783,Vietnam,PMO - US,Direct Drop,EXW,Air,ARV,Adult,STRIDES ARCOLAB LIMITED,2035.0,8711.4,101665.7,43262,2.35,132,4.28,2.35,8,1,2010-08-03,2010-08-03,0,0,On-Time
784,Vietnam,PMO - US,Direct Drop,EXW,Air,ARV,Adult,STRIDES ARCOLAB LIMITED,420.0,6683.69,20534.3,8738,2.35,132,15.91,2.35,8,1,2010-08-03,2010-08-03,0,0,On-Time
785,Mozambique,PMO - US,Direct Drop,EXW,Air,HRDT,HIV test,"Orgenics, Ltd",937.0,11566.55,320978.7,4131,77.7,105,12.34,77.7,8,2,2010-08-04,2010-08-04,0,0,On-Time
786,Rwanda,PMO - US,Direct Drop,CIP,Air,ARV,Adult,Aurobindo Pharma Limited,46.0,1127.95,12532.78,559,22.42,384,24.52,22.42,8,2,2010-08-04,2010-08-04,0,0,On-Time
787,Tanzania,PMO - US,Direct Drop,EXW,Air,ARV,Adult,Aurobindo Pharma Limited,3380.0,17603.58,74523.8,28663,2.6,44,5.21,2.6,8,5,2010-08-07,2010-08-09,2,1,Delayed
788,Tanzania,PMO - US,Direct Drop,EXW,Air,ARV,Adult,Aurobindo Pharma Limited,3392.0,20294.85,74763.0,28755,2.6,44,5.98,2.6,8,5,2010-08-07,2010-08-07,0,0,On-Time
789,Tanzania,PMO - US,Direct Drop,EXW,Air,ARV,Adult,Aurobindo Pharma Limited,3396.0,16416.58,74880.0,28800,2.6,44,4.83,2.6,8,5,2010-08-07,2010-08-07,0,0,On-Time
790,Tanzania,PMO - US,Direct Drop,EXW,Air,ARV,Adult,Aurobindo Pharma Limited,820.0,18044.49,18028.4,6934,2.6,44,22.01,2.6,8,5,2010-08-07,2010-08-07,0,0,On-Time
791,Guyana,PMO - US,Direct Drop,EXW,Air,HRDT,HIV test,"Orgenics, Ltd",304.0,6363.92,55620.0,618,90.0,49,20.93,90.0,8,0,2010-08-09,2010-08-09,0,0,On-Time
792,Vietnam,PMO - US,Direct Drop,EXW,Air,ARV,Adult,MYLAN LABORATORIES LTD (FORMERLY MATRIX LABORATORIES),255.0,6518.69,25802.0,3686,7.0,133,25.56,7.0,8,0,2010-08-09,2010-08-09,0,0,On-Time
793,Vietnam,PMO - US,Direct Drop,EXW,Air,ARV,Adult,Aurobindo Pharma Limited,1553.0,13320.8,3276.0,252,13.0,141,8.58,13.0,8,4,2010-08-13,2010-08-13,0,0,On-Time
794,Vietnam,PMO - US,Direct Drop,EXW,Air,ARV,Adult,Aurobindo Pharma Limited,2046.0,14405.31,2184.0,168,13.0,141,7.04,13.0,8,4,2010-08-13,2010-08-13,0,0,On-Time
795,Vietnam,PMO - US,Direct Drop,EXW,Air,ARV,Adult,MYLAN LABORATORIES LTD (FORMERLY MATRIX LABORATORIES),5009.0,17031.91,268186.7,62369,4.3,137,3.4,4.3,8,4,2010-08-13,2010-08-13,0,0,On-Time
796,Côte d'Ivoire,PMO - US,Direct Drop,EXW,Air,HRDT,HIV test,"Standard Diagnostics, Inc.",300.0,3489.46,21600.0,900,24.0,71,11.63,24.0,8,1,2010-08-17,2010-08-17,0,0,On-Time
797,Vietnam,PMO - US,Direct Drop,EXW,Air,ARV,Adult,Aurobindo Pharma Limited,2904.0,14223.39,228575.0,20500,11.15,285,4.9,11.15,8,0,2010-08-23,2010-08-23,0,0,On-Time
798,Vietnam,PMO - US,Direct Drop,EXW,Air,ARV,Adult,Aurobindo Pharma Limited,2148.0,12793.94,189488.88,22008,8.61,285,5.96,8.61,8,0,2010-08-23,2010-08-23,0,0,On-Time
799,South Africa,PMO - US,Direct Drop,DDP,Air,ARV,Adult,Aurobindo Pharma Limited,4815.0,5886.9,265615.59,56877,4.67,158,1.22,4.67,8,1,2010-08-24,2010-08-24,0,0,On-Time
800,South Africa,PMO - US,Direct Drop,DDP,Air,ARV,Pediatric,Aurobindo Pharma Limited,3206.0,2154.51,25422.0,8474,3.0,158,0.67,3.0,8,1,2010-08-24,2010-08-24,0,0,On-Time
801,South Africa,PMO - US,Direct Drop,DDP,Air,ARV,Adult,Aurobindo Pharma Limited,1791.0,1791.42,84345.14,33338,2.53,158,1.0,2.53,8,1,2010-08-24,2010-09-20,27,1,Delayed
802,South Africa,PMO - US,Direct Drop,DDP,Air,ARV,Adult,Aurobindo Pharma Limited,4872.0,5886.9,268992.0,57600,4.67,158,1.21,4.67,8,1,2010-08-24,2010-08-24,0,0,On-Time
803,South Africa,PMO - US,Direct Drop,DDP,Air,ARV,Adult,Aurobindo Pharma Limited,3.0,1791.41,5070.12,2004,2.53,158,597.13,2.53,8,1,2010-08-24,2010-11-19,87,1,Delayed
804,South Africa,PMO - US,Direct Drop,DDP,Air,ARV,Adult,Aurobindo Pharma Limited,1828.0,1791.42,86189.51,34067,2.53,158,0.98,2.53,8,1,2010-08-24,2010-09-20,27,1,Delayed
805,South Africa,PMO - US,Direct Drop,DDP,Air,ARV,Pediatric,Aurobindo Pharma Limited,4386.0,12917.3,34920.0,11640,3.0,158,2.95,3.0,8,1,2010-08-24,2010-12-08,106,1,Delayed
806,South Africa,PMO - US,Direct Drop,DDP,Air,ARV,Pediatric,Aurobindo Pharma Limited,1205.0,3283.62,9552.0,3184,3.0,158,2.72,3.0,8,1,2010-08-24,2010-08-24,0,0,On-Time
807,South Africa,PMO - US,Direct Drop,DDP,Air,ARV,Adult,Aurobindo Pharma Limited,2131.0,5886.9,117637.3,25190,4.67,158,2.76,4.67,8,1,2010-08-24,2010-08-04,-20,0,On-Time
808,South Africa,PMO - US,Direct Drop,DDP,Air,ARV,Adult,Aurobindo Pharma Limited,1823.0,1791.42,85949.16,33972,2.53,158,0.98,2.53,8,1,2010-08-24,2010-08-11,-13,0,On-Time
809,South Africa,PMO - US,Direct Drop,DDP,Air,ARV,Pediatric,Aurobindo Pharma Limited,4396.0,3283.59,35004.0,11668,3.0,158,0.75,3.0,8,1,2010-08-24,2010-08-24,0,0,On-Time
810,South Africa,PMO - US,Direct Drop,DDP,Air,ARV,Adult,Aurobindo Pharma Limited,1727.0,1791.42,81137.1,32070,2.53,158,1.04,2.53,8,1,2010-08-24,2010-08-24,0,0,On-Time
811,South Africa,PMO - US,Direct Drop,DDP,Air,ARV,Pediatric,Aurobindo Pharma Limited,4382.0,2154.52,34884.0,11628,3.0,158,0.49,3.0,8,1,2010-08-24,2011-01-21,150,1,Delayed
812,South Africa,PMO - US,Direct Drop,DDP,Air,ARV,Adult,Aurobindo Pharma Limited,1810.0,2016.42,85288.83,33711,2.53,158,1.11,2.53,8,1,2010-08-24,2010-09-20,27,1,Delayed
813,South Africa,PMO - US,Direct Drop,DDP,Air,ARV,Adult,Aurobindo Pharma Limited,4822.0,5886.9,266049.9,56970,4.67,158,1.22,4.67,8,1,2010-08-24,2010-08-24,0,0,On-Time
814,South Africa,PMO - US,Direct Drop,DDP,Air,ARV,Adult,Aurobindo Pharma Limited,912.0,1791.42,43007.47,16999,2.53,158,1.96,2.53,8,1,2010-08-24,2010-09-20,27,1,Delayed
815,South Africa,PMO - US,Direct Drop,DDP,Air,ARV,Adult,Aurobindo Pharma Limited,4507.0,5886.96,248602.78,53234,4.67,158,1.31,4.67,8,1,2010-08-24,2010-08-24,0,0,On-Time
816,Botswana,PMO - US,Direct Drop,EXW,Air,HRDT,HIV test,"Trinity Biotech, Plc",26.0,659.27,1600.0,50,32.0,63,25.36,32.0,8,2,2010-08-25,2010-08-25,0,0,On-Time
817,Côte d'Ivoire,PMO - US,Direct Drop,EXW,Air,HRDT,HIV test,"Standard Diagnostics, Inc.",486.0,5074.33,34944.0,1456,24.0,81,10.44,24.0,8,4,2010-08-27,2010-08-27,0,0,On-Time
818,Côte d'Ivoire,PMO - US,Direct Drop,EXW,Air,HRDT,HIV test,"CHEMBIO DIAGNOSTIC SYSTEMS, INC.",685.0,5557.27,55836.0,2068,27.0,81,8.11,27.0,8,4,2010-08-27,2010-08-27,0,0,On-Time
819,Haiti,PMO - US,Direct Drop,CIP,Air,ARV,Pediatric,MERCK SHARP & DOHME IDEA GMBH (FORMALLY MERCK SHARP & DOHME B.V.),109.0,290.0,5800.32,342,16.96,97,2.66,16.96,8,0,2010-08-30,2010-08-30,0,0,On-Time
820,Botswana,PMO - US,Direct Drop,EXW,Air,HRDT,HIV test - Ancillary,Orasure Technologies Inc.,6.0,418.94,250.0,10,25.0,335,69.82,25.0,8,1,2010-08-31,2010-08-31,0,0,On-Time
821,South Africa,PMO - US,Direct Drop,DDP,Air,ARV,Adult,CIPLA LIMITED,1842.0,5298.03,211069.62,26991,7.82,166,2.88,7.82,9,2,2010-09-01,2010-09-01,0,0,On-Time
822,South Africa,PMO - US,Direct Drop,DDP,Air,ARV,Adult,CIPLA LIMITED,5663.0,5298.02,650921.16,83238,7.82,166,0.94,7.82,9,2,2010-09-01,2010-10-11,40,1,Delayed
823,South Africa,PMO - US,Direct Drop,DDP,Air,ARV,Adult,CIPLA LIMITED,4398.0,5298.03,506509.22,64771,7.82,166,1.2,7.82,9,2,2010-09-01,2010-09-03,2,1,Delayed
824,Uganda,PMO - US,Direct Drop,DDU,Air,ARV,Adult,ASPEN PHARMACARE,10.0,435.0,4199.01,50,83.98,21,43.5,83.98,9,2,2010-09-01,2010-09-01,0,0,On-Time
825,Botswana,PMO - US,Direct Drop,EXW,Air,HRDT,HIV test,"Orgenics, Ltd",5.0,760.22,800.0,10,80.0,90,152.04,80.0,9,0,2010-09-06,2010-09-06,0,0,On-Time
826,Botswana,PMO - US,Direct Drop,EXW,Air,HRDT,HIV test,"Orgenics, Ltd",2.0,807.65,560.0,8,70.0,342,403.82,70.0,9,0,2010-09-06,2010-09-06,0,0,On-Time
827,Vietnam,PMO - US,Direct Drop,FCA,Air,ARV,Adult,ABBVIE LOGISTICS (FORMERLY ABBOTT LOGISTICS BV),60.0,3981.97,7365.12,24,306.88,67,66.37,306.88,9,0,2010-09-06,2010-09-06,0,0,On-Time
828,South Africa,PMO - US,Direct Drop,DDP,Air,ARV,Adult,Aurobindo Pharma Limited,993.0,4263.07,53751.7,11510,4.67,172,4.29,4.67,9,1,2010-09-07,2010-09-07,0,0,On-Time
829,South Africa,PMO - US,Direct Drop,DDP,Air,ARV,Adult,Aurobindo Pharma Limited,3240.0,4263.07,161395.2,34560,4.67,172,1.32,4.67,9,1,2010-09-07,2010-10-15,38,1,Delayed
830,South Africa,PMO - US,Direct Drop,DDP,Air,ARV,Adult,Aurobindo Pharma Limited,3764.0,4263.07,187430.45,40135,4.67,172,1.13,4.67,9,1,2010-09-07,2010-10-15,38,1,Delayed
831,South Africa,PMO - US,Direct Drop,DDP,Air,ARV,Adult,Aurobindo Pharma Limited,2970.0,4263.08,147945.6,31680,4.67,172,1.44,4.67,9,1,2010-09-07,2010-11-17,71,1,Delayed
832,South Africa,PMO - US,Direct Drop,DDP,Air,ARV,Adult,Aurobindo Pharma Limited,2970.0,4263.07,147945.6,31680,4.67,172,1.44,4.67,9,1,2010-09-07,2010-10-27,50,1,Delayed
833,South Africa,PMO - US,Direct Drop,DDP,Air,ARV,Adult,Aurobindo Pharma Limited,3005.0,4263.07,148856.25,31875,4.67,172,1.42,4.67,9,1,2010-09-07,2010-09-20,13,1,Delayed
834,South Africa,PMO - US,Direct Drop,DDP,Air,ARV,Adult,Aurobindo Pharma Limited,3669.0,4263.07,182358.83,39049,4.67,172,1.16,4.67,9,1,2010-09-07,2010-11-17,71,1,Delayed
835,Uganda,PMO - US,Direct Drop,CIP,Air,ARV,Adult,MERCK SHARP & DOHME IDEA GMBH (FORMALLY MERCK SHARP & DOHME B.V.),7.0,360.0,5764.5,63,91.5,49,51.43,91.5,9,1,2010-09-07,2010-09-07,0,0,On-Time
836,Côte d'Ivoire,PMO - US,Direct Drop,CIP,Air,ARV,Pediatric,BRISTOL-MYERS SQUIBB,1278.0,1742.12,57000.0,6000,9.5,37,1.36,9.5,9,2,2010-09-08,2010-09-08,0,0,On-Time
837,Côte d'Ivoire,PMO - US,Direct Drop,EXW,Air,HRDT,HIV test,"Orgenics, Ltd",680.0,11463.46,233100.0,3000,77.7,93,16.86,77.7,9,2,2010-09-08,2010-09-08,0,0,On-Time
838,Rwanda,PMO - US,Direct Drop,EXW,Air,HRDT,HIV test,"Orgenics, Ltd",1136.0,49573.62,388500.0,5000,77.7,49,43.64,77.7,9,3,2010-09-09,2010-09-09,0,0,On-Time
839,Botswana,PMO - US,Direct Drop,EXW,Air,HRDT,HIV test - Ancillary,"Trinity Biotech, Plc",5.0,592.46,465.0,15,31.0,304,118.49,31.0,9,0,2010-09-13,2010-09-13,0,0,On-Time
840,Botswana,PMO - US,Direct Drop,EXW,Air,HRDT,HIV test,"Trinity Biotech, Plc",2.0,592.46,160.0,5,32.0,348,296.23,32.0,9,0,2010-09-13,2010-09-13,0,0,On-Time
841,Haiti,PMO - US,Direct Drop,EXW,Air,HRDT,HIV test,"Orgenics, Ltd",227.0,2486.62,97680.0,1000,97.68,103,10.95,97.68,9,0,2010-09-13,2010-09-13,0,0,On-Time
842,Vietnam,PMO - US,Direct Drop,FCA,Air,ARV,Adult,ABBVIE LOGISTICS (FORMERLY ABBOTT LOGISTICS BV),168.0,4092.21,17185.28,56,306.88,74,24.36,306.88,9,0,2010-09-13,2010-09-13,0,0,On-Time
843,Dominican Republic,PMO - US,Direct Drop,EXW,Air,ARV,Adult,MYLAN LABORATORIES LTD (FORMERLY MATRIX LABORATORIES),111.0,1254.61,14000.0,2000,7.0,46,11.3,7.0,9,1,2010-09-14,2010-09-14,0,0,On-Time
844,Zambia,PMO - US,Direct Drop,CIP,Air,ARV,Adult,ABBVIE LOGISTICS (FORMERLY ABBOTT LOGISTICS BV),4959.0,2173.4,816200.0,22000,37.1,302,0.44,37.1,9,2,2010-09-15,2010-09-15,0,0,On-Time
845,Kenya,PMO - US,Direct Drop,EXW,Air,HRDT,HIV test,"Trinity Biotech, Plc",518.0,4851.0,48480.0,1515,32.0,47,9.36,32.0,9,0,2010-09-20,2010-09-20,0,0,On-Time
846,South Africa,PMO - US,Direct Drop,DDP,Air,ARV,Adult,Aurobindo Pharma Limited,1577.0,1697.9,218456.86,29402,7.43,185,1.08,7.43,9,0,2010-09-20,2010-09-20,0,0,On-Time
847,South Africa,PMO - US,Direct Drop,DDP,Air,ARV,Adult,Aurobindo Pharma Limited,458.0,1697.9,62159.38,8366,7.43,185,3.71,7.43,9,0,2010-09-20,2010-12-13,84,1,Delayed
848,South Africa,PMO - US,Direct Drop,DDP,Air,ARV,Adult,Aurobindo Pharma Limited,124.0,1697.89,15588.14,2098,7.43,185,13.69,7.43,9,0,2010-09-20,2010-12-15,86,1,Delayed
849,South Africa,PMO - US,Direct Drop,DDP,Air,ARV,Adult,Aurobindo Pharma Limited,2373.0,1697.9,328168.24,44168,7.43,185,0.72,7.43,9,0,2010-09-20,2010-09-20,0,0,On-Time
850,Vietnam,PMO - US,Direct Drop,EXW,Air,ARV,Adult,MYLAN LABORATORIES LTD (FORMERLY MATRIX LABORATORIES),10.0,3896.68,1574.0,100,15.74,82,389.67,15.74,9,0,2010-09-20,2010-09-20,0,0,On-Time
851,Côte d'Ivoire,PMO - US,Direct Drop,CIP,Air,ARV,Adult,MERCK SHARP & DOHME IDEA GMBH (FORMALLY MERCK SHARP & DOHME B.V.),254.0,881.33,50000.0,1000,50.0,221,3.47,50.0,9,1,2010-09-21,2010-09-21,0,0,On-Time
852,Tanzania,PMO - US,Direct Drop,EXW,Ocean,ARV,Adult,MYLAN LABORATORIES LTD (FORMERLY MATRIX LABORATORIES),6349.0,27797.6,1148767.3,57727,19.9,151,4.38,19.9,9,1,2010-09-21,2010-09-21,0,0,On-Time
853,Vietnam,PMO - US,Direct Drop,EXW,Air,ARV,Adult,STRIDES ARCOLAB LIMITED,71.0,4035.45,3167.38,1247,2.54,82,56.84,2.54,9,1,2010-09-21,2010-09-21,0,0,On-Time
854,Rwanda,PMO - US,Direct Drop,CIP,Air,ARV,Adult,MYLAN LABORATORIES LTD (FORMERLY MATRIX LABORATORIES),7965.0,65851.29,698706.0,61290,11.4,181,8.27,11.4,9,0,2010-09-27,2010-09-27,0,0,On-Time
855,Mozambique,PMO - US,Direct Drop,EXW,Air,HRDT,HIV test,"Trinity Biotech, Plc",145.0,2572.68,13568.0,424,32.0,50,17.74,32.0,9,2,2010-09-29,2010-09-29,0,0,On-Time
856,Haiti,PMO - US,Direct Drop,EXW,Air,HRDT,HIV test,Orasure Technologies Inc.,240.0,4355.7,35000.0,100,350.0,63,18.15,350.0,10,4,2010-10-01,2010-10-01,0,0,On-Time
857,Guyana,PMO - US,Direct Drop,EXW,Air,HRDT,HIV test,"Trinity Biotech, Plc",564.0,5806.53,53952.0,1686,32.0,107,10.3,32.0,10,2,2010-10-06,2010-10-06,0,0,On-Time
858,Rwanda,PMO - US,Direct Drop,CIP,Air,ARV,Adult,MYLAN LABORATORIES LTD (FORMERLY MATRIX LABORATORIES),1716.0,17074.8,189720.0,21080,9.0,178,9.95,9.0,10,6,2010-10-10,2010-10-10,0,0,On-Time
859,South Africa,PMO - US,Direct Drop,DDP,Ocean,ARV,Adult,Aurobindo Pharma Limited,1552.0,18114.34,79831.51,17701,4.51,117,11.67,4.51,10,1,2010-10-12,2010-10-12,0,0,On-Time
860,South Africa,PMO - US,Direct Drop,DDP,Air,ARV,Adult,CIPLA LIMITED,1378.0,3646.1,156337.44,19992,7.82,208,2.65,7.82,10,2,2010-10-13,2011-01-25,104,1,Delayed
861,South Africa,PMO - US,Direct Drop,DDP,Air,ARV,Adult,CIPLA LIMITED,3071.0,3646.13,349686.94,44717,7.82,208,1.19,7.82,10,2,2010-10-13,2010-11-29,47,1,Delayed
862,South Africa,PMO - US,Direct Drop,DDP,Air,ARV,Adult,CIPLA LIMITED,3549.0,3646.13,406014.4,51920,7.82,208,1.03,7.82,10,2,2010-10-13,2010-10-27,14,1,Delayed
863,South Africa,PMO - US,Direct Drop,DDP,Air,ARV,Adult,CIPLA LIMITED,1087.0,2531.3,172800.0,10000,17.28,119,2.33,17.28,10,2,2010-10-13,2010-10-13,0,0,On-Time
864,South Africa,PMO - US,Direct Drop,DDP,Air,ARV,Adult,CIPLA LIMITED,3728.0,3646.13,424211.54,54247,7.82,208,0.98,7.82,10,2,2010-10-13,2010-12-01,49,1,Delayed
865,South Africa,PMO - US,Direct Drop,DDP,Air,ARV,Adult,CIPLA LIMITED,4942.0,3646.13,567403.56,72558,7.82,208,0.74,7.82,10,2,2010-10-13,2010-10-13,0,0,On-Time
866,South Africa,PMO - US,Direct Drop,DDP,Air,ARV,Adult,CIPLA LIMITED,4457.0,3646.13,506251.16,64738,7.82,208,0.82,7.82,10,2,2010-10-13,2010-10-27,14,1,Delayed
867,South Africa,PMO - US,Direct Drop,DDP,Air,ARV,Adult,CIPLA LIMITED,3543.0,3646.13,405294.96,51828,7.82,208,1.03,7.82,10,2,2010-10-13,2010-11-17,35,1,Delayed
868,Vietnam,PMO - US,Direct Drop,EXW,Air,ARV,Adult,STRIDES ARCOLAB LIMITED,216.0,4146.33,9532.62,3753,2.54,104,19.2,2.54,10,2,2010-10-13,2010-10-13,0,0,On-Time
869,Rwanda,PMO - US,Direct Drop,EXW,Air,HRDT,HIV test,"Standard Diagnostics, Inc.",604.0,8823.41,40800.0,1700,24.0,29,14.61,24.0,10,2,2010-10-20,2010-10-20,0,0,On-Time
870,Dominican Republic,PMO - US,Direct Drop,EXW,Truck,ARV,Adult,"ABBVIE, SRL (FORMALLY ABBOTT LABORATORIES INTERNATIONAL CO.)",268.0,666.66,49824.0,346,144.0,50,2.49,144.0,10,4,2010-10-22,2010-10-22,0,0,On-Time
871,South Africa,PMO - US,Direct Drop,DDP,Ocean,ARV,Adult,STRIDES ARCOLAB LIMITED,7193.0,8559.24,327120.0,116000,2.82,127,1.19,2.82,10,4,2010-10-22,2010-10-22,0,0,On-Time
872,Tanzania,PMO - US,Direct Drop,EXW,Air,ARV,Adult,MYLAN LABORATORIES LTD (FORMERLY MATRIX LABORATORIES),1081.0,5834.1,179100.0,9000,19.9,58,5.4,19.9,10,4,2010-10-22,2010-10-22,0,0,On-Time
873,Vietnam,PMO - US,Direct Drop,EXW,Air,ARV,Adult,STRIDES ARCOLAB LIMITED,2769.0,10546.68,264000.0,24000,11.0,116,3.81,11.0,10,0,2010-10-25,2010-10-25,0,0,On-Time
874,Côte d'Ivoire,PMO - US,Direct Drop,CIP,Air,ARV,Adult,MERCK SHARP & DOHME IDEA GMBH (FORMALLY MERCK SHARP & DOHME B.V.),269.0,1315.14,100800.0,2000,50.4,47,4.89,50.4,10,2,2010-10-27,2010-10-27,0,0,On-Time
875,Guyana,PMO - US,Direct Drop,EXW,Air,HRDT,HIV test,"Orgenics, Ltd",154.0,4268.93,30240.0,336,90.0,128,27.72,90.0,10,2,2010-10-27,2010-10-27,0,0,On-Time
876,Sudan,PMO - US,Direct Drop,EXW,Air,HRDT,HIV test,"Standard Diagnostics, Inc.",75.0,1539.55,480.0,24,20.0,74,20.53,20.0,11,0,2010-11-01,2010-11-01,0,0,On-Time
877,Rwanda,PMO - US,Direct Drop,CIP,Air,ARV,Adult,MYLAN LABORATORIES LTD (FORMERLY MATRIX LABORATORIES),13147.0,4781.8,1211192.5,138422,8.75,34,0.36,8.75,11,1,2010-11-02,2010-11-02,0,0,On-Time
878,Vietnam,PMO - US,Direct Drop,EXW,Air,ARV,Adult,MYLAN LABORATORIES LTD (FORMERLY MATRIX LABORATORIES),22.0,3587.81,3148.0,200,15.74,126,163.08,15.74,11,2,2010-11-03,2010-11-03,0,0,On-Time
879,Mozambique,PMO - US,Direct Drop,EXW,Air,HRDT,HIV test,"Orgenics, Ltd",97.0,1910.93,16960.0,212,80.0,86,19.7,80.0,11,3,2010-11-04,2010-11-04,0,0,On-Time
880,South Africa,PMO - US,Direct Drop,DDP,Ocean,ARV,Adult,STRIDES ARCOLAB LIMITED,7670.0,8256.97,373500.0,150000,2.49,140,1.08,2.49,11,3,2010-11-04,2010-11-04,0,0,On-Time
881,South Africa,PMO - US,Direct Drop,DDP,Ocean,ARV,Adult,STRIDES ARCOLAB LIMITED,3755.0,4514.06,186750.0,75000,2.49,140,1.2,2.49,11,3,2010-11-04,2010-11-04,0,0,On-Time
882,Vietnam,PMO - US,Direct Drop,EXW,Air,ARV,Adult,MYLAN LABORATORIES LTD (FORMERLY MATRIX LABORATORIES),3494.0,10711.06,184194.8,42836,4.3,225,3.07,4.3,11,1,2010-11-09,2010-11-09,0,0,On-Time
883,Vietnam,PMO - US,Direct Drop,EXW,Air,ARV,Adult,MYLAN LABORATORIES LTD (FORMERLY MATRIX LABORATORIES),3329.0,10455.35,175827.0,40890,4.3,225,3.14,4.3,11,1,2010-11-09,2010-11-09,0,0,On-Time
884,Vietnam,PMO - US,Direct Drop,EXW,Air,ARV,Adult,MYLAN LABORATORIES LTD (FORMERLY MATRIX LABORATORIES),3919.0,11372.45,207410.5,48235,4.3,225,2.9,4.3,11,1,2010-11-09,2010-11-09,0,0,On-Time
885,Côte d'Ivoire,PMO - US,Direct Drop,EXW,Air,HRDT,HIV test,"Standard Diagnostics, Inc.",429.0,4540.55,28944.0,1206,24.0,103,10.58,24.0,11,2,2010-11-10,2010-11-10,0,0,On-Time
886,Côte d'Ivoire,PMO - US,Direct Drop,EXW,Air,HRDT,HIV test,"Orgenics, Ltd",1229.0,17085.16,420201.6,5408,77.7,103,13.9,77.7,11,2,2010-11-10,2010-11-10,0,0,On-Time
887,Haiti,PMO - US,Direct Drop,EXW,Air,HRDT,HIV test,"SHANGHAI KEHUA BIOENGINEERING CO.,LTD.  (KHB)",30.0,835.01,920.0,40,23.0,49,27.83,23.0,11,4,2010-11-12,2010-11-12,0,0,On-Time
888,Kenya,PMO - US,Direct Drop,EXW,Air,HRDT,HIV test,"Orgenics, Ltd",1407.0,15200.59,727842.0,8178,89.0,77,10.8,89.0,11,4,2010-11-12,2010-11-12,0,0,On-Time
889,Kenya,PMO - US,Direct Drop,EXW,Air,HRDT,HIV test,"Orgenics, Ltd",1427.0,15353.45,229442.0,2578,89.0,77,10.76,89.0,11,4,2010-11-12,2010-11-12,0,0,On-Time
890,Kenya,PMO - US,Direct Drop,EXW,Air,HRDT,HIV test,"Orgenics, Ltd",1233.0,13753.58,89.0,1,89.0,77,11.15,89.0,11,4,2010-11-12,2010-11-12,0,0,On-Time
891,Kenya,PMO - US,Direct Drop,EXW,Air,HRDT,HIV test,"Orgenics, Ltd",1247.0,13765.81,644627.0,7243,89.0,77,11.04,89.0,11,4,2010-11-12,2010-11-12,0,0,On-Time
892,Sudan,PMO - US,Direct Drop,EXW,Air,HRDT,HIV test,"Orgenics, Ltd",119.0,2742.83,23140.0,260,89.0,71,23.05,89.0,11,4,2010-11-12,2010-11-12,0,0,On-Time
893,Rwanda,PMO - US,Direct Drop,EXW,Air,HRDT,HIV test,"Orgenics, Ltd",1134.0,50550.58,388500.0,5000,77.7,119,44.58,77.7,11,2,2010-11-17,2010-11-17,0,0,On-Time
894,South Africa,PMO - US,Direct Drop,DDP,Ocean,ARV,Adult,STRIDES ARCOLAB LIMITED,6297.0,7526.14,282000.0,100000,2.82,153,1.2,2.82,11,2,2010-11-17,2010-11-17,0,0,On-Time
895,Guyana,PMO - US,Direct Drop,EXW,Air,HRDT,HIV test,"CHEMBIO DIAGNOSTIC SYSTEMS, INC.",14.0,269.98,1080.0,40,27.0,23,19.28,27.0,11,4,2010-11-19,2010-11-19,0,0,On-Time
896,Botswana,PMO - US,Direct Drop,EXW,Air,HRDT,HIV test,"Trinity Biotech, Plc",2.0,634.36,160.0,5,32.0,418,317.18,32.0,11,0,2010-11-22,2010-11-22,0,0,On-Time
897,Côte d'Ivoire,PMO - US,Direct Drop,EXW,Air,HRDT,HIV test,"Orgenics, Ltd",64.0,2319.8,21367.5,275,77.7,67,36.25,77.7,11,0,2010-11-22,2010-11-22,0,0,On-Time
898,Zambia,PMO - US,Direct Drop,EXW,Air,HRDT,HIV test,"Trinity Biotech, Plc",2304.0,33525.96,224000.0,7000,32.0,47,14.55,32.0,11,1,2010-11-23,2010-11-23,0,0,On-Time
899,Côte d'Ivoire,PMO - US,Direct Drop,EXW,Air,HRDT,HIV test,"CHEMBIO DIAGNOSTIC SYSTEMS, INC.",1038.0,3360.75,76275.0,2825,27.0,117,3.24,27.0,11,2,2010-11-24,2010-11-24,0,0,On-Time
900,Côte d'Ivoire,PMO - US,Direct Drop,EXW,Air,HRDT,HIV test,"CHEMBIO DIAGNOSTIC SYSTEMS, INC.",115.0,7883.32,5940.0,220,27.0,69,68.55,27.0,11,2,2010-11-24,2010-11-24,0,0,On-Time
901,Guyana,PMO - US,Direct Drop,EXW,Air,ARV,Adult,Aurobindo Pharma Limited,1028.0,12609.89,136656.0,3796,36.0,68,12.27,36.0,11,2,2010-11-24,2010-11-24,0,0,On-Time
902,South Africa,PMO - US,Direct Drop,DDP,Air,ARV,Adult,Aurobindo Pharma Limited,3545.0,5953.38,278604.29,40319,6.91,161,1.68,6.91,11,3,2010-11-25,2010-11-25,0,0,On-Time
903,South Africa,PMO - US,Direct Drop,DDP,Air,ARV,Adult,Aurobindo Pharma Limited,5200.0,5953.37,412395.71,59681,6.91,161,1.14,6.91,11,3,2010-11-25,2010-12-08,13,1,Delayed
904,Sudan,PMO - US,Direct Drop,EXW,Air,HRDT,HIV test,"Trinity Biotech, Plc",17.0,1117.79,1600.0,50,32.0,98,65.75,32.0,11,0,2010-11-29,2010-11-29,0,0,On-Time
905,Mozambique,PMO - US,Direct Drop,EXW,Air,HRDT,HIV test,"Trinity Biotech, Plc",1112.0,18669.96,142240.0,4445,32.0,99,16.79,32.0,11,1,2010-11-30,2010-11-30,0,0,On-Time
906,Sudan,PMO - US,Direct Drop,EXW,Air,HRDT,HIV test,"Standard Diagnostics, Inc.",139.0,1629.85,320.0,16,20.0,100,11.73,20.0,12,2,2010-12-01,2010-12-01,0,0,On-Time
907,Tanzania,PMO - US,Direct Drop,EXW,Air,ARV,Pediatric,EMCURE PHARMACEUTICALS LTD,45.0,1013.19,11114.34,426,26.09,222,22.52,26.09,12,2,2010-12-01,2010-12-01,0,0,On-Time
908,South Africa,PMO - US,Direct Drop,DDP,Ocean,ARV,Adult,Aurobindo Pharma Limited,2915.0,6012.42,181500.0,75000,2.42,169,2.06,2.42,12,4,2010-12-03,2010-12-03,0,0,On-Time
909,Côte d'Ivoire,PMO - US,Direct Drop,CIP,Air,ARV,Pediatric,MERCK SHARP & DOHME IDEA GMBH (FORMALLY MERCK SHARP & DOHME B.V.),1234.0,2786.22,71232.0,4200,16.96,87,2.26,16.96,12,0,2010-12-06,2010-12-06,0,0,On-Time
910,Tanzania,PMO - US,Direct Drop,EXW,Air,ARV,Adult,MYLAN LABORATORIES LTD (FORMERLY MATRIX LABORATORIES),5808.0,28514.49,1057665.1,53149,19.9,103,4.91,19.9,12,0,2010-12-06,2010-12-06,0,0,On-Time
911,Haiti,PMO - US,Direct Drop,EXW,Air,HRDT,HIV test,"SHANGHAI KEHUA BIOENGINEERING CO.,LTD.  (KHB)",261.0,3135.97,8280.0,360,23.0,74,12.02,23.0,12,1,2010-12-07,2010-12-07,0,0,On-Time
912,Vietnam,PMO - US,Direct Drop,EXW,Air,ARV,Adult,Aurobindo Pharma Limited,19.0,8495.83,2436.0,336,7.25,159,447.15,7.25,12,1,2010-12-07,2010-12-07,0,0,On-Time
913,South Africa,PMO - US,Direct Drop,DDP,Ocean,ARV,Adult,Aurobindo Pharma Limited,523.0,3161.68,75916.81,10357,7.33,75,6.05,7.33,12,2,2010-12-08,2011-02-01,55,1,Delayed
914,South Africa,PMO - US,Direct Drop,DDP,Air,ARV,Adult,Aurobindo Pharma Limited,3110.0,5159.33,76997.48,26369,2.92,264,1.66,2.92,12,2,2010-12-08,2010-12-08,0,0,On-Time
915,South Africa,PMO - US,Direct Drop,DDP,Air,ARV,Adult,Aurobindo Pharma Limited,2830.0,5159.34,70080.0,24000,2.92,264,1.82,2.92,12,2,2010-12-08,2010-12-08,0,0,On-Time
916,South Africa,PMO - US,Direct Drop,DDP,Ocean,ARV,Adult,Aurobindo Pharma Limited,3894.0,3161.68,565458.19,77143,7.33,75,0.81,7.33,12,2,2010-12-08,2010-12-08,0,0,On-Time
917,South Africa,PMO - US,Direct Drop,DDP,Air,ARV,Adult,Aurobindo Pharma Limited,3113.0,5159.33,77088.0,26400,2.92,264,1.66,2.92,12,2,2010-12-08,2010-12-08,0,0,On-Time
918,South Africa,PMO - US,Direct Drop,DDP,Air,ARV,Adult,Aurobindo Pharma Limited,1935.0,5159.33,47838.36,16383,2.92,264,2.67,2.92,12,2,2010-12-08,2010-12-08,0,0,On-Time
919,Vietnam,PMO - US,Direct Drop,EXW,Air,ARV,Adult,Aurobindo Pharma Limited,1951.0,13083.7,165000.0,20000,8.25,160,6.71,8.25,12,2,2010-12-08,2010-12-08,0,0,On-Time
920,Rwanda,PMO - US,Direct Drop,CIP,Air,ARV,Adult,HETERO LABS LIMITED,3666.0,14890.63,165451.44,62671,2.64,83,4.06,2.64,12,3,2010-12-09,2010-12-09,0,0,On-Time
921,South Africa,PMO - US,Direct Drop,DDP,Air,ARV,Pediatric,Aurobindo Pharma Limited,838.0,4876.31,6810.3,2162,3.15,179,5.82,3.15,12,0,2010-12-13,2010-12-11,-2,0,On-Time
922,South Africa,PMO - US,Direct Drop,DDP,Air,ARV,Pediatric,Aurobindo Pharma Limited,3732.0,4876.34,30334.5,9630,3.15,179,1.31,3.15,12,0,2010-12-13,2010-12-13,0,0,On-Time
923,South Africa,PMO - US,Direct Drop,DDP,Air,ARV,Pediatric,Aurobindo Pharma Limited,7367.0,3444.28,60158.7,19098,3.15,179,0.47,3.15,12,0,2010-12-13,2010-12-13,0,0,On-Time
924,South Africa,PMO - US,Direct Drop,DDP,Ocean,ARV,Adult,STRIDES ARCOLAB LIMITED,15475.0,14682.98,681625.0,237500,2.87,83,0.95,2.87,12,0,2010-12-13,2010-12-13,0,0,On-Time
925,South Africa,PMO - US,Direct Drop,DDP,Air,ARV,Pediatric,Aurobindo Pharma Limited,7353.0,4876.34,60039.0,19060,3.15,179,0.66,3.15,12,0,2010-12-13,2010-12-08,-5,0,On-Time
926,South Africa,PMO - US,Direct Drop,DDP,Air,ARV,Pediatric,Aurobindo Pharma Limited,7349.0,4876.34,60007.5,19050,3.15,179,0.66,3.15,12,0,2010-12-13,2010-12-13,0,0,On-Time
927,Zambia,PMO - US,Direct Drop,EXW,Air,HRDT,HIV test,"Standard Diagnostics, Inc.",40.0,771.88,2400.0,120,20.0,68,19.3,20.0,12,1,2010-12-14,2010-12-14,0,0,On-Time
928,South Africa,PMO - US,Direct Drop,DDP,Ocean,ARV,Adult,STRIDES ARCOLAB LIMITED,8183.0,12225.76,416716.17,168711,2.47,85,1.49,2.47,12,2,2010-12-15,2010-12-15,0,0,On-Time
929,South Africa,PMO - US,Direct Drop,DDP,Air,ARV,Adult,Aurobindo Pharma Limited,454.0,3315.24,66788.27,8989,7.43,271,7.3,7.43,12,2,2010-12-15,2010-12-08,-7,0,On-Time
930,South Africa,PMO - US,Direct Drop,DDP,Ocean,ARV,Adult,STRIDES ARCOLAB LIMITED,6360.0,12225.76,323910.86,131138,2.47,85,1.92,2.47,12,2,2010-12-15,2010-12-15,0,0,On-Time
931,South Africa,PMO - US,Direct Drop,DDP,Ocean,ARV,Adult,STRIDES ARCOLAB LIMITED,8048.0,12225.76,407322.76,164908,2.47,85,1.52,2.47,12,2,2010-12-15,2010-12-15,0,0,On-Time
932,South Africa,PMO - US,Direct Drop,DDP,Air,ARV,Adult,Aurobindo Pharma Limited,4023.0,3315.23,557606.64,75048,7.43,271,0.82,7.43,12,2,2010-12-15,2010-12-15,0,0,On-Time
933,Haiti,PMO - US,Direct Drop,EXW,Air,HRDT,HIV test,Orasure Technologies Inc.,187.0,3254.23,29750.0,85,350.0,43,17.4,350.0,12,4,2010-12-17,2010-12-17,0,0,On-Time
934,Nigeria,PMO - US,Direct Drop,EXW,Air,HRDT,HIV test,"Trinity Biotech, Plc",1072.0,16036.98,120000.0,3750,32.0,38,14.96,32.0,12,4,2010-12-17,2010-12-17,0,0,On-Time
935,Zambia,PMO - US,Direct Drop,EXW,Air,HRDT,HIV test,"Orgenics, Ltd",1167.0,19610.11,193200.0,2415,80.0,71,16.8,80.0,12,4,2010-12-17,2010-12-21,4,1,Delayed
936,Zambia,PMO - US,Direct Drop,EXW,Air,HRDT,HIV test,"Orgenics, Ltd",1318.0,21737.72,218400.0,2730,80.0,71,16.49,80.0,12,4,2010-12-17,2010-12-17,0,0,On-Time
937,Zambia,PMO - US,Direct Drop,EXW,Air,HRDT,HIV test,"Orgenics, Ltd",1363.0,22746.62,225120.0,2814,80.0,71,16.69,80.0,12,4,2010-12-17,2010-12-21,4,1,Delayed
938,Zambia,PMO - US,Direct Drop,EXW,Air,HRDT,HIV test,"Orgenics, Ltd",989.0,16654.29,163280.0,2041,80.0,71,16.84,80.0,12,4,2010-12-17,2010-12-16,-1,0,On-Time
939,Dominican Republic,PMO - US,Direct Drop,EXW,Air,ARV,Adult,Aurobindo Pharma Limited,68.0,1001.12,13000.0,1000,13.0,26,14.72,13.0,12,5,2010-12-18,2010-12-18,0,0,On-Time
940,South Africa,PMO - US,Direct Drop,DDP,Ocean,ARV,Adult,Aurobindo Pharma Limited,7540.0,5460.48,610076.99,88289,6.91,186,0.72,6.91,12,0,2010-12-20,2010-12-20,0,0,On-Time
941,South Africa,PMO - US,Direct Drop,DDP,Ocean,ARV,Adult,Aurobindo Pharma Limited,1093.0,5460.48,80923.01,11711,6.91,186,5.0,6.91,12,0,2010-12-20,2011-01-12,23,1,Delayed
942,Haiti,PMO - US,Direct Drop,EXW,Air,HRDT,HIV test,"Orgenics, Ltd",568.0,5631.87,244200.0,2500,97.68,50,9.92,97.68,12,1,2010-12-21,2010-12-21,0,0,On-Time
943,Uganda,PMO - US,Direct Drop,FCA,Air,ARV,Adult,Hoffmann-La Roche ltd Basel,18.0,968.25,10150.19,98,103.57,34,53.79,103.57,12,1,2010-12-21,2010-12-21,0,0,On-Time
944,Vietnam,PMO - US,Direct Drop,EXW,Air,ARV,Adult,MYLAN LABORATORIES LTD (FORMERLY MATRIX LABORATORIES),358.0,5294.24,4050.0,270,15.0,68,14.79,15.0,12,1,2010-12-21,2010-12-21,0,0,On-Time
945,Vietnam,PMO - US,Direct Drop,EXW,Air,ARV,Adult,STRIDES ARCOLAB LIMITED,3595.0,12632.99,35609.55,15153,2.35,68,3.51,2.35,12,2,2010-12-22,2010-12-22,0,0,On-Time
946,Rwanda,PMO - US,Direct Drop,CIP,Air,ARV,Adult,CIPLA LIMITED,2386.0,1398.0,261846.2,7634,34.3,87,0.59,34.3,12,3,2010-12-23,2010-12-23,0,0,On-Time
947,Rwanda,PMO - US,Direct Drop,EXW,Air,HRDT,HIV test,"Standard Diagnostics, Inc.",570.0,9054.08,40800.0,1700,24.0,78,15.88,24.0,12,3,2010-12-23,2010-12-23,0,0,On-Time
948,Vietnam,PMO - US,Direct Drop,EXW,Air,ARV,Adult,STRIDES ARCOLAB LIMITED,1403.0,6475.64,70140.45,29847,2.35,69,4.62,2.35,12,3,2010-12-23,2010-12-23,0,0,On-Time
949,South Africa,PMO - US,Direct Drop,DDP,Ocean,ARV,Adult,Aurobindo Pharma Limited,2645.0,5112.92,188394.5,28330,6.65,96,1.93,6.65,12,2,2010-12-29,2010-12-29,0,0,On-Time
950,South Africa,PMO - US,Direct Drop,DDP,Ocean,ARV,Adult,Aurobindo Pharma Limited,13690.0,15213.22,975355.5,146670,6.65,96,1.11,6.65,12,2,2010-12-29,2011-03-10,71,1,Delayed
951,Tanzania,PMO - US,Direct Drop,EXW,Ocean,ARV,Adult,MYLAN LABORATORIES LTD (FORMERLY MATRIX LABORATORIES),5803.0,27478.63,1057665.1,53149,19.9,126,4.74,19.9,12,2,2010-12-29,2010-12-29,0,0,On-Time
952,South Africa,PMO - US,Direct Drop,DDP,Ocean,ARV,Pediatric,Aurobindo Pharma Limited,2666.0,21695.97,76671.2,32080,2.39,98,8.14,2.39,12,4,2010-12-31,2011-02-01,32,1,Delayed
953,South Africa,PMO - US,Direct Drop,DDP,Ocean,ARV,Pediatric,Aurobindo Pharma Limited,1291.0,4429.37,54778.8,22920,2.39,98,3.43,2.39,12,4,2010-12-31,2010-12-31,0,0,On-Time
954,Uganda,PMO - US,Direct Drop,EXW,Air,ARV,Adult,ASPEN PHARMACARE,37.0,1333.01,15750.0,175,90.0,43,36.03,90.0,12,4,2010-12-31,2010-12-31,0,0,On-Time
955,Ethiopia,PMO - US,Direct Drop,EXW,Air,HRDT,HIV test,"CHEMBIO DIAGNOSTIC SYSTEMS, INC.",204.0,1219.85,16895.0,545,31.0,42,5.98,31.0,1,2,2011-01-05,2011-01-05,0,0,On-Time
956,South Africa,PMO - US,Direct Drop,DDP,Ocean,ARV,Pediatric,Aurobindo Pharma Limited,3542.0,6660.05,21693.96,10233,2.12,104,1.88,2.12,1,3,2011-01-06,2011-03-10,63,1,Delayed
957,South Africa,PMO - US,Direct Drop,DDP,Ocean,ARV,Pediatric,Aurobindo Pharma Limited,6196.0,1220.84,29817.8,14065,2.12,104,0.2,2.12,1,3,2011-01-06,2011-01-31,25,1,Delayed
958,South Africa,PMO - US,Direct Drop,DDP,Ocean,ARV,Pediatric,Aurobindo Pharma Limited,3967.0,8169.7,22688.24,10702,2.12,104,2.06,2.12,1,3,2011-01-06,2011-01-06,0,0,On-Time
959,South Africa,PMO - US,Direct Drop,DDP,Ocean,ARV,Adult,Aurobindo Pharma Limited,10907.0,7905.94,777099.05,116857,6.65,104,0.72,6.65,1,3,2011-01-06,2011-01-06,0,0,On-Time
960,South Africa,PMO - US,Direct Drop,DDP,Ocean,ARV,Pediatric,Aurobindo Pharma Limited,12974.0,11138.89,74200.0,35000,2.12,104,0.86,2.12,1,3,2011-01-06,2011-01-06,0,0,On-Time
961,South Africa,PMO - US,Direct Drop,DDP,Ocean,ARV,Adult,Aurobindo Pharma Limited,5427.0,7905.96,386650.95,58143,6.65,104,1.46,6.65,1,3,2011-01-06,2011-01-27,21,1,Delayed
962,South Africa,PMO - US,Direct Drop,DDP,Ocean,ARV,Adult,Aurobindo Pharma Limited,52.0,4295.61,7571.89,1033,7.33,109,82.61,7.33,1,1,2011-01-11,2011-01-11,0,0,On-Time
963,South Africa,PMO - US,Direct Drop,DDP,Ocean,ARV,Adult,Aurobindo Pharma Limited,4364.0,4295.6,633803.11,86467,7.33,109,0.98,7.33,1,1,2011-01-11,2011-03-04,52,1,Delayed
964,Guyana,PMO - US,Direct Drop,EXW,Air,HRDT,HIV test - Ancillary,"CHEMBIO DIAGNOSTIC SYSTEMS, INC.",2.0,281.61,100.0,40,2.5,77,140.8,2.5,1,2,2011-01-12,2011-01-12,0,0,On-Time
965,South Africa,PMO - US,Direct Drop,DDP,Ocean,ARV,Adult,Aurobindo Pharma Limited,338.0,6147.09,25007.29,3619,6.91,209,18.19,6.91,1,2,2011-01-12,2011-01-12,0,0,On-Time
966,South Africa,PMO - US,Direct Drop,DDP,Ocean,ARV,Adult,Aurobindo Pharma Limited,7503.0,6147.08,555432.71,80381,6.91,209,0.82,6.91,1,2,2011-01-12,2011-01-06,-6,0,On-Time
967,Ethiopia,PMO - US,Direct Drop,EXW,Air,HRDT,HIV test,"SHANGHAI KEHUA BIOENGINEERING CO.,LTD.  (KHB)",718.0,6161.42,22770.0,990,23.0,50,8.58,23.0,1,3,2011-01-13,2011-01-13,0,0,On-Time
968,Côte d'Ivoire,PMO - US,Direct Drop,FCA,Air,ARV,Adult,ABBVIE LOGISTICS (FORMERLY ABBOTT LOGISTICS BV),1838.0,13562.36,264691.2,7320,36.16,64,7.38,36.16,1,4,2011-01-14,2011-01-14,0,0,On-Time
969,Côte d'Ivoire,PMO - US,Direct Drop,FCA,Air,ARV,Adult,ABBVIE LOGISTICS (FORMERLY ABBOTT LOGISTICS BV),2573.0,13562.35,371724.8,10280,36.16,64,5.27,36.16,1,4,2011-01-14,2011-01-14,0,0,On-Time
970,Uganda,PMO - US,Direct Drop,CIP,Air,ARV,Adult,MERCK SHARP & DOHME IDEA GMBH (FORMALLY MERCK SHARP & DOHME B.V.),21.0,761.0,20404.5,223,91.5,70,36.24,91.5,1,3,2011-01-27,2011-01-27,0,0,On-Time
971,Côte d'Ivoire,PMO - US,Direct Drop,CIP,Air,ARV,Adult,MERCK SHARP & DOHME IDEA GMBH (FORMALLY MERCK SHARP & DOHME B.V.),257.0,1167.97,50750.0,1015,50.0,350,4.54,50.0,1,4,2011-01-28,2011-01-28,0,0,On-Time
972,South Africa,PMO - US,Direct Drop,DDP,Ocean,ARV,Adult,Aurobindo Pharma Limited,12045.0,17266.59,565545.99,238627,2.37,129,1.43,2.37,1,0,2011-01-31,2011-01-31,0,0,On-Time
973,South Africa,PMO - US,Direct Drop,DDP,Ocean,ARV,Adult,Aurobindo Pharma Limited,11917.0,17266.6,559625.73,236129,2.37,129,1.45,2.37,1,0,2011-01-31,2011-01-31,0,0,On-Time
974,South Africa,PMO - US,Direct Drop,DDP,Ocean,ARV,Pediatric,Aurobindo Pharma Limited,201.0,4134.92,15119.7,1515,9.98,130,20.57,9.98,2,1,2011-02-01,2011-05-03,91,1,Delayed
975,South Africa,PMO - US,Direct Drop,DDP,Ocean,ARV,Adult,Aurobindo Pharma Limited,12410.0,10446.37,526467.54,116218,4.53,130,0.84,4.53,2,1,2011-02-01,2011-03-04,31,1,Delayed
976,South Africa,PMO - US,Direct Drop,DDP,Ocean,ARV,Adult,Aurobindo Pharma Limited,8468.0,30412.15,438340.92,96764,4.53,130,3.59,4.53,2,1,2011-02-01,2011-02-01,0,0,On-Time
977,South Africa,PMO - US,Direct Drop,DDP,Ocean,ARV,Pediatric,Aurobindo Pharma Limited,2555.0,2347.77,192324.58,19271,9.98,130,0.92,9.98,2,1,2011-02-01,2011-02-01,0,0,On-Time
978,South Africa,PMO - US,Direct Drop,DDP,Ocean,ARV,Adult,Aurobindo Pharma Limited,10.0,19518.98,541.2,120,4.51,229,1951.9,4.51,2,1,2011-02-01,2011-03-04,31,1,Delayed
979,South Africa,PMO - US,Direct Drop,DDP,Ocean,ARV,Adult,Aurobindo Pharma Limited,2808.0,630.5,144694.33,32083,4.51,229,0.22,4.51,2,1,2011-02-01,2011-02-01,0,0,On-Time
980,South Africa,PMO - US,Direct Drop,DDP,Ocean,ARV,Adult,Aurobindo Pharma Limited,5623.0,630.5,289812.6,64260,4.51,229,0.11,4.51,2,1,2011-02-01,2011-02-01,0,0,On-Time
981,South Africa,PMO - US,Direct Drop,DDP,Ocean,ARV,Pediatric,Aurobindo Pharma Limited,5184.0,9592.95,216200.0,92000,2.35,229,1.85,2.35,2,1,2011-02-01,2011-02-01,0,0,On-Time
982,South Africa,PMO - US,Direct Drop,DDP,Ocean,ARV,Adult,Aurobindo Pharma Limited,10373.0,630.5,534601.87,118537,4.51,229,0.06,4.51,2,1,2011-02-01,2011-02-01,0,0,On-Time
983,Botswana,PMO - US,Direct Drop,EXW,Air,HRDT,HIV test,Premier Medical Corporation Ltd.,13.0,766.62,765.0,34,22.5,64,58.97,22.5,2,4,2011-02-04,2011-02-04,0,0,On-Time
984,South Africa,PMO - US,Direct Drop,DDP,Ocean,ARV,Pediatric,Aurobindo Pharma Limited,5634.0,17819.74,235000.0,100000,2.35,232,3.16,2.35,2,4,2011-02-04,2011-02-04,0,0,On-Time
985,Botswana,PMO - US,Direct Drop,EXW,Air,HRDT,HIV test - Ancillary,"Trinity Biotech, Plc",1.0,650.97,465.0,15,31.0,451,650.96,31.0,2,0,2011-02-07,2011-02-07,0,0,On-Time
986,Nigeria,PMO - US,Direct Drop,FCA,Air,ARV,Adult,ABBVIE LOGISTICS (FORMERLY ABBOTT LOGISTICS BV),520.0,3759.22,10472.28,273,38.36,138,7.23,38.36,2,1,2011-02-08,2011-02-08,0,0,On-Time
987,South Africa,PMO - US,Direct Drop,DDP,Ocean,ARV,Adult,CIPLA LIMITED,7965.0,13688.03,815480.0,116000,7.03,134,1.72,7.03,2,2,2011-02-09,2011-02-09,0,0,On-Time
988,South Africa,PMO - US,Direct Drop,DDP,Ocean,ARV,Adult,CIPLA LIMITED,4007.0,6639.33,410713.69,58423,7.03,141,1.66,7.03,2,2,2011-02-09,2011-02-09,0,0,On-Time
989,South Africa,PMO - US,Direct Drop,DDP,Ocean,ARV,Adult,CIPLA LIMITED,3950.0,6639.35,404766.31,57577,7.03,141,1.68,7.03,2,2,2011-02-09,2011-03-14,33,1,Delayed
990,Vietnam,PMO - US,Direct Drop,EXW,Air,ARV,Adult,HETERO LABS LIMITED,3998.0,12974.12,94848.0,19760,4.8,114,3.25,4.8,2,2,2011-02-09,2011-02-09,0,0,On-Time
991,Kenya,PMO - US,Direct Drop,EXW,Air,HRDT,HIV test,"Orgenics, Ltd",800.0,8826.0,89.0,1,89.0,80,11.03,89.0,2,3,2011-02-10,2011-02-10,0,0,On-Time
992,Kenya,PMO - US,Direct Drop,EXW,Air,HRDT,HIV test,"Orgenics, Ltd",1479.0,15519.77,764154.0,8586,89.0,80,10.49,89.0,2,3,2011-02-10,2011-02-10,0,0,On-Time
993,Kenya,PMO - US,Direct Drop,EXW,Air,HRDT,HIV test,"Orgenics, Ltd",1474.0,15687.32,762107.0,8563,89.0,80,10.64,89.0,2,3,2011-02-10,2011-02-10,0,0,On-Time
994,Kenya,PMO - US,Direct Drop,EXW,Air,HRDT,HIV test,"Orgenics, Ltd",1370.0,14515.01,89.0,1,89.0,80,10.59,89.0,2,3,2011-02-10,2011-02-10,0,0,On-Time
995,Kenya,PMO - US,Direct Drop,EXW,Air,HRDT,HIV test,"Orgenics, Ltd",783.0,9162.21,253561.0,2849,89.0,80,11.7,89.0,2,3,2011-02-10,2011-02-10,0,0,On-Time
996,Sudan,PMO - US,Direct Drop,EXW,Air,HRDT,HIV test,"Orgenics, Ltd",60.0,2084.49,11570.0,130,89.0,161,34.74,89.0,2,3,2011-02-10,2011-02-10,0,0,On-Time
997,Vietnam,PMO - US,Direct Drop,EXW,Air,ARV,Adult,Aurobindo Pharma Limited,21.0,3657.69,3900.0,300,13.0,120,174.18,13.0,2,4,2011-02-11,2011-02-11,0,0,On-Time
998,Ethiopia,PMO - US,Direct Drop,EXW,Air,ARV,Adult,Aurobindo Pharma Limited,236.0,1131.48,33800.0,2600,13.0,291,4.79,13.0,2,0,2011-02-14,2011-02-14,0,0,On-Time
999,South Africa,PMO - US,Direct Drop,DDP,Ocean,ARV,Adult,STRIDES ARCOLAB LIMITED,9019.0,13677.68,459306.38,185954,2.47,146,1.52,2.47,2,0,2011-02-14,2011-02-11,-3,0,On-Time
1000,South Africa,PMO - US,Direct Drop,DDP,Ocean,ARV,Adult,STRIDES ARCOLAB LIMITED,9173.0,13677.67,467168.39,189137,2.47,146,1.49,2.47,2,0,2011-02-14,2011-02-14,0,0,On-Time
1001,South Africa,PMO - US,Direct Drop,DDP,Ocean,ARV,Adult,CIPLA LIMITED,16768.0,23721.9,440820.0,158000,2.79,139,1.41,2.79,2,0,2011-02-14,2011-02-14,0,0,On-Time
1002,South Africa,PMO - US,Direct Drop,DDP,Ocean,ARV,Adult,STRIDES ARCOLAB LIMITED,10302.0,13677.69,524650.23,212409,2.47,146,1.33,2.47,2,0,2011-02-14,2011-03-09,23,1,Delayed
1003,Vietnam,PMO - US,Direct Drop,EXW,Air,ARV,Adult,HETERO LABS LIMITED,5359.0,18473.57,21925.89,9023,2.43,121,3.45,2.43,2,2,2011-02-16,2011-02-16,0,0,On-Time
1004,Rwanda,PMO - US,Direct Drop,EXW,Air,HRDT,HIV test,"Orgenics, Ltd",1134.0,15367.03,388500.0,5000,77.7,211,13.55,77.7,2,3,2011-02-17,2011-02-17,0,0,On-Time
1005,South Africa,PMO - US,Direct Drop,DDP,Ocean,ARV,Adult,CIPLA LIMITED,7225.0,6038.21,740104.34,105278,7.03,155,0.84,7.03,2,2,2011-02-23,2011-02-23,0,0,On-Time
1006,South Africa,PMO - US,Direct Drop,DDP,Ocean,ARV,Adult,CIPLA LIMITED,875.0,6038.22,89435.66,12722,7.03,155,6.9,7.03,2,2,2011-02-23,2011-03-11,16,1,Delayed
1007,South Africa,PMO - US,Direct Drop,DDP,Ocean,ARV,Pediatric,CIPLA LIMITED,20419.0,17267.14,114400.0,55000,2.08,156,0.85,2.08,2,3,2011-02-24,2011-02-24,0,0,On-Time
1008,Vietnam,PMO - US,Direct Drop,FCA,Air,ARV,Adult,ABBVIE LOGISTICS (FORMERLY ABBOTT LOGISTICS BV),51.0,4042.47,2478.12,12,206.51,133,79.26,206.51,2,3,2011-02-24,2011-02-24,0,0,On-Time
1009,Vietnam,PMO - US,Direct Drop,FCA,Air,ARV,Adult,ABBVIE LOGISTICS (FORMERLY ABBOTT LOGISTICS BV),55.0,3785.84,3717.18,18,206.51,134,68.83,206.51,2,4,2011-02-25,2011-02-25,0,0,On-Time
1010,Nigeria,PMO - US,Direct Drop,EXW,Air,ACT,ACT,NOVARTIS PHARMA SERVICES AG,859.0,5810.56,48555.0,1245,39.0,83,6.76,39.0,2,0,2011-02-28,2011-02-28,0,0,On-Time
1011,Vietnam,PMO - US,Direct Drop,EXW,Air,ARV,Adult,MYLAN LABORATORIES LTD (FORMERLY MATRIX LABORATORIES),314.0,4885.33,24948.0,3696,6.75,137,15.56,6.75,2,0,2011-02-28,2011-02-28,0,0,On-Time
1012,Rwanda,PMO - US,Direct Drop,EXW,Ocean,ARV,Adult,HETERO LABS LIMITED,24219.0,23736.39,427923.0,176100,2.43,154,0.98,2.43,3,1,2011-03-01,2011-03-01,0,0,On-Time
1013,Rwanda,PMO - US,Direct Drop,EXW,Ocean,ARV,Adult,HETERO LABS LIMITED,3077.0,6499.25,157406.69,38113,4.13,154,2.11,4.13,3,1,2011-03-01,2011-03-01,0,0,On-Time
1014,Rwanda,PMO - US,Direct Drop,EXW,Ocean,ARV,Adult,HETERO LABS LIMITED,12077.0,19328.36,501734.25,206475,2.43,154,1.6,2.43,3,1,2011-03-01,2011-03-01,0,0,On-Time
1015,Botswana,PMO - US,Direct Drop,EXW,Air,HRDT,HIV test,"Orgenics, Ltd",5.0,767.63,800.0,10,80.0,90,153.53,80.0,3,2,2011-03-02,2011-03-02,0,0,On-Time
1016,Botswana,PMO - US,Direct Drop,EXW,Air,HRDT,HIV test,"Standard Diagnostics, Inc.",14.0,706.18,800.0,40,20.0,90,50.44,20.0,3,2,2011-03-02,2011-03-02,0,0,On-Time
1017,Mozambique,PMO - US,Direct Drop,FCA,Air,ARV,Adult,ABBVIE LOGISTICS (FORMERLY ABBOTT LOGISTICS BV),216.0,2698.28,7683.2,2240,3.43,189,12.49,3.43,3,2,2011-03-02,2011-03-02,0,0,On-Time
1018,Guatemala,PMO - US,Direct Drop,FCA,Air,ARV,Adult,Hoffmann-La Roche ltd Basel,33.0,660.3,44639.99,188,237.45,57,20.01,237.45,3,3,2011-03-03,2011-03-03,0,0,On-Time
1019,Guyana,PMO - US,Direct Drop,DDU,Air,ARV,Pediatric,IDIS LIMITED,59.0,180.0,12501.0,270,46.3,154,3.05,46.3,3,4,2011-03-04,2011-03-04,0,0,On-Time
1020,South Africa,PMO - US,Direct Drop,DDP,Ocean,ARV,Adult,Aurobindo Pharma Limited,4416.0,7334.83,641375.0,87500,7.33,161,1.66,7.33,3,4,2011-03-04,2011-03-04,0,0,On-Time
1021,South Africa,PMO - US,Direct Drop,DDP,Ocean,ARV,Pediatric,Aurobindo Pharma Limited,17436.0,10446.36,97493.28,48264,2.02,161,0.6,2.02,3,4,2011-03-04,2011-03-04,0,0,On-Time
1022,South Africa,PMO - US,Direct Drop,DDP,Ocean,ARV,Adult,Aurobindo Pharma Limited,6525.0,10984.82,316603.76,130828,2.42,260,1.68,2.42,3,4,2011-03-04,2011-03-04,0,0,On-Time
1023,Dominican Republic,PMO - US,Direct Drop,EXW,Air,ARV,Adult,Aurobindo Pharma Limited,319.0,3026.24,66300.0,5100,13.0,97,9.49,13.0,3,1,2011-03-08,2011-03-08,0,0,On-Time
1024,Dominican Republic,PMO - US,Direct Drop,EXW,Air,ARV,Adult,Aurobindo Pharma Limited,2373.0,16173.9,323470.0,9242,35.0,97,6.82,35.0,3,1,2011-03-08,2011-03-08,0,0,On-Time
1025,Côte d'Ivoire,PMO - US,Direct Drop,FCA,Air,ARV,Adult,ABBVIE LOGISTICS (FORMERLY ABBOTT LOGISTICS BV),507.0,4520.66,27495.9,4014,6.85,418,8.92,6.85,3,2,2011-03-09,2011-03-09,0,0,On-Time
1026,Mozambique,PMO - US,Direct Drop,EXW,Air,HRDT,HIV test,"Orgenics, Ltd",28.0,1001.47,4739.7,61,77.7,57,35.77,77.7,3,3,2011-03-10,2011-03-10,0,0,On-Time
1027,South Africa,PMO - US,Direct Drop,DDP,Ocean,ARV,Adult,Aurobindo Pharma Limited,5491.0,15331.49,289770.51,63967,4.53,167,2.79,4.53,3,3,2011-03-10,2011-03-04,-6,0,On-Time
1028,South Africa,PMO - US,Direct Drop,DDP,Ocean,ARV,Adult,Aurobindo Pharma Limited,9280.0,15331.51,489824.37,108129,4.53,167,1.65,4.53,3,3,2011-03-10,2011-03-04,-6,0,On-Time
1029,South Africa,PMO - US,Direct Drop,DDP,Ocean,ARV,Adult,Aurobindo Pharma Limited,10980.0,15331.5,579405.12,127904,4.53,167,1.4,4.53,3,3,2011-03-10,2011-03-10,0,0,On-Time
1030,Tanzania,PMO - US,Direct Drop,EXW,Air,ARV,Pediatric,EMCURE PHARMACEUTICALS LTD,103.0,1308.4,29612.15,1135,26.09,91,12.7,26.09,3,3,2011-03-10,2011-03-10,0,0,On-Time
1031,Haiti,Haiti Field Office,Direct Drop,EXW,Air,HRDT,HIV test,Orasure Technologies Inc.,22.0,4625.81,44450.0,127,350.0,58,210.26,350.0,3,4,2011-03-11,2011-03-11,0,0,On-Time
1032,Botswana,PMO - US,Direct Drop,EXW,Air,HRDT,HIV test,"SHANGHAI KEHUA BIOENGINEERING CO.,LTD.  (KHB)",16.0,486.18,460.0,20,23.0,95,30.39,23.0,3,0,2011-03-14,2011-03-14,0,0,On-Time
1033,South Africa,PMO - US,Direct Drop,DDP,Ocean,ARV,Adult,CIPLA LIMITED,16729.0,25199.31,443610.0,159000,2.79,174,1.51,2.79,3,0,2011-03-14,2011-03-14,0,0,On-Time
1034,Côte d'Ivoire,PMO - US,Direct Drop,FCA,Air,ARV,Adult,ABBVIE LOGISTICS (FORMERLY ABBOTT LOGISTICS BV),5089.0,31318.31,733324.8,20280,36.16,53,6.15,36.16,3,1,2011-03-15,2011-03-15,0,0,On-Time
1035,Namibia,PMO - US,Direct Drop,EXW,Air,HRDT,HIV test,"Trinity Biotech, Plc",177.0,3496.34,16640.0,520,32.0,41,19.75,32.0,3,1,2011-03-15,2011-03-15,0,0,On-Time
1036,Botswana,PMO - US,Direct Drop,EXW,Air,HRDT,HIV test,"Trinity Biotech, Plc",17.0,617.79,1600.0,50,32.0,104,36.34,32.0,3,2,2011-03-16,2011-03-16,0,0,On-Time
1037,Zimbabwe,PMO - US,Direct Drop,FCA,Air,ARV,Pediatric,ABBVIE LOGISTICS (FORMERLY ABBOTT LOGISTICS BV),2480.0,18756.25,78322.56,2166,36.16,127,7.56,36.16,3,3,2011-03-17,2011-03-17,0,0,On-Time
1038,Namibia,PMO - US,Direct Drop,EXW,Air,HRDT,HIV test,"Orgenics, Ltd",34.0,947.35,11655.0,150,77.7,48,27.86,77.7,3,1,2011-03-22,2011-03-22,0,0,On-Time
1039,South Africa,PMO - US,Direct Drop,DDP,Air,ARV,Adult,Aurobindo Pharma Limited,782.0,2534.68,121448.0,7600,15.98,180,3.24,15.98,3,2,2011-03-23,2011-03-23,0,0,On-Time
1040,Côte d'Ivoire,PMO - US,Direct Drop,EXW,Air,HRDT,HIV test,"Orgenics, Ltd",747.0,14934.26,255866.1,3293,77.7,96,19.99,77.7,3,0,2011-03-28,2011-03-28,0,0,On-Time
1041,Guyana,PMO - US,Direct Drop,EXW,Air,HRDT,HIV test,"Trinity Biotech, Plc",659.0,9106.51,63200.0,1975,32.0,54,13.82,32.0,3,0,2011-03-28,2011-03-28,0,0,On-Time
1042,South Africa,PMO - US,Direct Drop,DDP,Ocean,ARV,Pediatric,Aurobindo Pharma Limited,16260.0,17060.14,95400.0,45000,2.12,285,1.05,2.12,3,1,2011-03-29,2011-03-29,0,0,On-Time
1043,Tanzania,PMO - US,Direct Drop,EXW,Air,HRDT,HIV test,"Trinity Biotech, Plc",10.0,910.73,960.0,30,32.0,55,91.07,32.0,3,1,2011-03-29,2011-03-29,0,0,On-Time
1044,Uganda,PMO - US,Direct Drop,DDP,Air,ARV,Adult,ASPEN PHARMACARE,14.0,171.0,8780.85,95,92.43,67,12.21,92.43,3,1,2011-03-29,2011-03-29,0,0,On-Time
1045,Haiti,PMO - US,Direct Drop,CIP,Air,ARV,Adult,BRISTOL-MYERS SQUIBB,12.0,450.0,4401.6,240,18.34,148,37.5,18.34,3,2,2011-03-30,2011-03-30,0,0,On-Time
1046,Rwanda,PMO - US,Direct Drop,EXW,Ocean,ARV,Adult,CIPLA LIMITED,5480.0,19123.35,587405.8,17587,33.4,185,3.49,33.4,3,3,2011-03-31,2011-03-31,0,0,On-Time
1047,Tanzania,PMO - US,Direct Drop,FCA,Air,ARV,Adult,ABBVIE LOGISTICS (FORMERLY ABBOTT LOGISTICS BV),146.0,4701.1,12850.6,335,38.36,384,32.2,38.36,3,3,2011-03-31,2011-03-31,0,0,On-Time
1048,Dominican Republic,PMO - US,Direct Drop,EXW,Air,ARV,Adult,Aurobindo Pharma Limited,645.0,5002.73,87780.0,2508,35.0,124,7.76,35.0,4,0,2011-04-04,2011-04-04,0,0,On-Time
1049,South Africa,PMO - US,Direct Drop,DDP,Ocean,ARV,Pediatric,Aurobindo Pharma Limited,1679.0,3524.93,9601.48,4529,2.12,111,2.1,2.12,4,0,2011-04-04,2011-05-27,53,1,Delayed
1050,South Africa,PMO - US,Direct Drop,DDP,Ocean,ARV,Pediatric,Aurobindo Pharma Limited,1472.0,3524.95,8418.52,3971,2.12,111,2.39,2.12,4,0,2011-04-04,2011-04-04,0,0,On-Time
1051,South Africa,PMO - US,Direct Drop,DDP,Ocean,ARV,Adult,CIPLA LIMITED,5624.0,7378.63,565950.0,82500,6.86,119,1.31,6.86,4,0,2011-04-04,2011-04-04,0,0,On-Time
1052,South Africa,PMO - US,Direct Drop,DDP,Ocean,ARV,Pediatric,Aurobindo Pharma Limited,10346.0,3961.7,59169.2,27910,2.12,111,0.38,2.12,4,0,2011-04-04,2011-04-04,0,0,On-Time
1053,South Africa,PMO - US,Direct Drop,DDP,Ocean,ARV,Pediatric,Aurobindo Pharma Limited,2068.0,3961.69,11850.8,5590,2.12,111,1.92,2.12,4,0,2011-04-04,2011-04-04,0,0,On-Time
1054,Haiti,PMO - US,Direct Drop,FCA,Air,ARV,Pediatric,BRISTOL-MYERS SQUIBB,43.0,1082.89,1120.0,160,7.0,49,25.18,7.0,4,1,2011-04-05,2011-04-05,0,0,On-Time
1055,Haiti,PMO - US,Direct Drop,FCA,Air,ARV,Pediatric,BRISTOL-MYERS SQUIBB,94.0,757.42,1900.0,200,9.5,49,8.06,9.5,4,1,2011-04-05,2011-04-05,0,0,On-Time
1056,South Africa,PMO - US,Direct Drop,DDP,Ocean,ARV,Adult,CIPLA LIMITED,7346.0,19261.02,192858.75,69125,2.79,196,2.62,2.79,4,1,2011-04-05,2011-04-05,0,0,On-Time
1057,South Africa,PMO - US,Direct Drop,DDP,Ocean,ARV,Adult,CIPLA LIMITED,7092.0,7704.77,725150.02,105707,6.86,112,1.09,6.86,4,1,2011-04-05,2011-04-05,0,0,On-Time
1058,South Africa,PMO - US,Direct Drop,DDP,Ocean,ARV,Adult,CIPLA LIMITED,2951.0,5567.75,303849.98,44293,6.86,112,1.89,6.86,4,1,2011-04-05,2011-04-08,3,1,Delayed
1059,South Africa,PMO - US,Direct Drop,DDP,Ocean,ARV,Adult,STRIDES ARCOLAB LIMITED,10859.0,17278.96,494868.36,172428,2.87,196,1.59,2.87,4,1,2011-04-05,2011-04-05,0,0,On-Time
1060,South Africa,PMO - US,Direct Drop,DDP,Ocean,ARV,Adult,STRIDES ARCOLAB LIMITED,4194.0,17278.96,186756.64,65072,2.87,196,4.12,2.87,4,1,2011-04-05,2011-04-05,0,0,On-Time
1061,Haiti,PMO - US,Direct Drop,FCA,Air,HRDT,HIV test,"Orgenics, Ltd",453.0,7030.94,195360.0,2000,97.68,63,15.52,97.68,4,2,2011-04-06,2011-04-06,0,0,On-Time
1062,Haiti,PMO - US,Direct Drop,EXW,Air,HRDT,HIV test,"Orgenics, Ltd",8.0,1011.6,3223.44,33,97.68,63,126.45,97.68,4,2,2011-04-06,2011-04-06,0,0,On-Time
1063,Mozambique,PMO - US,Direct Drop,EXW,Air,HRDT,HIV test,"Trinity Biotech, Plc",41.0,897.87,3456.0,108,32.0,85,21.9,32.0,4,3,2011-04-07,2011-04-07,0,0,On-Time
1064,South Africa,PMO - US,Direct Drop,DDP,Ocean,ARV,Adult,Aurobindo Pharma Limited,7765.0,4835.17,128055.1,17470,7.33,195,0.62,7.33,4,3,2011-04-07,2011-04-26,19,1,Delayed
1065,South Africa,PMO - US,Direct Drop,DDP,Ocean,ARV,Adult,Aurobindo Pharma Limited,11201.0,13084.26,798000.0,120000,6.65,114,1.17,6.65,4,3,2011-04-07,2011-04-07,0,0,On-Time
1066,South Africa,PMO - US,Direct Drop,DDP,Ocean,ARV,Adult,Aurobindo Pharma Limited,3534.0,17919.41,513319.9,70030,7.33,195,5.07,7.33,4,3,2011-04-07,2011-04-07,0,0,On-Time
1067,Rwanda,PMO - US,Direct Drop,EXW,Air,ARV,Pediatric,Aurobindo Pharma Limited,777.0,6400.44,4183.2,1992,2.1,193,8.24,2.1,4,4,2011-04-08,2011-04-08,0,0,On-Time
1068,South Africa,PMO - US,Direct Drop,DDP,Ocean,ARV,Adult,CIPLA LIMITED,9147.0,11314.2,944306.44,137654,6.86,115,1.24,6.86,4,4,2011-04-08,2011-04-08,0,0,On-Time
1069,South Africa,PMO - US,Direct Drop,DDP,Ocean,ARV,Adult,CIPLA LIMITED,820.0,9177.19,84693.56,12346,6.86,115,11.19,6.86,4,4,2011-04-08,2011-05-05,27,1,Delayed
1070,Côte d'Ivoire,PMO - US,Direct Drop,FCA,Air,ARV,Adult,ABBVIE LOGISTICS (FORMERLY ABBOTT LOGISTICS BV),346.0,9539.6,18536.1,2706,6.85,452,27.57,6.85,4,1,2011-04-12,2011-04-12,0,0,On-Time
1071,Guyana,PMO - US,Direct Drop,EXW,Air,HRDT,HIV test,"Orgenics, Ltd",205.0,6455.37,41800.0,418,100.0,69,31.49,100.0,4,1,2011-04-12,2011-04-12,0,0,On-Time
1072,Vietnam,PMO - US,Direct Drop,EXW,Air,ARV,Adult,STRIDES ARCOLAB LIMITED,692.0,8494.45,50542.03,9377,5.39,63,12.28,5.39,4,2,2011-04-13,2011-04-13,0,0,On-Time
1073,Angola,PMO - US,Direct Drop,EXW,Air,HRDT,HIV test,"Trinity Biotech, Plc",260.0,9597.9,16000.0,500,32.0,155,36.91,32.0,4,3,2011-04-14,2011-04-14,0,0,On-Time
1074,Rwanda,PMO - US,Direct Drop,EXW,Air,HRDT,HIV test,"Standard Diagnostics, Inc.",571.0,5161.55,38400.0,1600,24.0,190,9.04,24.0,4,3,2011-04-14,2011-04-14,0,0,On-Time
1075,Tanzania,PMO - US,Direct Drop,EXW,Air,HRDT,HIV test,"Orgenics, Ltd",14.0,1489.33,2400.0,30,80.0,71,106.38,80.0,4,3,2011-04-14,2011-04-14,0,0,On-Time
1076,Haiti,PMO - US,Direct Drop,CIP,Air,ARV,Pediatric,MERCK SHARP & DOHME IDEA GMBH (FORMALLY MERCK SHARP & DOHME B.V.),159.0,290.0,8904.0,525,16.96,163,1.82,16.96,4,5,2011-04-16,2011-04-16,0,0,On-Time
1077,Guatemala,PMO - US,Direct Drop,EXW,Air,ARV,Pediatric,GLAXOSMITHKLINE EXPORT LIMITED,29.0,209.37,5265.0,75,70.2,100,7.22,70.2,4,6,2011-04-17,2011-04-17,0,0,On-Time
1078,Guatemala,PMO - US,Direct Drop,FCA,Air,ARV,Adult,Hoffmann-La Roche ltd Basel,31.0,566.56,41553.18,175,237.45,103,18.28,237.45,4,0,2011-04-18,2011-04-18,0,0,On-Time
1079,Nigeria,PMO - US,Direct Drop,EXW,Air,ARV,Pediatric,Aurobindo Pharma Limited,1573.0,9316.91,7800.0,4000,1.95,24,5.92,1.95,4,0,2011-04-18,2011-04-18,0,0,On-Time
1080,Uganda,PMO - US,Direct Drop,CIP,Air,ARV,Adult,MERCK SHARP & DOHME IDEA GMBH (FORMALLY MERCK SHARP & DOHME B.V.),6.0,99.0,5032.5,55,91.5,88,16.5,91.5,4,1,2011-04-19,2011-04-19,0,0,On-Time
1081,Côte d'Ivoire,PMO - US,Direct Drop,EXW,Air,ARV,Adult,MYLAN LABORATORIES LTD (FORMERLY MATRIX LABORATORIES),492.0,5150.82,94080.0,3136,30.0,227,10.47,30.0,4,4,2011-04-22,2011-04-22,0,0,On-Time
1082,Sudan,PMO - US,Direct Drop,EXW,Air,HRDT,HIV test,"Trinity Biotech, Plc",50.0,1595.38,4224.0,132,32.0,57,31.91,32.0,4,5,2011-04-23,2011-04-23,0,0,On-Time
1083,Rwanda,PMO - US,Direct Drop,CIP,Air,ARV,Adult,Aurobindo Pharma Limited,87.0,255.0,12048.75,595,20.25,210,2.93,20.25,4,0,2011-04-25,2011-04-25,0,0,On-Time
1084,South Africa,PMO - US,Direct Drop,DDP,Ocean,ARV,Adult,Aurobindo Pharma Limited,7698.0,11372.23,361507.95,152535,2.37,214,1.48,2.37,4,1,2011-04-26,2011-04-26,0,0,On-Time
1085,South Africa,PMO - US,Direct Drop,DDP,Ocean,ARV,Adult,Aurobindo Pharma Limited,7017.0,11372.23,146228.4,32280,4.53,214,1.62,4.53,4,1,2011-04-26,2011-04-26,0,0,On-Time
1086,South Africa,PMO - US,Direct Drop,DDP,Ocean,ARV,Adult,Aurobindo Pharma Limited,1726.0,35753.93,90871.8,20060,4.53,214,20.71,4.53,4,1,2011-04-26,2011-06-08,43,1,Delayed
1087,South Africa,PMO - US,Direct Drop,DDP,Ocean,ARV,Adult,Aurobindo Pharma Limited,8635.0,11203.79,455677.23,100591,4.53,214,1.3,4.53,4,1,2011-04-26,2011-04-26,0,0,On-Time
1088,South Africa,PMO - US,Direct Drop,DDP,Ocean,ARV,Adult,Aurobindo Pharma Limited,6090.0,11203.81,321367.26,70942,4.53,214,1.84,4.53,4,1,2011-04-26,2011-04-26,0,0,On-Time
1089,South Africa,PMO - US,Direct Drop,DDP,Ocean,ARV,Adult,Aurobindo Pharma Limited,11033.0,11203.81,581955.51,128467,4.53,214,1.02,4.53,4,1,2011-04-26,2011-04-12,-14,0,On-Time
1090,South Africa,PMO - US,Direct Drop,DDP,Ocean,ARV,Adult,Aurobindo Pharma Limited,1279.0,11372.22,60060.54,25342,2.37,214,8.89,2.37,4,1,2011-04-26,2011-06-08,43,1,Delayed
1091,South Africa,PMO - US,Direct Drop,DDP,Ocean,ARV,Adult,Aurobindo Pharma Limited,9374.0,11372.23,440222.76,185748,2.37,214,1.21,2.37,4,1,2011-04-26,2011-04-12,-14,0,On-Time
1092,Tanzania,PMO - US,Direct Drop,EXW,Air,HRDT,HIV test,"Trinity Biotech, Plc",200.0,2918.12,20000.0,625,32.0,60,14.59,32.0,4,1,2011-04-26,2011-04-26,0,0,On-Time
1093,Rwanda,PMO - US,Direct Drop,EXW,Ocean,ARV,Adult,MYLAN LABORATORIES LTD (FORMERLY MATRIX LABORATORIES),10329.0,32530.22,997551.5,117359,8.5,210,3.15,8.5,4,2,2011-04-27,2011-04-27,0,0,On-Time
1094,Côte d'Ivoire,PMO - US,Direct Drop,FCA,Air,ARV,Adult,ABBVIE LOGISTICS (FORMERLY ABBOTT LOGISTICS BV),440.0,4588.02,23632.5,3450,6.85,522,10.43,6.85,4,4,2011-04-29,2011-04-29,0,0,On-Time
1095,Sudan,PMO - US,Direct Drop,EXW,Air,HRDT,HIV test,"Standard Diagnostics, Inc.",244.0,2701.16,340.0,17,20.0,58,11.07,20.0,4,4,2011-04-29,2011-04-29,0,0,On-Time
1096,Sudan,PMO - US,Direct Drop,EXW,Air,HRDT,HIV test - Ancillary,"Standard Diagnostics, Inc.",1.0,137.5,11.7,13,0.9,58,137.5,0.9,4,4,2011-04-29,2011-04-29,0,0,On-Time
1097,Sudan,PMO - US,Direct Drop,FCA,Air,HRDT,HIV test - Ancillary,"Orgenics, Ltd",2.0,1201.72,200.0,25,8.0,58,600.86,8.0,4,4,2011-04-29,2011-04-29,0,0,On-Time
1098,South Africa,PMO - US,Direct Drop,DDP,Ocean,ARV,Pediatric,Aurobindo Pharma Limited,3000.0,4573.21,225977.14,22643,9.98,221,1.52,9.98,5,1,2011-05-03,2011-05-03,0,0,On-Time
1099,South Africa,PMO - US,Direct Drop,DDP,Ocean,ARV,Adult,Aurobindo Pharma Limited,2275.0,3073.74,209000.0,25000,8.36,221,1.35,8.36,5,1,2011-05-03,2011-05-03,0,0,On-Time
1100,South Africa,PMO - US,Direct Drop,DDP,Ocean,ARV,Pediatric,Aurobindo Pharma Limited,2301.0,4573.2,173222.86,17357,9.98,221,1.99,9.98,5,1,2011-05-03,2011-06-03,31,1,Delayed
1101,Ethiopia,PMO - US,Direct Drop,EXW,Air,ARV,Adult,Aurobindo Pharma Limited,111.0,1206.62,21125.0,1625,13.0,92,10.87,13.0,5,2,2011-05-04,2011-05-04,0,0,On-Time
1102,South Africa,PMO - US,Direct Drop,DDP,Ocean,ARV,Adult,CIPLA LIMITED,10151.0,19569.93,1029000.0,150000,6.86,142,1.93,6.86,5,3,2011-05-05,2011-05-05,0,0,On-Time
1103,Vietnam,PMO - US,Direct Drop,FCA,Air,ARV,Adult,ABBVIE LOGISTICS (FORMERLY ABBOTT LOGISTICS BV),52.0,7339.84,2891.14,14,206.51,89,141.15,206.51,5,0,2011-05-09,2011-05-09,0,0,On-Time
1104,Vietnam,PMO - US,Direct Drop,FCA,Air,ARV,Adult,ABBVIE LOGISTICS (FORMERLY ABBOTT LOGISTICS BV),111.0,7300.68,7434.36,36,206.51,90,65.77,206.51,5,1,2011-05-10,2011-05-10,0,0,On-Time
1105,Zimbabwe,PMO - US,Direct Drop,CIF,Air,HRDT,HIV test,BIOLYTICAL LABORATORIES INC.,369.0,1014.5,23396.75,7199,3.25,118,2.75,3.25,5,1,2011-05-10,2011-05-10,0,0,On-Time
1106,Haiti,PMO - US,Direct Drop,CIP,Air,ARV,Adult,MERCK SHARP & DOHME IDEA GMBH (FORMALLY MERCK SHARP & DOHME B.V.),7.0,290.0,1400.0,28,50.0,188,41.43,50.0,5,2,2011-05-11,2011-05-11,0,0,On-Time
1107,Angola,PMO - US,Direct Drop,EXW,Air,HRDT,HIV test,"Orgenics, Ltd",865.0,13790.1,144000.0,1800,80.0,183,15.94,80.0,5,3,2011-05-12,2011-05-12,0,0,On-Time
1108,Tanzania,PMO - US,Direct Drop,EXW,Air,HRDT,HIV test,"Standard Diagnostics, Inc.",507.0,4329.08,30400.0,1520,20.0,103,8.54,20.0,5,0,2011-05-16,2011-05-16,0,0,On-Time
1109,Kenya,PMO - US,Direct Drop,FCA,Air,HRDT,HIV test,"Orgenics, Ltd",3637.0,38452.73,1096035.0,12315,89.0,103,10.57,89.0,5,1,2011-05-17,2011-05-17,0,0,On-Time
1110,Mozambique,PMO - US,Direct Drop,FCA,Air,ARV,Adult,Hoffmann-La Roche ltd Basel,446.0,5017.18,43478.98,420,103.52,105,11.25,103.52,5,1,2011-05-24,2011-05-24,0,0,On-Time
1111,Nigeria,PMO - US,Direct Drop,EXW,Air,HRDT,HIV test,"CHEMBIO DIAGNOSTIC SYSTEMS, INC.",334.0,2335.9,30508.0,1052,29.0,84,6.99,29.0,5,2,2011-05-25,2011-05-25,0,0,On-Time
1112,Nigeria,PMO - US,Direct Drop,EXW,Air,HRDT,HIV test,"CHEMBIO DIAGNOSTIC SYSTEMS, INC.",482.0,3060.82,41992.0,1448,29.0,84,6.35,29.0,5,2,2011-05-25,2011-05-25,0,0,On-Time
1113,Vietnam,PMO - US,Direct Drop,FCA,Air,ARV,Adult,ABBVIE LOGISTICS (FORMERLY ABBOTT LOGISTICS BV),756.0,9193.82,247422.0,3010,82.2,102,12.16,82.2,5,5,2011-05-28,2011-05-28,0,0,On-Time
1114,South Africa,PMO - US,Direct Drop,DDP,Ocean,ARV,Adult,CIPLA LIMITED,10156.0,13731.6,1029000.0,150000,6.86,167,1.35,6.86,5,0,2011-05-30,2011-05-30,0,0,On-Time
1115,Rwanda,PMO - US,Direct Drop,EXW,Ocean,ARV,Adult,HETERO LABS LIMITED,6683.0,14760.6,776702.16,82981,9.36,245,2.21,9.36,5,1,2011-05-31,2011-05-31,0,0,On-Time
1116,South Africa,PMO - US,Direct Drop,DDP,Ocean,ARV,Adult,Aurobindo Pharma Limited,10144.0,8809.08,722702.05,108677,6.65,168,0.87,6.65,5,1,2011-05-31,2011-06-13,13,1,Delayed
1117,South Africa,PMO - US,Direct Drop,DDP,Ocean,ARV,Adult,Aurobindo Pharma Limited,7397.0,8809.08,527012.5,79250,6.65,168,1.19,6.65,5,1,2011-05-31,2011-05-31,0,0,On-Time
1118,South Africa,PMO - US,Direct Drop,DDP,Ocean,ARV,Adult,Aurobindo Pharma Limited,11.0,8809.05,665.0,100,6.65,168,800.82,6.65,5,1,2011-05-31,2011-06-13,13,1,Delayed
1119,South Africa,PMO - US,Direct Drop,DDP,Ocean,ARV,Adult,Aurobindo Pharma Limited,7228.0,8809.08,515195.45,77473,6.65,168,1.22,6.65,5,1,2011-05-31,2011-06-13,13,1,Delayed
1120,Uganda,PMO - US,Direct Drop,DDP,Air,ARV,Adult,ASPEN PHARMACARE,43.0,466.0,24123.26,259,93.14,67,10.84,93.14,5,1,2011-05-31,2011-05-31,0,0,On-Time
1121,Tanzania,PMO - US,Direct Drop,EXW,Air,HRDT,HIV test,"Orgenics, Ltd",600.0,14398.69,100000.0,1250,80.0,91,24.0,80.0,6,2,2011-06-01,2011-06-01,0,0,On-Time
1122,Uganda,PMO - US,Direct Drop,DDP,Air,ARV,Adult,ASPEN PHARMACARE,5.0,41.0,2361.42,27,87.46,69,8.2,87.46,6,3,2011-06-02,2011-06-02,0,0,On-Time
1123,South Africa,PMO - US,Direct Drop,DDP,Ocean,ARV,Pediatric,Aurobindo Pharma Limited,3099.0,7321.43,131450.0,55000,2.39,252,2.36,2.39,6,4,2011-06-03,2011-06-03,0,0,On-Time
1124,Haiti,PMO - US,Direct Drop,EXW,Air,HRDT,HIV test,"SHANGHAI KEHUA BIOENGINEERING CO.,LTD.  (KHB)",197.0,2708.04,5980.0,260,23.0,47,13.75,23.0,6,0,2011-06-06,2011-06-06,0,0,On-Time
1125,Tanzania,PMO - US,Direct Drop,EXW,Air,HRDT,HIV test,"Standard Diagnostics, Inc.",1133.0,8509.57,67980.0,3399,20.0,75,7.51,20.0,6,0,2011-06-06,2011-06-06,0,0,On-Time
1126,Vietnam,PMO - US,Direct Drop,EXW,Air,ARV,Adult,HETERO LABS LIMITED,1516.0,11915.51,30450.0,21000,1.45,117,7.86,1.45,6,0,2011-06-06,2011-06-06,0,0,On-Time
1127,Tanzania,PMO - US,Direct Drop,EXW,Air,HRDT,HIV test,"Standard Diagnostics, Inc.",3335.0,24382.98,200000.0,10000,20.0,92,7.31,20.0,6,3,2011-06-09,2011-06-09,0,0,On-Time
1128,Côte d'Ivoire,PMO - US,Direct Drop,FCA,Air,ARV,Adult,Hoffmann-La Roche ltd Basel,255.0,4204.67,154437.73,1464,105.49,133,16.49,105.49,6,4,2011-06-10,2011-06-10,0,0,On-Time
1129,Vietnam,PMO - US,Direct Drop,EXW,Air,ARV,Adult,CIPLA LIMITED,320.0,4890.38,29025.0,4500,6.45,42,15.28,6.45,6,4,2011-06-10,2011-06-10,0,0,On-Time
1130,South Africa,PMO - US,Direct Drop,DDP,Ocean,ARV,Adult,Aurobindo Pharma Limited,4040.0,6121.42,287812.0,43280,6.65,181,1.52,6.65,6,0,2011-06-13,2011-06-13,0,0,On-Time
1131,South Africa,PMO - US,Direct Drop,DDP,Ocean,ARV,Adult,Aurobindo Pharma Limited,4008.0,6121.39,285537.7,42938,6.65,181,1.53,6.65,6,0,2011-06-13,2011-09-22,101,1,Delayed
1132,South Africa,PMO - US,Direct Drop,DDP,Ocean,ARV,Adult,Aurobindo Pharma Limited,7105.0,6121.41,506045.05,76097,6.65,181,0.86,6.65,6,0,2011-06-13,2011-09-15,94,1,Delayed
1133,South Africa,PMO - US,Direct Drop,DDP,Ocean,ARV,Adult,Aurobindo Pharma Limited,4868.0,6121.41,346850.7,52158,6.65,181,1.26,6.65,6,0,2011-06-13,2011-06-13,0,0,On-Time
1134,South Africa,PMO - US,Direct Drop,DDP,Ocean,ARV,Adult,Aurobindo Pharma Limited,2044.0,5768.66,145608.4,21896,6.65,181,2.82,6.65,6,0,2011-06-13,2011-06-13,0,0,On-Time
1135,Nigeria,PMO - US,Direct Drop,FCA,Air,ARV,Adult,ABBVIE LOGISTICS (FORMERLY ABBOTT LOGISTICS BV),68.0,1123.14,3068.8,448,6.85,71,16.52,6.85,6,1,2011-06-14,2011-06-14,0,0,On-Time
1136,Côte d'Ivoire,PMO - US,Direct Drop,EXW,Air,ARV,Adult,MYLAN LABORATORIES LTD (FORMERLY MATRIX LABORATORIES),403.0,5714.74,72960.0,2432,30.0,96,14.18,30.0,6,2,2011-06-15,2011-06-15,0,0,On-Time
1137,Côte d'Ivoire,PMO - US,Direct Drop,EXW,Air,HRDT,HIV test,"Standard Diagnostics, Inc.",422.0,5054.68,27080.0,1354,20.0,43,11.98,20.0,6,4,2011-06-17,2011-06-17,0,0,On-Time
1138,Rwanda,PMO - US,Direct Drop,EXW,Air,ARV,Adult,HETERO LABS LIMITED,3720.0,35499.58,180303.41,43657,4.13,262,9.54,4.13,6,4,2011-06-17,2011-06-17,0,0,On-Time
1139,Tanzania,PMO - US,Direct Drop,EXW,Air,HRDT,HIV test,"Orgenics, Ltd",40.0,1765.86,6880.0,86,80.0,89,44.15,80.0,6,0,2011-06-20,2011-06-20,0,0,On-Time
1140,Vietnam,PMO - US,Direct Drop,EXW,Air,ARV,Adult,MYLAN LABORATORIES LTD (FORMERLY MATRIX LABORATORIES),2806.0,18207.5,40000.0,20000,2.0,127,6.49,2.0,6,2,2011-06-22,2011-06-22,0,0,On-Time
1141,Vietnam,PMO - US,Direct Drop,EXW,Air,ARV,Adult,MYLAN LABORATORIES LTD (FORMERLY MATRIX LABORATORIES),2113.0,10784.69,4045.6,1556,2.6,127,5.1,2.6,6,2,2011-06-22,2011-06-22,0,0,On-Time
1142,Sudan,PMO - US,Direct Drop,EXW,Air,HRDT,HIV test - Ancillary,"Standard Diagnostics, Inc.",2.0,1193.15,11.7,13,0.9,53,596.57,0.9,6,4,2011-06-24,2011-06-24,0,0,On-Time
1143,Sudan,PMO - US,Direct Drop,EXW,Air,HRDT,HIV test,"Standard Diagnostics, Inc.",430.0,4500.71,600.0,30,20.0,53,10.47,20.0,6,4,2011-06-24,2011-06-24,0,0,On-Time
1144,South Africa,PMO - US,Direct Drop,DDP,Ocean,ARV,Adult,Aurobindo Pharma Limited,5999.0,13829.58,427388.85,64269,6.65,202,2.31,6.65,6,6,2011-06-26,2011-04-07,-80,0,On-Time
1145,South Africa,PMO - US,Direct Drop,DDP,Ocean,ARV,Adult,Aurobindo Pharma Limited,6564.0,12396.57,467701.15,70331,6.65,202,1.89,6.65,6,6,2011-06-26,2011-06-26,0,0,On-Time
1146,South Africa,PMO - US,Direct Drop,DDP,Ocean,ARV,Adult,Aurobindo Pharma Limited,12208.0,13829.57,869820.0,130800,6.65,202,1.13,6.65,6,6,2011-06-26,2011-04-07,-80,0,On-Time
1147,Sudan,PMO - US,Direct Drop,EXW,Air,HRDT,HIV test,"Orgenics, Ltd",97.0,2542.17,18957.0,213,89.0,117,26.21,89.0,6,0,2011-06-27,2011-06-27,0,0,On-Time
1148,Tanzania,PMO - US,Direct Drop,FCA,Air,ARV,Adult,LAWRENCE LABORATORIES (SUBSIDIARY OF BRISTOL MYERS SQUIBB),140.0,1870.73,38477.32,2098,18.34,74,13.36,18.34,6,0,2011-06-27,2011-06-27,0,0,On-Time
1149,Tanzania,PMO - US,Direct Drop,EXW,Air,HRDT,HIV test,"Standard Diagnostics, Inc.",3334.0,23489.63,200000.0,10000,20.0,56,7.05,20.0,6,0,2011-06-27,2011-06-27,0,0,On-Time
1150,Ethiopia,PMO - US,Direct Drop,EXW,Air,ARV,Adult,Aurobindo Pharma Limited,3685.0,16359.2,487132.8,14498,33.6,133,4.44,33.6,6,1,2011-06-28,2011-06-28,0,0,On-Time
1151,Nigeria,PMO - US,Direct Drop,EXW,Air,HRDT,HIV test,"CHEMBIO DIAGNOSTIC SYSTEMS, INC.",482.0,2386.35,37294.0,1286,29.0,41,4.95,29.0,6,1,2011-06-28,2011-06-28,0,0,On-Time
1152,Rwanda,PMO - US,Direct Drop,EXW,Air,HRDT,HIV test,"Trinity Biotech, Plc",83.0,1215.46,7680.0,240,32.0,61,14.64,32.0,6,1,2011-06-28,2011-06-28,0,0,On-Time
1153,Côte d'Ivoire,PMO - US,Direct Drop,FCA,Air,ARV,Adult,ABBVIE LOGISTICS (FORMERLY ABBOTT LOGISTICS BV),1196.0,17068.84,162063.3,4809,33.7,98,14.27,33.7,6,3,2011-06-30,2011-06-30,0,0,On-Time
1154,Côte d'Ivoire,PMO - US,Direct Drop,EXW,Air,HRDT,HIV test,"Standard Diagnostics, Inc.",859.0,7894.76,58032.0,2418,24.0,73,9.19,24.0,6,3,2011-06-30,2011-06-30,0,0,On-Time
1155,Côte d'Ivoire,PMO - US,Direct Drop,FCA,Air,ARV,Adult,ABBVIE LOGISTICS (FORMERLY ABBOTT LOGISTICS BV),2368.0,17068.85,320722.9,9517,33.7,98,7.21,33.7,6,3,2011-06-30,2011-06-30,0,0,On-Time
1156,Côte d'Ivoire,PMO - US,Direct Drop,CIP,Air,ARV,Adult,MERCK SHARP & DOHME IDEA GMBH (FORMALLY MERCK SHARP & DOHME B.V.),928.0,2093.32,307440.0,6100,50.4,294,2.26,50.4,7,4,2011-07-01,2011-07-01,0,0,On-Time
1157,Côte d'Ivoire,PMO - US,Direct Drop,CIP,Air,ARV,Pediatric,MERCK SHARP & DOHME IDEA GMBH (FORMALLY MERCK SHARP & DOHME B.V.),1014.0,2093.32,57647.04,3399,16.96,123,2.06,16.96,7,4,2011-07-01,2011-07-01,0,0,On-Time
1158,Côte d'Ivoire,PMO - US,Direct Drop,CIP,Air,ARV,Pediatric,MERCK SHARP & DOHME IDEA GMBH (FORMALLY MERCK SHARP & DOHME B.V.),1489.0,2093.31,88124.16,5196,16.96,294,1.41,16.96,7,4,2011-07-01,2011-07-01,0,0,On-Time
1159,Ethiopia,PMO - US,Direct Drop,EXW,Air,ARV,Adult,MYLAN LABORATORIES LTD (FORMERLY MATRIX LABORATORIES),9565.0,60713.12,624000.0,100000,6.24,36,6.35,6.24,7,4,2011-07-01,2011-07-01,0,0,On-Time
1160,Sudan,PMO - US,Direct Drop,EXW,Air,HRDT,HIV test,"Orgenics, Ltd",180.0,4529.86,33642.0,378,89.0,60,25.17,89.0,7,4,2011-07-01,2011-07-01,0,0,On-Time
1161,Sudan,PMO - US,Direct Drop,EXW,Air,HRDT,HIV test,"Trinity Biotech, Plc",71.0,1626.67,6624.0,207,32.0,60,22.91,32.0,7,4,2011-07-01,2011-07-01,0,0,On-Time
1162,Sudan,PMO - US,Direct Drop,EXW,Air,HRDT,HIV test - Ancillary,"Orgenics, Ltd",3.0,1209.56,396.0,33,12.0,60,403.19,12.0,7,4,2011-07-01,2011-07-01,0,0,On-Time
1163,Vietnam,PMO - US,Direct Drop,EXW,Air,ARV,Adult,STRIDES ARCOLAB LIMITED,2351.0,10122.75,117500.0,50000,2.35,82,4.31,2.35,7,1,2011-07-05,2011-07-05,0,0,On-Time
1164,Namibia,PMO - US,Direct Drop,EXW,Air,HRDT,HIV test,"Orgenics, Ltd",24.0,677.37,7770.0,100,77.7,36,28.22,77.7,7,2,2011-07-06,2011-07-06,0,0,On-Time
1165,Nigeria,PMO - US,Direct Drop,EXW,Air,HRDT,HIV test,"Orgenics, Ltd",1231.0,28132.96,230154.0,2586,89.0,99,22.85,89.0,7,3,2011-07-07,2011-07-07,0,0,On-Time
1166,Nigeria,PMO - US,Direct Drop,EXW,Air,HRDT,HIV test,"Orgenics, Ltd",1022.0,23826.25,189392.0,2128,89.0,99,23.31,89.0,7,3,2011-07-07,2011-07-12,5,1,Delayed
1167,Nigeria,PMO - US,Direct Drop,EXW,Air,HRDT,HIV test,"Orgenics, Ltd",1378.0,31201.82,257299.0,2891,89.0,99,22.64,89.0,7,3,2011-07-07,2011-07-07,0,0,On-Time
1168,Kenya,PMO - US,Direct Drop,EXW,Air,HRDT,HIV test,"Orgenics, Ltd",2951.0,31923.61,890000.0,10000,89.0,78,10.82,89.0,7,4,2011-07-08,2011-07-08,0,0,On-Time
1169,South Africa,PMO - US,Direct Drop,DDP,Air,ARV,Pediatric,GLAXOSMITHKLINE EXPORT LIMITED,12374.0,11865.62,320640.0,32000,10.02,209,0.96,10.02,7,0,2011-07-11,2011-07-11,0,0,On-Time
1170,Benin,PMO - US,Direct Drop,EXW,Air,ARV,Adult,MYLAN LABORATORIES LTD (FORMERLY MATRIX LABORATORIES),175.0,5864.56,17540.4,1244,14.1,46,33.51,14.1,7,1,2011-07-12,2011-07-12,0,0,On-Time
1171,Côte d'Ivoire,PMO - US,Direct Drop,EXW,Air,HRDT,HIV test,"Orgenics, Ltd",1543.0,37173.01,258880.0,3236,80.0,68,24.09,80.0,7,1,2011-07-12,2011-07-12,0,0,On-Time
1172,Mozambique,PMO - US,Direct Drop,EXW,Air,HRDT,HIV test,"Orgenics, Ltd",628.0,7580.09,215151.3,2769,77.7,104,12.07,77.7,7,1,2011-07-12,2011-07-12,0,0,On-Time
1173,Zimbabwe,PMO - US,Direct Drop,FCA,Air,ARV,Pediatric,ABBVIE LOGISTICS (FORMERLY ABBOTT LOGISTICS BV),1257.0,22837.98,39161.28,1083,36.16,244,18.17,36.16,7,1,2011-07-12,2011-07-12,0,0,On-Time
1174,South Africa,PMO - US,Direct Drop,DDP,Ocean,ARV,Adult,CIPLA LIMITED,3247.0,7180.16,310560.0,48000,6.47,108,2.21,6.47,7,3,2011-07-14,2011-07-14,0,0,On-Time
1175,South Africa,PMO - US,Direct Drop,DDP,Ocean,ARV,Adult,CIPLA LIMITED,7569.0,11986.59,731110.0,113000,6.47,108,1.58,6.47,7,3,2011-07-14,2011-07-14,0,0,On-Time
1176,South Africa,PMO - US,Direct Drop,DDP,Ocean,ARV,Adult,CIPLA LIMITED,3658.0,12796.59,349431.76,54008,6.47,108,3.5,6.47,7,3,2011-07-14,2011-07-14,0,0,On-Time
1177,Tanzania,PMO - US,Direct Drop,EXW,Air,HRDT,HIV test,"Standard Diagnostics, Inc.",3335.0,23616.68,200000.0,10000,20.0,73,7.08,20.0,7,3,2011-07-14,2011-07-14,0,0,On-Time
1178,Tanzania,PMO - US,Direct Drop,EXW,Air,HRDT,HIV test,"Standard Diagnostics, Inc.",3335.0,23650.43,200000.0,10000,20.0,73,7.09,20.0,7,3,2011-07-14,2011-07-14,0,0,On-Time
1179,Tanzania,PMO - US,Direct Drop,FCA,Air,ARV,Adult,LAWRENCE LABORATORIES (SUBSIDIARY OF BRISTOL MYERS SQUIBB),1272.0,10816.49,116587.38,6357,18.34,91,8.5,18.34,7,3,2011-07-14,2011-07-14,0,0,On-Time
1180,Tanzania,PMO - US,Direct Drop,EXW,Air,HRDT,HIV test,"Standard Diagnostics, Inc.",3334.0,23623.43,200000.0,10000,20.0,73,7.09,20.0,7,3,2011-07-14,2011-07-14,0,0,On-Time
1181,Nigeria,PMO - US,Direct Drop,EXW,Air,HRDT,HIV test,"Trinity Biotech, Plc",1255.0,15794.47,117184.0,3662,32.0,110,12.59,32.0,7,1,2011-07-19,2011-07-19,0,0,On-Time
1182,Zambia,PMO - US,Direct Drop,EXW,Air,HRDT,HIV test,"Trinity Biotech, Plc",1224.0,15670.6,112000.0,3500,32.0,90,12.8,32.0,7,1,2011-07-19,2011-07-19,0,0,On-Time
1183,Uganda,PMO - US,Direct Drop,DDP,Air,ARV,Adult,ASPEN PHARMACARE,22.0,140.0,7839.9,93,84.3,71,6.36,84.3,7,4,2011-07-22,2011-07-22,0,0,On-Time
1184,Zambia,PMO - US,Direct Drop,EXW,Air,HRDT,HIV test,"Orgenics, Ltd",1061.0,23722.96,220080.0,2751,80.0,92,22.36,80.0,7,4,2011-07-22,2011-07-22,0,0,On-Time
1185,Zambia,PMO - US,Direct Drop,EXW,Air,HRDT,HIV test,"Orgenics, Ltd",1094.0,24400.67,226800.0,2835,80.0,92,22.3,80.0,7,4,2011-07-22,2011-07-25,3,1,Delayed
1186,Zambia,PMO - US,Direct Drop,EXW,Air,HRDT,HIV test,"Orgenics, Ltd",667.0,15123.48,138320.0,1729,80.0,92,22.67,80.0,7,4,2011-07-22,2011-07-22,0,0,On-Time
1187,Vietnam,PMO - US,Direct Drop,EXW,Air,ARV,Adult,STRIDES ARCOLAB LIMITED,3828.0,15089.11,58850.0,11000,5.35,85,3.94,5.35,7,1,2011-07-26,2011-07-26,0,0,On-Time
1188,Vietnam,PMO - US,Direct Drop,EXW,Air,ARV,Adult,STRIDES ARCOLAB LIMITED,2537.0,9145.1,117500.0,50000,2.35,85,3.6,2.35,7,1,2011-07-26,2011-07-26,0,0,On-Time
1189,Nigeria,PMO - US,Direct Drop,EXW,Air,HRDT,HIV test,"Orgenics, Ltd",976.0,26014.88,181916.0,2044,89.0,65,26.65,89.0,7,2,2011-07-27,2011-07-27,0,0,On-Time
1190,Nigeria,PMO - US,Direct Drop,EXW,Air,HRDT,HIV test,"Orgenics, Ltd",1277.0,26014.88,239143.0,2687,89.0,65,20.37,89.0,7,2,2011-07-27,2011-07-27,0,0,On-Time
1191,Vietnam,PMO - US,Direct Drop,EXW,Air,ARV,Adult,MYLAN LABORATORIES LTD (FORMERLY MATRIX LABORATORIES),664.0,6247.82,87000.0,12000,7.25,86,9.41,7.25,7,2,2011-07-27,2011-07-27,0,0,On-Time
1192,Vietnam,PMO - US,Direct Drop,EXW,Air,ARV,Adult,MYLAN LABORATORIES LTD (FORMERLY MATRIX LABORATORIES),2571.0,13880.57,202466.0,18406,11.0,162,5.4,11.0,7,2,2011-07-27,2011-07-27,0,0,On-Time
1193,Vietnam,PMO - US,Direct Drop,EXW,Air,ARV,Adult,MYLAN LABORATORIES LTD (FORMERLY MATRIX LABORATORIES),544.0,9141.18,54522.0,8388,6.5,162,16.8,6.5,7,2,2011-07-27,2011-07-27,0,0,On-Time
1194,Vietnam,PMO - US,Direct Drop,EXW,Air,ARV,Adult,MYLAN LABORATORIES LTD (FORMERLY MATRIX LABORATORIES),111.0,7457.19,10478.0,1612,6.5,162,67.18,6.5,7,2,2011-07-27,2011-07-27,0,0,On-Time
1195,Vietnam,PMO - US,Direct Drop,EXW,Air,ARV,Adult,MYLAN LABORATORIES LTD (FORMERLY MATRIX LABORATORIES),1615.0,9502.5,127534.0,11594,11.0,162,5.88,11.0,7,2,2011-07-27,2011-07-27,0,0,On-Time
1196,Namibia,PMO - US,Direct Drop,EXW,Air,HRDT,HIV test,"Trinity Biotech, Plc",245.0,6897.71,23296.0,728,32.0,64,28.15,32.0,8,2,2011-08-03,2011-08-03,0,0,On-Time
1197,Zimbabwe,PMO - US,Direct Drop,FCA,Air,ARV,Pediatric,ABBVIE LOGISTICS (FORMERLY ABBOTT LOGISTICS BV),1042.0,17912.6,39161.28,1083,36.16,267,17.19,36.16,8,3,2011-08-04,2011-08-04,0,0,On-Time
1198,Guyana,PMO - US,Direct Drop,FCA,Air,ARV,Adult,ABBVIE LOGISTICS (FORMERLY ABBOTT LOGISTICS BV),334.0,2171.57,108832.8,1324,82.2,51,6.5,82.2,8,4,2011-08-05,2011-08-05,0,0,On-Time
1199,South Africa,PMO - US,Direct Drop,DDP,Ocean,ARV,Adult,CIPLA LIMITED,4364.0,10758.45,420550.0,65000,6.47,127,2.47,6.47,8,5,2011-08-06,2011-08-06,0,0,On-Time
1200,Guyana,PMO - US,Direct Drop,EXW,Air,HRDT,HIV test,"CHEMBIO DIAGNOSTIC SYSTEMS, INC.",6.0,325.67,435.0,15,29.0,19,54.28,29.0,8,0,2011-08-08,2011-08-08,0,0,On-Time
1201,Haiti,PMO - US,Direct Drop,FCA,Air,ARV,Pediatric,ABBVIE LOGISTICS (FORMERLY ABBOTT LOGISTICS BV),126.0,1767.91,3033.0,90,33.7,81,14.03,33.7,8,0,2011-08-08,2011-08-08,0,0,On-Time
1202,Swaziland,PMO - US,Direct Drop,EXW,Air,HRDT,HIV test - Ancillary,"Orgenics, Ltd",56.0,1670.06,780.0,156,5.0,52,29.82,5.0,8,0,2011-08-08,2011-08-08,0,0,On-Time
1203,Kenya,PMO - US,Direct Drop,EXW,Air,HRDT,HIV test,"Orgenics, Ltd",1980.0,37548.87,741459.0,8331,89.0,82,18.96,89.0,8,1,2011-08-09,2011-08-11,2,1,Delayed
1204,Kenya,PMO - US,Direct Drop,EXW,Air,HRDT,HIV test,"Orgenics, Ltd",2069.0,14307.97,646407.0,7263,89.0,82,6.92,89.0,8,1,2011-08-09,2011-08-09,0,0,On-Time
1205,Swaziland,PMO - US,Direct Drop,EXW,Air,HRDT,HIV test,"Trinity Biotech, Plc",429.0,4726.15,40640.0,1270,32.0,54,11.02,32.0,8,1,2011-08-09,2011-08-09,0,0,On-Time
1206,Vietnam,PMO - US,Direct Drop,EXW,Air,ARV,Adult,MYLAN LABORATORIES LTD (FORMERLY MATRIX LABORATORIES),3098.0,12745.06,65000.0,25000,2.6,101,4.11,2.6,8,3,2011-08-11,2011-08-11,0,0,On-Time
1207,South Africa,PMO - US,Direct Drop,DDP,Air,ARV,Pediatric,GLAXOSMITHKLINE EXPORT LIMITED,22956.0,27372.24,601200.0,60000,10.02,249,1.19,10.02,8,4,2011-08-12,2011-08-12,0,0,On-Time
1208,South Africa,PMO - US,Direct Drop,DDP,Air,ARV,Pediatric,GLAXOSMITHKLINE EXPORT LIMITED,12264.0,10277.92,320640.0,32000,10.02,241,0.84,10.02,8,4,2011-08-12,2011-08-12,0,0,On-Time
1209,Liberia,PMO - US,Direct Drop,EXW,Air,HRDT,HIV test,"Standard Diagnostics, Inc.",34.0,871.3,2000.0,100,20.0,26,25.63,20.0,8,0,2011-08-15,2011-08-15,0,0,On-Time
1210,South Africa,PMO - US,Direct Drop,DDP,Ocean,ARV,Adult,Aurobindo Pharma Limited,127.0,47101.63,17899.6,2452,7.3,136,370.88,7.3,8,0,2011-08-15,2011-08-15,0,0,On-Time
1211,South Africa,PMO - US,Direct Drop,DDP,Ocean,ARV,Adult,Aurobindo Pharma Limited,391.0,659.58,55100.4,7548,7.3,136,1.69,7.3,8,0,2011-08-15,2011-09-15,31,1,Delayed
1212,Côte d'Ivoire,PMO - US,Direct Drop,FCA,Air,ARV,Adult,ABBVIE LOGISTICS (FORMERLY ABBOTT LOGISTICS BV),4113.0,30130.82,562621.5,16695,33.7,139,7.33,33.7,8,3,2011-08-18,2011-08-18,0,0,On-Time
1213,Kenya,PMO - US,Direct Drop,EXW,Air,HRDT,HIV test,"Trinity Biotech, Plc",129.0,2039.73,12320.0,385,32.0,92,15.81,32.0,8,3,2011-08-18,2011-08-18,0,0,On-Time
1214,Vietnam,PMO - US,Direct Drop,EXW,Air,ARV,Adult,MYLAN LABORATORIES LTD (FORMERLY MATRIX LABORATORIES),5941.0,19632.73,461580.0,42000,10.99,114,3.3,10.99,8,2,2011-08-24,2011-08-24,0,0,On-Time
1215,Ethiopia,PMO - US,Direct Drop,EXW,Air,ARV,Adult,Aurobindo Pharma Limited,257.0,2325.62,49075.0,3775,13.0,205,9.05,13.0,8,3,2011-08-25,2011-08-25,0,0,On-Time
1216,Guyana,PMO - US,Direct Drop,EXW,Air,HRDT,HIV test,"Trinity Biotech, Plc",1573.0,26710.2,146816.0,4588,32.0,30,16.98,32.0,8,2,2011-08-31,2011-08-31,0,0,On-Time
1217,Nigeria,PMO - US,Direct Drop,EXW,Air,HRDT,HIV test,"Orgenics, Ltd",1201.0,28669.23,224280.0,2520,89.0,100,23.87,89.0,8,2,2011-08-31,2011-08-31,0,0,On-Time
1218,Nigeria,PMO - US,Direct Drop,EXW,Air,HRDT,HIV test,"Orgenics, Ltd",1360.0,32499.11,253917.0,2853,89.0,100,23.9,89.0,8,2,2011-08-31,2011-08-25,-6,0,On-Time
1219,Liberia,PMO - US,Direct Drop,EXW,Air,HRDT,HIV test,"Trinity Biotech, Plc",17.0,515.11,1600.0,50,32.0,44,30.3,32.0,9,4,2011-09-02,2011-09-02,0,0,On-Time
1220,South Africa,PMO - US,Direct Drop,DDP,Ocean,ARV,Adult,STRIDES ARCOLAB LIMITED,9306.0,10511.33,430500.0,150000,2.87,158,1.13,2.87,9,4,2011-09-02,2011-09-02,0,0,On-Time
1221,South Africa,PMO - US,Direct Drop,DDP,Ocean,ARV,Pediatric,Aurobindo Pharma Limited,3313.0,4689.6,204250.0,25000,8.17,162,1.42,8.17,9,4,2011-09-02,2011-09-02,0,0,On-Time
1222,South Africa,PMO - US,Direct Drop,DDP,Ocean,ARV,Adult,Aurobindo Pharma Limited,14833.0,21555.16,786995.0,174500,4.51,162,1.45,4.51,9,4,2011-09-02,2011-09-02,0,0,On-Time
1223,South Africa,PMO - US,Direct Drop,DDP,Ocean,ARV,Pediatric,Aurobindo Pharma Limited,40.0,422.84,2451.0,300,8.17,154,10.57,8.17,9,4,2011-09-02,2011-09-02,0,0,On-Time
1224,South Africa,PMO - US,Direct Drop,DDP,Air,ARV,Adult,HETERO LABS LIMITED,8025.0,9706.85,435675.0,92500,4.71,163,1.21,4.71,9,4,2011-09-02,2011-09-02,0,0,On-Time
1225,South Africa,PMO - US,Direct Drop,DDP,Ocean,ARV,Pediatric,Aurobindo Pharma Limited,2953.0,6409.91,122000.0,50000,2.44,162,2.17,2.44,9,4,2011-09-02,2011-09-02,0,0,On-Time
1226,South Africa,PMO - US,Direct Drop,DDP,Ocean,ARV,Adult,STRIDES ARCOLAB LIMITED,23273.0,31656.61,1251450.0,515000,2.43,158,1.36,2.43,9,4,2011-09-02,2011-09-02,0,0,On-Time
1227,South Africa,PMO - US,Direct Drop,DDP,Ocean,ARV,Adult,Aurobindo Pharma Limited,3458.0,3787.72,487588.9,66793,7.3,162,1.1,7.3,9,4,2011-09-02,2011-09-02,0,0,On-Time
1228,South Africa,PMO - US,Direct Drop,DDP,Ocean,ARV,Adult,STRIDES ARCOLAB LIMITED,3347.0,7414.66,182250.0,75000,2.43,154,2.22,2.43,9,4,2011-09-02,2011-09-02,0,0,On-Time
1229,South Africa,PMO - US,Direct Drop,DDP,Ocean,ARV,Pediatric,Aurobindo Pharma Limited,5778.0,14558.87,238517.32,97753,2.44,162,2.52,2.44,9,4,2011-09-02,2011-09-02,0,0,On-Time
1230,South Africa,PMO - US,Direct Drop,DDP,Ocean,ARV,Adult,Aurobindo Pharma Limited,2303.0,3790.0,210500.0,25000,8.42,162,1.65,8.42,9,4,2011-09-02,2011-09-02,0,0,On-Time
1231,South Africa,PMO - US,Direct Drop,DDP,Ocean,ARV,Adult,Aurobindo Pharma Limited,1720.0,3787.71,242411.1,33207,7.3,162,2.2,7.3,9,4,2011-09-02,2011-09-02,0,0,On-Time
1232,Mozambique,PMO - US,Direct Drop,EXW,Air,HRDT,HIV test,"Orgenics, Ltd",2675.0,4969.35,916860.0,11800,77.7,157,1.86,77.7,9,5,2011-09-03,2011-09-03,0,0,On-Time
1233,Rwanda,PMO - US,Direct Drop,EXW,Air,HRDT,HIV test,"Orgenics, Ltd",1703.0,25501.1,582750.0,7500,77.7,46,14.97,77.7,9,6,2011-09-04,2011-09-04,0,0,On-Time
1234,South Africa,PMO - US,Direct Drop,DDP,Ocean,ARV,Adult,Aurobindo Pharma Limited,5177.0,10405.58,730000.0,100000,7.3,165,2.01,7.3,9,0,2011-09-05,2011-09-05,0,0,On-Time
1235,South Africa,PMO - US,Direct Drop,DDP,Ocean,ARV,Adult,Aurobindo Pharma Limited,5178.0,14621.3,730000.0,100000,7.3,165,2.82,7.3,9,0,2011-09-05,2011-09-05,0,0,On-Time
1236,Vietnam,PMO - US,Direct Drop,EXW,Air,ARV,Adult,Aurobindo Pharma Limited,2675.0,9656.19,219000.0,20000,10.95,124,3.61,10.95,9,0,2011-09-05,2011-09-05,0,0,On-Time
1237,Vietnam,PMO - US,Direct Drop,EXW,Air,ARV,Adult,MYLAN LABORATORIES LTD (FORMERLY MATRIX LABORATORIES),3408.0,13674.64,268463.72,24428,10.99,144,4.01,10.99,9,0,2011-09-05,2011-09-05,0,0,On-Time
1238,Guyana,PMO - US,Direct Drop,EXW,Air,HRDT,HIV test,"Orgenics, Ltd",439.0,11941.94,91500.0,915,100.0,48,27.2,100.0,9,1,2011-09-06,2011-09-06,0,0,On-Time
1239,South Africa,PMO - US,Direct Drop,DDP,Ocean,ARV,Adult,STRIDES ARCOLAB LIMITED,19564.0,33865.26,1069200.0,440000,2.43,162,1.73,2.43,9,1,2011-09-06,2011-09-06,0,0,On-Time
1240,Côte d'Ivoire,PMO - US,Direct Drop,EXW,Air,HRDT,HIV test,"Orgenics, Ltd",1346.0,34282.33,225680.0,2821,80.0,126,25.47,80.0,9,3,2011-09-08,2011-09-08,0,0,On-Time
1241,Côte d'Ivoire,PMO - US,Direct Drop,EXW,Air,HRDT,HIV test,"Orgenics, Ltd",240.0,7681.19,39520.0,494,80.0,126,32.0,80.0,9,3,2011-09-08,2011-09-08,0,0,On-Time
1242,Zimbabwe,PMO - US,Direct Drop,EXW,Air,HRDT,HIV test,"Orgenics, Ltd",1053.0,27236.25,218400.0,2730,80.0,126,25.87,80.0,9,3,2011-09-08,2011-09-08,0,0,On-Time
1243,Zimbabwe,PMO - US,Direct Drop,EXW,Air,HRDT,HIV test,"Orgenics, Ltd",532.0,14423.28,85600.0,1070,80.0,126,27.11,80.0,9,3,2011-09-08,2011-09-08,0,0,On-Time
1244,Côte d'Ivoire,PMO - US,Direct Drop,EXW,Air,HRDT,HIV test,"Standard Diagnostics, Inc.",403.0,5639.42,24180.0,1209,20.0,130,13.99,20.0,9,0,2011-09-12,2011-09-12,0,0,On-Time
1245,Dominican Republic,PMO - US,Direct Drop,EXW,Air,HRDT,HIV test,"Standard Diagnostics, Inc.",28.0,483.68,3075.0,41,75.0,40,17.27,75.0,9,0,2011-09-12,2011-09-12,0,0,On-Time
1246,Nigeria,PMO - US,Direct Drop,EXW,Air,HRDT,HIV test,"Trinity Biotech, Plc",1918.0,24147.39,185312.0,5791,32.0,117,12.59,32.0,9,0,2011-09-12,2011-09-12,0,0,On-Time
1247,Liberia,PMO - US,Direct Drop,EXW,Air,HRDT,HIV test,"Orgenics, Ltd",252.0,8678.71,41600.0,520,80.0,55,34.44,80.0,9,1,2011-09-13,2011-09-13,0,0,On-Time
1248,Nigeria,PMO - US,Direct Drop,EXW,Air,ANTM,Malaria,IDA FOUNDATION,13.0,365.48,330.0,300,1.1,84,28.11,1.1,9,1,2011-09-13,2011-09-13,0,0,On-Time
1249,Vietnam,PMO - US,Direct Drop,EXW,Air,ARV,Adult,HETERO LABS LIMITED,2957.0,14589.33,123900.0,30000,4.13,152,4.93,4.13,9,1,2011-09-13,2011-09-13,0,0,On-Time
1250,South Africa,PMO - US,Direct Drop,DDP,Ocean,ARV,Pediatric,Aurobindo Pharma Limited,3237.0,10923.46,133633.92,54768,2.44,174,3.37,2.44,9,2,2011-09-14,2011-10-27,43,1,Delayed
1251,South Africa,PMO - US,Direct Drop,DDP,Ocean,ARV,Adult,Aurobindo Pharma Limited,4603.0,8033.13,421000.0,50000,8.42,174,1.75,8.42,9,2,2011-09-14,2011-09-14,0,0,On-Time
1252,South Africa,PMO - US,Direct Drop,DDP,Ocean,ARV,Pediatric,Aurobindo Pharma Limited,2674.0,5301.65,110366.08,45232,2.44,174,1.98,2.44,9,2,2011-09-14,2011-09-14,0,0,On-Time
1253,South Africa,PMO - US,Direct Drop,DDP,Ocean,ARV,Pediatric,Aurobindo Pharma Limited,3313.0,5192.74,204250.0,25000,8.17,174,1.57,8.17,9,2,2011-09-14,2011-09-14,0,0,On-Time
1254,South Africa,PMO - US,Direct Drop,DDP,Ocean,ARV,Adult,Aurobindo Pharma Limited,1820.0,698.0,167019.12,19836,8.42,166,0.38,8.42,9,2,2011-09-14,2011-09-14,0,0,On-Time
1255,South Africa,PMO - US,Direct Drop,DDP,Ocean,ARV,Adult,Aurobindo Pharma Limited,5063.0,10748.74,360729.25,54245,6.65,275,2.12,6.65,9,3,2011-09-15,2011-09-15,0,0,On-Time
1256,South Africa,PMO - US,Direct Drop,DDP,Ocean,ARV,Adult,Aurobindo Pharma Limited,11603.0,10748.8,826674.8,124312,6.65,275,0.93,6.65,9,3,2011-09-15,2011-09-22,7,1,Delayed
1257,South Africa,PMO - US,Direct Drop,DDP,Ocean,ARV,Adult,Aurobindo Pharma Limited,8106.0,10748.78,577505.95,86843,6.65,275,1.33,6.65,9,3,2011-09-15,2011-09-15,0,0,On-Time
1258,Zimbabwe,PMO - US,Direct Drop,FCA,Air,ARV,Pediatric,ABBVIE LOGISTICS (FORMERLY ABBOTT LOGISTICS BV),2364.0,16956.86,90472.32,2502,36.16,309,7.17,36.16,9,3,2011-09-15,2011-09-15,0,0,On-Time
1259,South Africa,PMO - US,Direct Drop,DDP,Ocean,ARV,Adult,STRIDES ARCOLAB LIMITED,9282.0,15222.94,430500.0,150000,2.87,172,1.64,2.87,9,4,2011-09-16,2011-09-16,0,0,On-Time
1260,Namibia,PMO - US,Direct Drop,EXW,Air,HRDT,HIV test,"Orgenics, Ltd",36.0,859.18,11655.0,150,77.7,48,23.87,77.7,9,1,2011-09-20,2011-09-20,0,0,On-Time
1261,Ethiopia,PMO - US,Direct Drop,EXW,Ocean,ARV,Adult,Aurobindo Pharma Limited,3476.0,11729.82,460420.8,13703,33.6,218,3.37,33.6,9,2,2011-09-21,2011-09-21,0,0,On-Time
1262,Vietnam,PMO - US,Direct Drop,EXW,Air,ARV,Adult,MYLAN LABORATORIES LTD (FORMERLY MATRIX LABORATORIES),3572.0,10657.33,281036.28,25572,10.99,160,2.98,10.99,9,2,2011-09-21,2011-09-21,0,0,On-Time
1263,Vietnam,PMO - US,Direct Drop,EXW,Air,ARV,Adult,HETERO LABS LIMITED,3723.0,19056.13,110040.0,22925,4.8,160,5.12,4.8,9,2,2011-09-21,2011-09-21,0,0,On-Time
1264,Vietnam,PMO - US,Direct Drop,FCA,Air,ARV,Adult,ABBVIE LOGISTICS (FORMERLY ABBOTT LOGISTICS BV),1232.0,8108.91,406972.2,4951,82.2,154,6.58,82.2,9,3,2011-09-22,2011-09-22,0,0,On-Time
1265,Nigeria,PMO - US,Direct Drop,EXW,Air,ACT,ACT,NOVARTIS PHARMA SERVICES AG,711.0,5433.21,39000.0,1000,39.0,100,7.64,39.0,9,4,2011-09-23,2011-09-23,0,0,On-Time
1266,South Africa,PMO - US,Direct Drop,DDP,Ocean,ARV,Pediatric,GLAXOSMITHKLINE EXPORT LIMITED,7656.0,9650.6,185600.0,20000,9.28,177,1.26,9.28,9,4,2011-09-23,2011-09-23,0,0,On-Time
1267,South Africa,PMO - US,Direct Drop,DDP,Ocean,ARV,Pediatric,GLAXOSMITHKLINE EXPORT LIMITED,7670.0,7175.68,185600.0,20000,9.28,177,0.94,9.28,9,4,2011-09-23,2011-09-23,0,0,On-Time
1268,Vietnam,PMO - US,Direct Drop,FCA,Air,ARV,Adult,ABBVIE LOGISTICS (FORMERLY ABBOTT LOGISTICS BV),264.0,5487.53,86227.8,1049,82.2,155,20.79,82.2,9,4,2011-09-23,2011-09-23,0,0,On-Time
1269,South Africa,PMO - US,Direct Drop,DDP,Ocean,ARV,Pediatric,GLAXOSMITHKLINE EXPORT LIMITED,7683.0,7073.56,185600.0,20000,9.28,178,0.92,9.28,9,5,2011-09-24,2011-09-24,0,0,On-Time
1270,Vietnam,PMO - US,Direct Drop,EXW,Air,ARV,Adult,HETERO LABS LIMITED,5495.0,23372.43,84041.8,10249,8.2,165,4.25,8.2,9,0,2011-09-26,2011-09-26,0,0,On-Time
1271,Dominican Republic,PMO - US,Direct Drop,EXW,Air,HRDT,HIV test - Ancillary,"Standard Diagnostics, Inc.",71.0,844.36,403.2,448,0.9,55,11.89,0.9,9,1,2011-09-27,2011-09-27,0,0,On-Time
1272,Rwanda,PMO - US,Direct Drop,CIP,Air,ARV,Pediatric,Aurobindo Pharma Limited,907.0,650.81,7231.24,2468,2.93,365,0.72,2.93,9,1,2011-09-27,2011-09-27,0,0,On-Time
1273,Swaziland,PMO - US,Direct Drop,EXW,Air,HRDT,HIV test,"Orgenics, Ltd",172.0,4504.46,30160.0,377,80.0,77,26.19,80.0,9,2,2011-09-28,2011-09-28,0,0,On-Time
1274,Tanzania,PMO - US,Direct Drop,EXW,Air,HRDT,HIV test,"Standard Diagnostics, Inc.",3334.0,21952.35,200000.0,10000,20.0,73,6.58,20.0,9,3,2011-09-29,2011-10-29,30,1,Delayed
1275,Tanzania,PMO - US,Direct Drop,EXW,Air,HRDT,HIV test,"Standard Diagnostics, Inc.",3334.0,23030.38,200000.0,10000,20.0,73,6.91,20.0,9,3,2011-09-29,2011-09-29,0,0,On-Time
1276,Tanzania,PMO - US,Direct Drop,EXW,Air,HRDT,HIV test,"Standard Diagnostics, Inc.",2667.0,17773.94,160000.0,8000,20.0,73,6.66,20.0,9,3,2011-09-29,2011-09-29,0,0,On-Time
1277,Tanzania,PMO - US,Direct Drop,EXW,Air,HRDT,HIV test,"Standard Diagnostics, Inc.",3349.0,22523.12,200000.0,10000,20.0,73,6.73,20.0,9,3,2011-09-29,2011-09-29,0,0,On-Time
1278,Tanzania,PMO - US,Direct Drop,EXW,Air,HRDT,HIV test,"Standard Diagnostics, Inc.",3334.0,22523.12,200000.0,10000,20.0,73,6.76,20.0,9,3,2011-09-29,2011-10-05,6,1,Delayed
1279,Tanzania,PMO - US,Direct Drop,EXW,Air,ARV,Pediatric,EMCURE PHARMACEUTICALS LTD,107.0,1794.89,22616.0,1028,22.0,99,16.77,22.0,9,3,2011-09-29,2011-09-29,0,0,On-Time
1280,Tanzania,PMO - US,Direct Drop,EXW,Air,HRDT,HIV test,"Standard Diagnostics, Inc.",3334.0,22086.15,200000.0,10000,20.0,73,6.62,20.0,9,3,2011-09-29,2011-09-29,0,0,On-Time
1281,Tanzania,PMO - US,Direct Drop,EXW,Air,HRDT,HIV test,"Standard Diagnostics, Inc.",3334.0,45032.55,200000.0,10000,20.0,73,13.51,20.0,9,3,2011-09-29,2011-09-30,1,1,Delayed
1282,Tanzania,PMO - US,Direct Drop,EXW,Air,HRDT,HIV test,"Standard Diagnostics, Inc.",3334.0,22523.12,200000.0,10000,20.0,73,6.76,20.0,9,3,2011-09-29,2011-10-05,6,1,Delayed
1283,Kenya,PMO - US,Direct Drop,EXW,Air,HRDT,HIV test,"Orgenics, Ltd",2556.0,29339.63,651302.0,7318,89.0,72,11.48,89.0,9,4,2011-09-30,2011-09-30,0,0,On-Time
1284,Kenya,PMO - US,Direct Drop,EXW,Air,HRDT,HIV test,"Orgenics, Ltd",2050.0,23226.6,736564.0,8276,89.0,72,11.33,89.0,9,4,2011-09-30,2011-09-30,0,0,On-Time
1285,South Africa,PMO - US,Direct Drop,DDP,Ocean,ARV,Adult,Aurobindo Pharma Limited,16234.0,14439.17,861459.61,191011,4.51,194,0.89,4.51,10,1,2011-10-04,2011-10-04,0,0,On-Time
1286,South Africa,PMO - US,Direct Drop,DDP,Ocean,ARV,Adult,Aurobindo Pharma Limited,4972.0,14439.19,263785.39,58489,4.51,194,2.9,4.51,10,1,2011-10-04,2011-10-11,7,1,Delayed
1287,Namibia,PMO - US,Direct Drop,EXW,Air,HRDT,HIV test,"Trinity Biotech, Plc",248.0,6654.24,24000.0,750,32.0,63,26.83,32.0,10,2,2011-10-05,2011-10-05,0,0,On-Time
1288,South Africa,PMO - US,Direct Drop,DDP,Ocean,ARV,Adult,Aurobindo Pharma Limited,6719.0,9726.54,478693.6,71984,6.65,295,1.45,6.65,10,2,2011-10-05,2011-10-05,0,0,On-Time
1289,South Africa,PMO - US,Direct Drop,DDP,Ocean,ARV,Adult,Aurobindo Pharma Limited,1321.0,9726.53,94130.75,14155,6.65,295,7.36,6.65,10,2,2011-10-05,2011-10-14,9,1,Delayed
1290,South Africa,PMO - US,Direct Drop,DDP,Ocean,ARV,Adult,Aurobindo Pharma Limited,45800.0,9726.53,911914.5,137130,6.65,295,0.21,6.65,10,2,2011-10-05,2011-09-20,-15,0,On-Time
1291,South Africa,PMO - US,Direct Drop,DDP,Ocean,ARV,Adult,Aurobindo Pharma Limited,12.0,160.52,1791.6,120,14.93,187,13.38,14.93,10,2,2011-10-05,2011-10-05,0,0,On-Time
1292,Tanzania,PMO - US,Direct Drop,EXW,Air,HRDT,HIV test,"Trinity Biotech, Plc",149.0,2242.31,14400.0,450,32.0,83,15.05,32.0,10,2,2011-10-05,2011-10-05,0,0,On-Time
1293,Tanzania,PMO - US,Direct Drop,EXW,Air,HRDT,HIV test,"Orgenics, Ltd",7500.0,19196.73,120000.0,1500,80.0,83,2.56,80.0,10,2,2011-10-05,2011-10-05,0,0,On-Time
1294,Dominican Republic,PMO - US,Direct Drop,EXW,Air,HRDT,HIV test,"Orgenics, Ltd",399.0,8776.57,92000.0,1000,92.0,64,22.0,92.0,10,4,2011-10-07,2011-10-07,0,0,On-Time
1295,South Africa,PMO - US,Direct Drop,DDP,Ocean,ARV,Adult,Aurobindo Pharma Limited,9061.0,9323.3,480716.39,106589,4.51,200,1.03,4.51,10,0,2011-10-10,2011-11-03,24,1,Delayed
1296,South Africa,PMO - US,Direct Drop,DDP,Ocean,ARV,Adult,Aurobindo Pharma Limited,5467.0,9323.3,290065.16,64316,4.51,200,1.71,4.51,10,0,2011-10-10,2011-11-03,24,1,Delayed
1297,South Africa,PMO - US,Direct Drop,DDP,Ocean,ARV,Adult,Aurobindo Pharma Limited,9375.0,9951.38,497412.41,110291,4.51,200,1.06,4.51,10,0,2011-10-10,2011-10-10,0,0,On-Time
1298,South Africa,PMO - US,Direct Drop,DDP,Ocean,ARV,Adult,Aurobindo Pharma Limited,4154.0,9951.37,220385.66,48866,4.51,200,2.4,4.51,10,0,2011-10-10,2011-10-10,0,0,On-Time
1299,South Africa,PMO - US,Direct Drop,DDP,Ocean,ARV,Adult,Aurobindo Pharma Limited,6.0,9951.38,315.7,70,4.51,200,1658.56,4.51,10,0,2011-10-10,2011-10-25,15,1,Delayed
1300,South Africa,PMO - US,Direct Drop,DDP,Ocean,ARV,Adult,Aurobindo Pharma Limited,6681.0,9323.27,354463.45,78595,4.51,200,1.4,4.51,10,0,2011-10-10,2011-10-10,0,0,On-Time
1301,Nigeria,PMO - US,Direct Drop,EXW,Air,HRDT,HIV test,"CHEMBIO DIAGNOSTIC SYSTEMS, INC.",376.0,2162.26,37729.0,1301,29.0,147,5.75,29.0,10,2,2011-10-12,2011-10-12,0,0,On-Time
1302,Liberia,PMO - US,Direct Drop,EXW,Air,HRDT,HIV test,"Orgenics, Ltd",332.0,8738.06,55600.0,695,80.0,56,26.32,80.0,10,3,2011-10-13,2011-10-13,0,0,On-Time
1303,South Africa,PMO - US,Direct Drop,DDP,Ocean,ARV,Pediatric,Aurobindo Pharma Limited,6876.0,461.5,43161.48,19098,2.26,203,0.07,2.26,10,3,2011-10-13,2012-01-24,103,1,Delayed
1304,South Africa,PMO - US,Direct Drop,DDP,Ocean,ARV,Pediatric,Aurobindo Pharma Limited,3818.0,11234.1,23962.78,10603,2.26,203,2.94,2.26,10,3,2011-10-13,2011-10-13,0,0,On-Time
1305,South Africa,PMO - US,Direct Drop,DDP,Ocean,ARV,Pediatric,Aurobindo Pharma Limited,3061.0,3530.94,18020.0,8500,2.12,304,1.15,2.12,10,4,2011-10-14,2011-10-14,0,0,On-Time
1306,Côte d'Ivoire,PMO - US,Direct Drop,FCA,Air,ARV,Adult,ABBVIE LOGISTICS (FORMERLY ABBOTT LOGISTICS BV),4213.0,27376.29,517776.0,16800,30.82,103,6.5,30.82,10,0,2011-10-17,2011-10-17,0,0,On-Time
1307,Rwanda,PMO - US,Direct Drop,EXW,Ocean,ARV,Adult,HETERO LABS LIMITED,13622.0,82095.85,575727.75,236925,2.43,384,6.03,2.43,10,0,2011-10-17,2011-10-17,0,0,On-Time
1308,South Africa,PMO - US,Direct Drop,DDP,Ocean,ARV,Adult,HETERO LABS LIMITED,7778.0,20684.73,435675.0,92500,4.71,208,2.66,4.71,10,0,2011-10-17,2011-10-17,0,0,On-Time
1309,Haiti,PMO - US,Direct Drop,CIP,Air,ARV,Pediatric,MERCK SHARP & DOHME IDEA GMBH (FORMALLY MERCK SHARP & DOHME B.V.),76.0,290.0,4579.2,270,16.96,285,3.82,16.96,10,1,2011-10-18,2011-10-18,0,0,On-Time
1310,Vietnam,PMO - US,Direct Drop,EXW,Air,ARV,Adult,HETERO LABS LIMITED,1390.0,11311.6,26100.0,18000,1.45,169,8.14,1.45,10,1,2011-10-18,2011-10-18,0,0,On-Time
1311,Nigeria,PMO - US,Direct Drop,EXW,Air,HRDT,HIV test,"CHEMBIO DIAGNOSTIC SYSTEMS, INC.",592.0,2951.78,53650.0,1850,29.0,68,4.99,29.0,10,2,2011-10-19,2011-10-19,0,0,On-Time
1312,Uganda,PMO - US,Direct Drop,CIP,Air,ARV,Adult,MERCK SHARP & DOHME IDEA GMBH (FORMALLY MERCK SHARP & DOHME B.V.),28.0,501.0,25071.0,274,91.5,208,17.89,91.5,10,2,2011-10-19,2011-10-19,0,0,On-Time
1313,Vietnam,PMO - US,Direct Drop,EXW,Air,ARV,Adult,HETERO LABS LIMITED,2343.0,12751.68,58000.0,40000,1.45,188,5.44,1.45,10,2,2011-10-19,2011-10-19,0,0,On-Time
1314,Vietnam,PMO - US,Direct Drop,EXW,Air,ARV,Adult,HETERO LABS LIMITED,865.0,7878.43,60000.0,10000,6.0,188,9.11,6.0,10,2,2011-10-19,2011-10-19,0,0,On-Time
1315,Vietnam,PMO - US,Direct Drop,FCA,Air,ARV,Adult,ABBVIE LOGISTICS (FORMERLY ABBOTT LOGISTICS BV),67.0,4476.29,13025.6,560,23.26,181,66.81,23.26,10,2,2011-10-19,2011-10-19,0,0,On-Time
1316,Vietnam,PMO - US,Direct Drop,EXW,Air,ARV,Adult,HETERO LABS LIMITED,512.0,6015.18,17010.0,7000,2.43,188,11.75,2.43,10,2,2011-10-19,2011-10-19,0,0,On-Time
1317,Zimbabwe,PMO - US,Direct Drop,EXW,Air,HRDT,HIV test,"Orgenics, Ltd",1102.0,26846.59,228480.0,2856,80.0,167,24.36,80.0,10,2,2011-10-19,2011-10-19,0,0,On-Time
1318,Zimbabwe,PMO - US,Direct Drop,EXW,Air,HRDT,HIV test,"Orgenics, Ltd",647.0,13312.88,91600.0,1145,80.0,167,20.58,80.0,10,2,2011-10-19,2011-10-18,-1,0,On-Time
1319,Zimbabwe,PMO - US,Direct Drop,EXW,Air,HRDT,HIV test,"Orgenics, Ltd",1191.0,23808.37,199920.0,2499,80.0,167,19.99,80.0,10,2,2011-10-19,2011-10-19,0,0,On-Time
1320,Liberia,PMO - US,Direct Drop,EXW,Air,HRDT,HIV test,"Standard Diagnostics, Inc.",25.0,648.95,1400.0,70,20.0,63,25.96,20.0,10,3,2011-10-20,2011-10-20,0,0,On-Time
1321,Tanzania,PMO - US,Direct Drop,FCA,Air,ARV,Adult,ABBVIE LOGISTICS (FORMERLY ABBOTT LOGISTICS BV),4727.0,21584.02,674000.0,20000,33.7,124,4.57,33.7,10,0,2011-10-24,2011-10-24,0,0,On-Time
1322,Vietnam,PMO - US,Direct Drop,EXW,Air,ARV,Adult,HETERO LABS LIMITED,759.0,7261.69,67609.0,8245,8.2,108,9.57,8.2,10,0,2011-10-24,2011-10-24,0,0,On-Time
1323,Vietnam,PMO - US,Direct Drop,EXW,Air,ARV,Adult,HETERO LABS LIMITED,1083.0,9046.76,96391.0,11755,8.2,108,8.35,8.2,10,0,2011-10-24,2011-10-24,0,0,On-Time
1324,Mozambique,PMO - US,Direct Drop,EXW,Air,HRDT,HIV test,"Orgenics, Ltd",55.0,3267.66,9600.0,120,80.0,135,59.41,80.0,10,2,2011-10-26,2011-10-26,0,0,On-Time
1325,Zambia,PMO - US,Direct Drop,EXW,Air,HRDT,HIV test,"Orgenics, Ltd",1526.0,27952.72,256000.0,3200,80.0,69,18.32,80.0,10,2,2011-10-26,2011-10-26,0,0,On-Time
1326,Cameroon,PMO - US,Direct Drop,EXW,Air,HRDT,HIV test,Orasure Technologies Inc.,48.0,1222.56,7000.0,20,350.0,37,25.47,350.0,10,4,2011-10-28,2011-10-28,0,0,On-Time
1327,Ethiopia,PMO - US,Direct Drop,EXW,Air,ARV,Adult,Aurobindo Pharma Limited,174.0,2052.97,44500.0,2225,20.0,272,11.8,20.0,10,0,2011-10-31,2011-10-31,0,0,On-Time
1328,Kenya,PMO - US,Direct Drop,EXW,Air,HRDT,HIV test,"Standard Diagnostics, Inc.",5102.0,33718.08,306080.0,15304,20.0,63,6.61,20.0,10,0,2011-10-31,2011-10-31,0,0,On-Time
1329,Liberia,PMO - US,Direct Drop,EXW,Air,HRDT,HIV test,"Trinity Biotech, Plc",7.0,498.72,640.0,20,32.0,74,71.25,32.0,10,0,2011-10-31,2011-10-31,0,0,On-Time
1330,Mozambique,PMO - US,Direct Drop,FCA,Air,ARV,Adult,Hoffmann-La Roche ltd Basel,238.0,2556.61,47723.35,461,103.52,267,10.74,103.52,11,2,2011-11-02,2011-11-02,0,0,On-Time
1331,South Africa,PMO - US,Direct Drop,DDP,Ocean,ARV,Adult,CIPLA LIMITED,9667.0,17703.62,243913.28,89674,2.72,219,1.83,2.72,11,2,2011-11-02,2011-11-02,0,0,On-Time
1332,South Africa,PMO - US,Direct Drop,DDP,Ocean,ARV,Adult,EMCURE PHARMACEUTICALS LTD,10832.0,10283.25,589014.0,136980,4.3,224,0.95,4.3,11,2,2011-11-02,2011-11-02,0,0,On-Time
1333,South Africa,PMO - US,Direct Drop,DDP,Ocean,ARV,Adult,EMCURE PHARMACEUTICALS LTD,8826.0,7609.7,485986.0,113020,4.3,224,0.86,4.3,11,2,2011-11-02,2011-11-02,0,0,On-Time
1334,South Africa,PMO - US,Direct Drop,DDP,Ocean,ARV,Adult,Aurobindo Pharma Limited,488.0,4232.71,25909.95,5745,4.51,216,8.67,4.51,11,3,2011-11-03,2011-10-10,-24,0,On-Time
1335,South Africa,PMO - US,Direct Drop,DDP,Ocean,ARV,Adult,STRIDES ARCOLAB LIMITED,16391.0,20258.29,867208.68,356876,2.43,220,1.24,2.43,11,3,2011-11-03,2011-11-03,0,0,On-Time
1336,South Africa,PMO - US,Direct Drop,DDP,Ocean,ARV,Adult,STRIDES ARCOLAB LIMITED,7467.0,20258.28,384241.32,158124,2.43,220,2.71,2.43,11,3,2011-11-03,2011-11-03,0,0,On-Time
1337,South Africa,PMO - US,Direct Drop,DDP,Ocean,ARV,Adult,Aurobindo Pharma Limited,5887.0,4232.71,312340.05,69255,4.51,216,0.72,4.51,11,3,2011-11-03,2011-11-03,0,0,On-Time
1338,Kenya,PMO - US,Direct Drop,EXW,Air,HRDT,HIV test,"Trinity Biotech, Plc",499.0,4976.33,48000.0,1500,32.0,67,9.97,32.0,11,4,2011-11-04,2011-11-04,0,0,On-Time
1339,Kenya,PMO - US,Direct Drop,EXW,Air,HRDT,HIV test,"Orgenics, Ltd",4203.0,44128.81,770473.0,8657,89.0,68,10.5,89.0,11,4,2011-11-04,2011-11-04,0,0,On-Time
1340,Kenya,PMO - US,Direct Drop,EXW,Air,HRDT,HIV test,"Orgenics, Ltd",1051.0,11208.38,543345.0,6105,89.0,68,10.66,89.0,11,4,2011-11-04,2011-11-04,0,0,On-Time
1341,Kenya,PMO - US,Direct Drop,EXW,Air,HRDT,HIV test,"Orgenics, Ltd",1246.0,13336.64,644182.0,7238,89.0,68,10.7,89.0,11,4,2011-11-04,2011-11-04,0,0,On-Time
1342,Rwanda,PMO - US,Direct Drop,EXW,Air,HRDT,HIV test,"Orgenics, Ltd",575.0,26849.57,196581.0,2530,77.7,67,46.69,77.7,11,4,2011-11-04,2011-11-04,0,0,On-Time
1343,Mozambique,PMO - US,Direct Drop,FCA,Air,ARV,Adult,ABBVIE LOGISTICS (FORMERLY ABBOTT LOGISTICS BV),361.0,3669.84,16878.4,2464,6.85,279,10.17,6.85,11,1,2011-11-08,2011-11-08,0,0,On-Time
1344,South Africa,PMO - US,Direct Drop,DDP,Ocean,ARV,Adult,Aurobindo Pharma Limited,21205.0,25129.15,1125245.0,249500,4.51,229,1.19,4.51,11,1,2011-11-08,2011-11-08,0,0,On-Time
1345,Swaziland,PMO - US,Direct Drop,EXW,Air,ARV,Adult,MYLAN LABORATORIES LTD (FORMERLY MATRIX LABORATORIES),4900.0,29478.42,587970.0,41700,14.1,55,6.02,14.1,11,2,2011-11-16,2011-11-16,0,0,On-Time
1346,Vietnam,PMO - US,Direct Drop,FCA,Air,ARV,Adult,ABBVIE LOGISTICS (FORMERLY ABBOTT LOGISTICS BV),382.0,5528.41,129465.0,1575,82.2,132,14.47,82.2,11,3,2011-11-17,2011-11-17,0,0,On-Time
1347,Cameroon,PMO - US,Direct Drop,EXW,Air,HRDT,HIV test,HUMAN GMBH,30.0,549.16,2231.6,20,111.58,64,18.31,111.58,11,4,2011-11-18,2011-11-18,0,0,On-Time
1348,Cameroon,PMO - US,Direct Drop,EXW,Air,HRDT,HIV test,"Orgenics, Ltd",18.0,1278.12,7215.0,100,72.15,64,71.01,72.15,11,4,2011-11-18,2011-11-18,0,0,On-Time
1349,South Africa,PMO - US,Direct Drop,DDP,Ocean,ARV,Pediatric,GLAXOSMITHKLINE EXPORT LIMITED,7664.0,17022.13,185600.0,20000,9.28,233,2.22,9.28,11,4,2011-11-18,2011-11-18,0,0,On-Time
1350,South Africa,PMO - US,Direct Drop,DDP,Ocean,ARV,Adult,CIPLA LIMITED,7663.0,9560.03,731110.0,113000,6.47,235,1.25,6.47,11,4,2011-11-18,2011-11-18,0,0,On-Time
1351,South Africa,PMO - US,Direct Drop,DDP,Ocean,ARV,Pediatric,GLAXOSMITHKLINE EXPORT LIMITED,7293.0,6560.34,185600.0,20000,9.28,233,0.9,9.28,11,4,2011-11-18,2011-11-18,0,0,On-Time
1352,Zimbabwe,PMO - US,Direct Drop,FCA,Air,ARV,Pediatric,ABBVIE LOGISTICS (FORMERLY ABBOTT LOGISTICS BV),665.0,7549.41,43368.75,5625,7.71,376,11.35,7.71,11,0,2011-11-21,2011-11-21,0,0,On-Time
1353,Mozambique,PMO - US,Direct Drop,EXW,Air,HRDT,HIV test,"Orgenics, Ltd",1275.0,15873.44,575679.3,7409,77.7,84,12.45,77.7,11,1,2011-11-22,2011-11-22,0,0,On-Time
1354,Mozambique,PMO - US,Direct Drop,EXW,Air,HRDT,HIV test,"Orgenics, Ltd",994.0,12838.85,201320.7,2591,77.7,84,12.92,77.7,11,1,2011-11-22,2011-12-05,13,1,Delayed
1355,Mozambique,PMO - US,Direct Drop,EXW,Ocean,HRDT,HIV test,"Trinity Biotech, Plc",4472.0,23408.33,425600.0,13300,32.0,237,5.23,32.0,11,1,2011-11-22,2011-11-22,0,0,On-Time
1356,South Africa,PMO - US,Direct Drop,DDP,Ocean,ARV,Adult,Aurobindo Pharma Limited,4670.0,3341.45,658248.3,90171,7.3,243,0.72,7.3,11,1,2011-11-22,2011-11-22,0,0,On-Time
1357,South Africa,PMO - US,Direct Drop,DDP,Ocean,ARV,Adult,Aurobindo Pharma Limited,509.0,3341.45,71751.7,9829,7.3,243,6.56,7.3,11,1,2011-11-22,2011-11-22,0,0,On-Time
1358,Vietnam,PMO - US,Direct Drop,EXW,Air,ARV,Adult,MYLAN LABORATORIES LTD (FORMERLY MATRIX LABORATORIES),42.0,4388.84,5911.92,408,14.49,138,104.5,14.49,11,1,2011-11-22,2011-11-22,0,0,On-Time
1359,Rwanda,PMO - US,Direct Drop,EXW,Air,HRDT,HIV test,"Trinity Biotech, Plc",292.0,6233.79,27936.0,873,32.0,103,21.35,32.0,11,2,2011-11-23,2011-11-23,0,0,On-Time
1360,South Africa,PMO - US,Direct Drop,DDP,Ocean,ARV,Adult,STRIDES ARCOLAB LIMITED,23655.0,37401.43,1251450.0,515000,2.43,240,1.58,2.43,11,2,2011-11-23,2011-11-23,0,0,On-Time
1361,Vietnam,PMO - US,Direct Drop,EXW,Air,ARV,Adult,MYLAN LABORATORIES LTD (FORMERLY MATRIX LABORATORIES),30.0,4525.05,4231.08,292,14.49,139,150.83,14.49,11,2,2011-11-23,2011-11-23,0,0,On-Time
1362,Vietnam,PMO - US,Direct Drop,FCA,Air,ARV,Adult,ABBVIE LOGISTICS (FORMERLY ABBOTT LOGISTICS BV),355.0,5101.21,117957.0,1435,82.2,138,14.37,82.2,11,2,2011-11-23,2011-11-23,0,0,On-Time
1363,South Africa,PMO - US,Direct Drop,DDP,Ocean,ARV,Pediatric,CIPLA LIMITED,18462.0,22647.81,103000.0,50000,2.06,242,1.23,2.06,11,4,2011-11-25,2011-11-25,0,0,On-Time
1364,South Africa,PMO - US,Direct Drop,DDP,Ocean,ARV,Pediatric,CIPLA LIMITED,18467.0,6617.84,103000.0,50000,2.06,242,0.36,2.06,11,4,2011-11-25,2011-11-25,0,0,On-Time
1365,Guyana,PMO - US,Direct Drop,FCA,Air,ARV,Adult,ABBVIE LOGISTICS (FORMERLY ABBOTT LOGISTICS BV),598.0,5178.47,184539.0,2245,82.2,126,8.66,82.2,11,2,2011-11-30,2011-11-30,0,0,On-Time
1366,Guyana,PMO - US,Direct Drop,FCA,Air,ARV,Pediatric,ABBVIE LOGISTICS (FORMERLY ABBOTT LOGISTICS BV),99.0,1454.81,4192.2,51,82.2,126,14.7,82.2,11,2,2011-11-30,2011-11-30,0,0,On-Time
1367,Zambia,PMO - US,Direct Drop,EXW,Air,HRDT,HIV test,"Trinity Biotech, Plc",1896.0,25136.39,189440.0,5920,32.0,72,13.26,32.0,11,2,2011-11-30,2011-11-30,0,0,On-Time
1368,Côte d'Ivoire,PMO - US,Direct Drop,EXW,Air,ARV,Adult,MYLAN LABORATORIES LTD (FORMERLY MATRIX LABORATORIES),655.0,5300.24,112000.0,4000,28.0,62,8.09,28.0,12,3,2011-12-01,2011-12-01,0,0,On-Time
1369,Côte d'Ivoire,PMO - US,Direct Drop,EXW,Air,HRDT,HIV test,"CHEMBIO DIAGNOSTIC SYSTEMS, INC.",50.0,1128.74,4843.0,167,29.0,57,22.57,29.0,12,3,2011-12-01,2011-12-01,0,0,On-Time
1370,South Africa,PMO - US,Direct Drop,DDP,Ocean,ARV,Adult,EMCURE PHARMACEUTICALS LTD,8351.0,7292.26,454995.9,105813,4.3,253,0.87,4.3,12,3,2011-12-01,2012-01-09,39,1,Delayed
1371,South Africa,PMO - US,Direct Drop,DDP,Ocean,ARV,Adult,EMCURE PHARMACEUTICALS LTD,7556.0,9582.53,413763.2,96224,4.3,253,1.27,4.3,12,3,2011-12-01,2011-12-01,0,0,On-Time
1372,South Africa,PMO - US,Direct Drop,DDP,Ocean,ARV,Adult,EMCURE PHARMACEUTICALS LTD,3789.0,9582.55,206240.9,47963,4.3,253,2.53,4.3,12,3,2011-12-01,2011-12-19,18,1,Delayed
1373,South Africa,PMO - US,Direct Drop,DDP,Ocean,ARV,Pediatric,GLAXOSMITHKLINE EXPORT LIMITED,7664.0,8301.76,185600.0,20000,9.28,247,1.08,9.28,12,4,2011-12-02,2011-12-02,0,0,On-Time
1374,South Africa,PMO - US,Direct Drop,DDP,Ocean,ARV,Adult,CIPLA LIMITED,638.0,654.72,16320.0,6000,2.72,249,1.03,2.72,12,1,2011-12-06,2011-12-06,0,0,On-Time
1375,South Africa,PMO - US,Direct Drop,DDP,Ocean,ARV,Adult,CIPLA LIMITED,1172.0,19007.72,29422.24,10817,2.72,253,16.22,2.72,12,1,2011-12-06,2011-11-02,-34,0,On-Time
1376,South Africa,PMO - US,Direct Drop,DDP,Ocean,ARV,Pediatric,CIPLA LIMITED,3670.0,9021.5,20517.6,9960,2.06,254,2.46,2.06,12,2,2011-12-07,2011-12-07,0,0,On-Time
1377,South Africa,PMO - US,Direct Drop,DDP,Ocean,ARV,Adult,HETERO LABS LIMITED,7878.0,8134.37,435675.0,92500,4.71,259,1.03,4.71,12,2,2011-12-07,2011-12-07,0,0,On-Time
1378,South Africa,PMO - US,Direct Drop,DDP,Ocean,ARV,Adult,CIPLA LIMITED,7991.0,9972.68,728489.65,112595,6.47,256,1.25,6.47,12,4,2011-12-09,2011-12-09,0,0,On-Time
1379,Mozambique,PMO - US,Direct Drop,EXW,Air,HRDT,HIV test,"Orgenics, Ltd",2097.0,15891.96,575912.4,7412,77.7,110,7.58,77.7,12,0,2011-12-12,2011-12-12,0,0,On-Time
1380,Mozambique,PMO - US,Direct Drop,EXW,Air,HRDT,HIV test,"Orgenics, Ltd",1306.0,26532.85,589509.9,7587,77.7,110,20.32,77.7,12,0,2011-12-12,2011-12-12,0,0,On-Time
1381,Nigeria,PMO - US,Direct Drop,EXW,Air,HRDT,HIV test,"Trinity Biotech, Plc",793.0,7938.18,64000.0,2000,32.0,123,10.01,32.0,12,1,2011-12-13,2011-12-13,0,0,On-Time
1382,Rwanda,PMO - US,Direct Drop,EXW,Ocean,ARV,Adult,CIPLA LIMITED,6853.0,81246.12,776216.0,23240,33.4,442,11.86,33.4,12,1,2011-12-13,2011-12-13,0,0,On-Time
1383,Rwanda,PMO - US,Direct Drop,EXW,Air,HRDT,HIV test,"Trinity Biotech, Plc",296.0,6318.92,27936.0,873,32.0,106,21.35,32.0,12,1,2011-12-13,2011-12-13,0,0,On-Time
1384,South Africa,PMO - US,Direct Drop,DDP,Ocean,ARV,Adult,CIPLA LIMITED,3793.0,8527.45,96190.08,35364,2.72,260,2.25,2.72,12,1,2011-12-13,2012-01-30,48,1,Delayed
1385,South Africa,PMO - US,Direct Drop,DDP,Ocean,ARV,Adult,CIPLA LIMITED,11275.0,8527.46,284609.92,104636,2.72,260,0.76,2.72,12,1,2011-12-13,2011-12-13,0,0,On-Time
1386,Côte d'Ivoire,PMO - US,Direct Drop,EXW,Air,HRDT,HIV test,"Orgenics, Ltd",661.0,13740.74,110720.0,1384,80.0,70,20.79,80.0,12,2,2011-12-14,2011-12-14,0,0,On-Time
1387,Swaziland,PMO - US,Direct Drop,EXW,Ocean,ARV,Adult,MYLAN LABORATORIES LTD (FORMERLY MATRIX LABORATORIES),11433.0,12323.93,1371930.0,97300,14.1,84,1.08,14.1,12,3,2011-12-15,2011-12-15,0,0,On-Time
1388,Nigeria,PMO - US,Direct Drop,EXW,Air,HRDT,HIV test,"Orgenics, Ltd",1378.0,32667.09,257299.0,2891,89.0,126,23.71,89.0,12,0,2011-12-19,2011-12-09,-10,0,On-Time
1389,Nigeria,PMO - US,Direct Drop,EXW,Air,HRDT,HIV test,"Orgenics, Ltd",933.0,27136.6,215291.0,2419,89.0,126,29.09,89.0,12,0,2011-12-19,2011-12-09,-10,0,On-Time
1390,Nigeria,PMO - US,Direct Drop,EXW,Air,HRDT,HIV test,"Orgenics, Ltd",1377.0,32575.03,257210.0,2890,89.0,126,23.66,89.0,12,0,2011-12-19,2011-12-19,0,0,On-Time
1391,Vietnam,PMO - US,Direct Drop,EXW,Air,ARV,Adult,STRIDES ARCOLAB LIMITED,1054.0,5726.24,95718.0,9030,10.6,165,5.43,10.6,12,1,2011-12-20,2011-12-20,0,0,On-Time
1392,Vietnam,PMO - US,Direct Drop,EXW,Air,ARV,Adult,STRIDES ARCOLAB LIMITED,742.0,5440.01,39115.75,16645,2.35,165,7.33,2.35,12,1,2011-12-20,2011-12-20,0,0,On-Time
1393,Zambia,PMO - US,Direct Drop,EXW,Air,HRDT,HIV test,"Orgenics, Ltd",1239.0,22650.58,208320.0,2604,80.0,89,18.28,80.0,12,1,2011-12-20,2011-12-20,0,0,On-Time
1394,Zambia,PMO - US,Direct Drop,EXW,Air,HRDT,HIV test,"Orgenics, Ltd",588.0,11491.6,97920.0,1224,80.0,89,19.54,80.0,12,1,2011-12-20,2011-12-16,-4,0,On-Time
1395,Zambia,PMO - US,Direct Drop,EXW,Air,HRDT,HIV test,"Orgenics, Ltd",1374.0,25052.44,230720.0,2884,80.0,89,18.23,80.0,12,1,2011-12-20,2011-12-20,0,0,On-Time
1396,Zambia,PMO - US,Direct Drop,EXW,Air,HRDT,HIV test,"Orgenics, Ltd",1368.0,25037.09,229600.0,2870,80.0,89,18.3,80.0,12,1,2011-12-20,2011-12-16,-4,0,On-Time
1397,Zambia,PMO - US,Direct Drop,EXW,Air,HRDT,HIV test,"Orgenics, Ltd",1246.0,22614.24,209440.0,2618,80.0,89,18.15,80.0,12,1,2011-12-20,2011-12-16,-4,0,On-Time
1398,Côte d'Ivoire,PMO - US,Direct Drop,FCA,Air,ARV,Adult,ABBVIE LOGISTICS (FORMERLY ABBOTT LOGISTICS BV),7025.0,46002.44,862960.0,28000,30.82,34,6.55,30.82,12,3,2011-12-22,2011-12-22,0,0,On-Time
1399,Haiti,PMO - US,Direct Drop,EXW,Air,ARV,Adult,MYLAN LABORATORIES LTD (FORMERLY MATRIX LABORATORIES),647.0,4877.34,77550.0,5500,14.1,51,7.54,14.1,12,3,2011-12-22,2011-12-22,0,0,On-Time
1400,South Africa,PMO - US,Direct Drop,DDP,Ocean,ARV,Adult,Aurobindo Pharma Limited,10956.0,16429.12,549058.62,128887,4.26,83,1.5,4.26,12,3,2011-12-22,2011-12-22,0,0,On-Time
1401,South Africa,PMO - US,Direct Drop,DDP,Ocean,ARV,Adult,Aurobindo Pharma Limited,20896.0,16429.13,1048441.38,246113,4.26,83,0.79,4.26,12,3,2011-12-22,2012-01-04,13,1,Delayed
1402,Vietnam,PMO - US,Direct Drop,EXW,Air,ARV,Adult,STRIDES ARCOLAB LIMITED,1073.0,5221.88,54884.25,23355,2.35,167,4.87,2.35,12,3,2011-12-22,2011-12-22,0,0,On-Time
1403,Vietnam,PMO - US,Direct Drop,EXW,Air,ARV,Adult,STRIDES ARCOLAB LIMITED,2447.0,2673.82,222282.0,20970,10.6,167,1.09,10.6,12,3,2011-12-22,2011-12-22,0,0,On-Time
1404,Zimbabwe,PMO - US,Direct Drop,EXW,Air,HRDT,HIV test,"Orgenics, Ltd",885.0,17806.34,144000.0,1800,80.0,92,20.12,80.0,12,3,2011-12-22,2011-12-22,0,0,On-Time
1405,South Africa,PMO - US,Direct Drop,DDP,Ocean,ARV,Adult,Aurobindo Pharma Limited,331.0,5766.83,46603.2,6384,7.3,286,17.42,7.3,1,2,2012-01-04,2012-01-04,0,0,On-Time
1406,South Africa,PMO - US,Direct Drop,DDP,Ocean,ARV,Adult,Aurobindo Pharma Limited,4810.0,6599.86,678075.1,92887,7.3,286,1.37,7.3,1,2,2012-01-04,2012-01-04,0,0,On-Time
1407,South Africa,PMO - US,Direct Drop,DDP,Ocean,ARV,Adult,Aurobindo Pharma Limited,590.0,146.5,91894.15,6155,14.93,286,0.25,14.93,1,2,2012-01-04,2012-01-04,0,0,On-Time
1408,South Africa,PMO - US,Direct Drop,DDP,Ocean,ARV,Adult,Aurobindo Pharma Limited,2283.0,3649.67,356005.85,23845,14.93,286,1.6,14.93,1,2,2012-01-04,2012-01-04,0,0,On-Time
1409,Uganda,PMO - US,Direct Drop,DDP,Air,ARV,Adult,ASPEN PHARMACARE,24.0,297.0,15140.4,165,91.76,65,12.37,91.76,1,2,2012-01-04,2012-01-04,0,0,On-Time
1410,Uganda,PMO - US,Direct Drop,CIP,Air,ARV,Adult,MERCK SHARP & DOHME IDEA GMBH (FORMALLY MERCK SHARP & DOHME B.V.),9.0,286.0,1800.0,36,50.0,204,31.78,50.0,1,2,2012-01-04,2012-01-04,0,0,On-Time
1411,Sudan,PMO - US,Direct Drop,EXW,Air,HRDT,HIV test,"Orgenics, Ltd",36.0,1712.6,6853.0,77,89.0,114,47.57,89.0,1,4,2012-01-06,2012-01-06,0,0,On-Time
1412,Sudan,PMO - US,Direct Drop,EXW,Air,HRDT,HIV test - Ancillary,"Orgenics, Ltd",2.0,885.49,16.0,2,8.0,114,442.74,8.0,1,4,2012-01-06,2012-01-06,0,0,On-Time
1413,Sudan,PMO - US,Direct Drop,EXW,Air,HRDT,HIV test - Ancillary,"Orgenics, Ltd",2.0,885.49,8.0,1,8.0,114,442.74,8.0,1,4,2012-01-06,2012-01-06,0,0,On-Time
1414,Sudan,PMO - US,Direct Drop,EXW,Air,HRDT,HIV test - Ancillary,"Orgenics, Ltd",2.0,942.64,32.0,4,8.0,114,471.32,8.0,1,4,2012-01-06,2012-01-06,0,0,On-Time
1415,Sudan,PMO - US,Direct Drop,EXW,Air,HRDT,HIV test,"Orgenics, Ltd",60.0,1133.17,11481.0,129,89.0,114,18.89,89.0,1,4,2012-01-06,2012-01-06,0,0,On-Time
1416,Sudan,PMO - US,Direct Drop,EXW,Air,HRDT,HIV test,"Orgenics, Ltd",53.0,1614.83,10235.0,115,89.0,114,30.47,89.0,1,4,2012-01-06,2012-01-06,0,0,On-Time
1417,Sudan,PMO - US,Direct Drop,EXW,Air,HRDT,HIV test,"Orgenics, Ltd",11.0,978.41,1958.0,22,89.0,114,88.95,89.0,1,4,2012-01-06,2012-01-06,0,0,On-Time
1418,Uganda,PMO - US,Direct Drop,DDP,Air,ARV,Adult,ASPEN PHARMACARE,16.0,375.0,6811.81,83,82.07,67,23.44,82.07,1,4,2012-01-06,2012-01-06,0,0,On-Time
1419,Nigeria,PMO - US,Direct Drop,EXW,Air,ANTM,Malaria,IDA FOUNDATION,14.0,350.02,477.0,300,1.59,31,25.0,1.59,1,0,2012-01-09,2012-01-09,0,0,On-Time
1420,South Africa,PMO - US,Direct Drop,DDP,Ocean,ARV,Pediatric,GLAXOSMITHKLINE EXPORT LIMITED,6680.0,3755.91,160887.36,17337,9.28,285,0.56,9.28,1,0,2012-01-09,2012-01-09,0,0,On-Time
1421,South Africa,PMO - US,Direct Drop,DDP,Ocean,ARV,Pediatric,GLAXOSMITHKLINE EXPORT LIMITED,3853.0,4228.61,92800.0,10000,9.28,285,1.1,9.28,1,0,2012-01-09,2012-01-09,0,0,On-Time
1422,South Africa,PMO - US,Direct Drop,DDP,Ocean,ARV,Pediatric,GLAXOSMITHKLINE EXPORT LIMITED,870.0,3755.91,20824.32,2244,9.28,285,4.32,9.28,1,0,2012-01-09,2012-01-09,0,0,On-Time
1423,Sudan,PMO - US,Direct Drop,EXW,Air,HRDT,HIV test,"Trinity Biotech, Plc",19.0,594.51,1856.0,58,32.0,126,31.29,32.0,1,2,2012-01-11,2012-01-11,0,0,On-Time
1424,Sudan,PMO - US,Direct Drop,EXW,Air,HRDT,HIV test,"Trinity Biotech, Plc",5.0,578.73,352.0,11,32.0,126,115.75,32.0,1,2,2012-01-11,2012-01-11,0,0,On-Time
1425,Sudan,PMO - US,Direct Drop,EXW,Air,HRDT,HIV test,"Trinity Biotech, Plc",13.0,581.73,1248.0,39,32.0,126,44.75,32.0,1,2,2012-01-11,2012-01-11,0,0,On-Time
1426,Sudan,PMO - US,Direct Drop,EXW,Air,HRDT,HIV test,"Trinity Biotech, Plc",21.0,593.72,2080.0,65,32.0,126,28.27,32.0,1,2,2012-01-11,2012-01-11,0,0,On-Time
1427,South Africa,PMO - US,Direct Drop,DDP,Ocean,ARV,Adult,CIPLA LIMITED,4121.0,4957.81,103006.4,37870,2.72,290,1.2,2.72,1,3,2012-01-12,2012-01-27,15,1,Delayed
1428,South Africa,PMO - US,Direct Drop,DDP,Ocean,ARV,Adult,CIPLA LIMITED,10536.0,4957.81,263214.4,96770,2.72,290,0.47,2.72,1,3,2012-01-12,2012-01-27,15,1,Delayed
1429,South Africa,PMO - US,Direct Drop,DDP,Ocean,ARV,Adult,CIPLA LIMITED,583.0,5824.11,14579.2,5360,2.72,290,9.99,2.72,1,3,2012-01-12,2012-01-12,0,0,On-Time
1430,Uganda,PMO - US,Direct Drop,FCA,Air,ARV,Adult,Hoffmann-La Roche ltd Basel,18.0,586.16,12362.16,98,126.14,85,32.56,126.14,1,5,2012-01-14,2012-01-14,0,0,On-Time
1431,South Africa,PMO - US,Direct Drop,DDP,Ocean,ARV,Adult,Aurobindo Pharma Limited,7797.0,7292.27,390948.72,91772,4.26,108,0.94,4.26,1,0,2012-01-16,2012-01-23,7,1,Delayed
1432,South Africa,PMO - US,Direct Drop,DDP,Ocean,ARV,Adult,Aurobindo Pharma Limited,10643.0,7292.26,547921.2,128620,4.26,108,0.69,4.26,1,0,2012-01-16,2012-01-16,0,0,On-Time
1433,South Africa,PMO - US,Direct Drop,DDP,Ocean,ARV,Adult,Aurobindo Pharma Limited,9461.0,7292.27,508009.26,119251,4.26,108,0.77,4.26,1,0,2012-01-16,2012-01-23,7,1,Delayed
1434,South Africa,PMO - US,Direct Drop,DDP,Ocean,ARV,Adult,Aurobindo Pharma Limited,2806.0,7292.27,150620.82,35357,4.26,108,2.6,4.26,1,0,2012-01-16,2012-01-23,7,1,Delayed
1435,Kenya,PMO - US,Direct Drop,EXW,Air,HRDT,HIV test,"Orgenics, Ltd",1427.0,16090.59,738522.0,8298,89.0,83,11.28,89.0,1,1,2012-01-17,2012-01-17,0,0,On-Time
1436,Kenya,PMO - US,Direct Drop,EXW,Air,HRDT,HIV test,"Orgenics, Ltd",1198.0,13543.63,619351.0,6959,89.0,83,11.31,89.0,1,1,2012-01-17,2012-01-17,0,0,On-Time
1437,Kenya,PMO - US,Direct Drop,EXW,Air,HRDT,HIV test,"Orgenics, Ltd",3497.0,40917.19,542900.0,6100,89.0,83,11.7,89.0,1,1,2012-01-17,2012-01-17,0,0,On-Time
1438,Haiti,PMO - US,Direct Drop,EXW,Air,ANTM,Malaria,AMSTELFARMA B.V.,1173.0,7019.07,8905.0,100,89.05,19,5.98,89.05,1,2,2012-01-18,2012-01-18,0,0,On-Time
1439,Tanzania,PMO - US,Direct Drop,FCA,Air,ARV,Pediatric,ABBVIE LOGISTICS (FORMERLY ABBOTT LOGISTICS BV),75.0,1262.36,3122.55,405,7.71,132,16.83,7.71,1,3,2012-01-19,2012-01-19,0,0,On-Time
1440,Haiti,PMO - US,Direct Drop,EXW,Air,MRDT,Malaria,"Standard Diagnostics, Inc.",2.0,702.42,45.0,4,11.25,25,351.21,11.25,1,0,2012-01-23,2012-01-23,0,0,On-Time
1441,Rwanda,PMO - US,Direct Drop,EXW,Air,ARV,Adult,Aurobindo Pharma Limited,4027.0,28833.91,220880.1,41286,5.35,42,7.16,5.35,1,1,2012-01-24,2012-01-26,2,1,Delayed
1442,Rwanda,PMO - US,Direct Drop,EXW,Air,ARV,Adult,Aurobindo Pharma Limited,4105.0,25382.52,225095.9,42074,5.35,42,6.18,5.35,1,1,2012-01-24,2012-01-24,0,0,On-Time
1443,Rwanda,PMO - US,Direct Drop,EXW,Air,ARV,Adult,Aurobindo Pharma Limited,273.0,2964.49,14980.0,2800,5.35,42,10.86,5.35,1,1,2012-01-24,2012-01-24,0,0,On-Time
1444,Rwanda,PMO - US,Direct Drop,EXW,Air,ARV,Adult,Aurobindo Pharma Limited,4746.0,98521.56,260224.0,48640,5.35,42,20.76,5.35,1,1,2012-01-24,2012-01-25,1,1,Delayed
1445,Rwanda,PMO - US,Direct Drop,FCA,Air,ARV,Pediatric,ABBVIE LOGISTICS (FORMERLY ABBOTT LOGISTICS BV),188.0,3035.87,10755.45,1395,7.71,77,16.15,7.71,1,4,2012-01-27,2012-01-27,0,0,On-Time
1446,South Africa,PMO - US,Direct Drop,DDP,Ocean,ARV,Pediatric,CIPLA LIMITED,18417.0,11534.48,103000.0,50000,2.06,305,0.63,2.06,1,4,2012-01-27,2012-01-27,0,0,On-Time
1447,Haiti,PMO - US,Direct Drop,EXW,Air,MRDT,Malaria,Premier Medical Corporation Ltd.,1.0,969.55,49.5,3,16.5,32,969.54,16.5,1,0,2012-01-30,2012-01-30,0,0,On-Time
1448,Tanzania,PMO - US,Direct Drop,EXW,Air,HRDT,HIV test,"Orgenics, Ltd",714.0,13836.99,120000.0,1500,80.0,182,19.38,80.0,1,0,2012-01-30,2012-01-30,0,0,On-Time
1449,South Africa,PMO - US,Direct Drop,DDP,Ocean,ARV,Adult,CIPLA LIMITED,8969.0,7175.27,223244.0,82075,2.72,309,0.8,2.72,1,1,2012-01-31,2012-01-31,0,0,On-Time
1450,South Africa,PMO - US,Direct Drop,DDP,Ocean,ARV,Adult,CIPLA LIMITED,6220.0,7175.28,157556.0,57925,2.72,309,1.15,2.72,1,1,2012-01-31,2012-01-31,0,0,On-Time
1451,Rwanda,PMO - US,Direct Drop,FCA,Air,ARV,Pediatric,ABBVIE LOGISTICS (FORMERLY ABBOTT LOGISTICS BV),150.0,2682.48,10061.55,1305,7.71,83,17.88,7.71,2,3,2012-02-02,2012-02-02,0,0,On-Time
1452,Kenya,PMO - US,Direct Drop,EXW,Air,HRDT,HIV test,"Trinity Biotech, Plc",174.0,2061.8,16512.0,516,32.0,113,11.85,32.0,2,4,2012-02-03,2012-02-03,0,0,On-Time
1453,Sudan,PMO - US,Direct Drop,EXW,Air,HRDT,HIV test,"Orgenics, Ltd",33.0,1255.77,6230.0,70,89.0,142,38.05,89.0,2,4,2012-02-03,2012-02-03,0,0,On-Time
1454,Sudan,PMO - US,Direct Drop,EXW,Air,HRDT,HIV test,"Orgenics, Ltd",49.0,1768.15,9345.0,105,89.0,142,36.08,89.0,2,4,2012-02-03,2012-02-03,0,0,On-Time
1455,Sudan,PMO - US,Direct Drop,EXW,Air,HRDT,HIV test,"Orgenics, Ltd",10.0,900.53,1780.0,20,89.0,142,90.05,89.0,2,4,2012-02-03,2012-02-03,0,0,On-Time
1456,Sudan,PMO - US,Direct Drop,EXW,Air,HRDT,HIV test,"Orgenics, Ltd",45.0,1961.65,10324.0,116,89.0,142,43.59,89.0,2,4,2012-02-03,2012-02-03,0,0,On-Time
1457,Côte d'Ivoire,PMO - US,Direct Drop,EXW,Air,HRDT,HIV test,"CHEMBIO DIAGNOSTIC SYSTEMS, INC.",328.0,4420.31,32741.0,1129,29.0,124,13.48,29.0,2,0,2012-02-06,2012-02-06,0,0,On-Time
1458,Swaziland,PMO - US,Direct Drop,EXW,Air,ARV,Adult,Aurobindo Pharma Limited,3295.0,17214.74,272000.0,20000,13.6,124,5.22,13.6,2,0,2012-02-06,2012-02-06,0,0,On-Time
1459,Sudan,PMO - US,Direct Drop,EXW,Air,HRDT,HIV test,"Trinity Biotech, Plc",18.0,569.11,1696.0,53,32.0,153,31.62,32.0,2,1,2012-02-07,2012-02-07,0,0,On-Time
1460,Sudan,PMO - US,Direct Drop,EXW,Air,HRDT,HIV test,"Trinity Biotech, Plc",4.0,593.8,320.0,10,32.0,153,148.45,32.0,2,1,2012-02-07,2012-02-07,0,0,On-Time
1461,Sudan,PMO - US,Direct Drop,EXW,Air,HRDT,HIV test,"Trinity Biotech, Plc",20.0,644.02,1856.0,58,32.0,153,32.2,32.0,2,1,2012-02-07,2012-02-07,0,0,On-Time
1462,Kenya,PMO - US,Direct Drop,CIP,Air,HRDT,HIV test,BIOLYTICAL LABORATORIES INC.,58.0,836.14,2657.28,32,83.04,20,14.42,83.04,2,2,2012-02-08,2012-02-08,0,0,On-Time
1463,South Sudan,PMO - US,Direct Drop,EXW,Air,HRDT,HIV test,"Orgenics, Ltd",244.0,7428.38,41830.0,470,89.0,84,30.44,89.0,2,2,2012-02-08,2012-02-08,0,0,On-Time
1464,Sudan,PMO - US,Direct Drop,EXW,Air,HRDT,HIV test,"Trinity Biotech, Plc",12.0,646.81,1120.0,35,32.0,154,53.9,32.0,2,2,2012-02-08,2012-02-08,0,0,On-Time
1465,South Sudan,PMO - US,Direct Drop,EXW,Air,HRDT,HIV test,"Trinity Biotech, Plc",82.0,1504.59,7680.0,240,32.0,85,18.35,32.0,2,3,2012-02-09,2012-02-09,0,0,On-Time
1466,Tanzania,PMO - US,Direct Drop,EXW,Air,HRDT,HIV test,"Orgenics, Ltd",1669.0,30754.1,280000.0,3500,80.0,192,18.43,80.0,2,3,2012-02-09,2012-02-09,0,0,On-Time
1467,Tanzania,PMO - US,Direct Drop,EXW,Air,HRDT,HIV test,"Trinity Biotech, Plc",148.0,1938.15,14400.0,450,32.0,196,13.1,32.0,2,3,2012-02-09,2012-02-09,0,0,On-Time
1468,Haiti,PMO - US,Direct Drop,CIP,Air,ARV,Adult,MERCK SHARP & DOHME IDEA GMBH (FORMALLY MERCK SHARP & DOHME B.V.),7.0,290.0,1400.0,28,50.0,259,41.43,50.0,2,0,2012-02-13,2012-02-13,0,0,On-Time
1469,Rwanda,PMO - US,Direct Drop,EXW,Air,HRDT,HIV test,"Orgenics, Ltd",1362.0,62458.88,466200.0,6000,77.7,168,45.86,77.7,2,0,2012-02-13,2012-02-13,0,0,On-Time
1470,Haiti,PMO - US,Direct Drop,EXW,Air,MRDT,Malaria,"ACCESS BIO, INC.",5.0,5642.36,50520.6,2159,23.4,47,1128.47,23.4,2,1,2012-02-14,2012-02-14,0,0,On-Time
1471,Namibia,PMO - US,Direct Drop,EXW,Air,HRDT,HIV test,"Trinity Biotech, Plc",238.0,2789.67,23296.0,728,32.0,33,11.72,32.0,2,1,2012-02-14,2012-02-14,0,0,On-Time
1472,Uganda,PMO - US,Direct Drop,CIP,Air,ARV,Adult,MERCK SHARP & DOHME IDEA GMBH (FORMALLY MERCK SHARP & DOHME B.V.),23.0,250.0,21136.5,231,91.5,104,10.87,91.5,2,1,2012-02-14,2012-02-14,0,0,On-Time
1473,Kenya,PMO - US,Direct Drop,EXW,Air,HRDT,HIV test,"Trinity Biotech, Plc",5876.0,40091.65,576000.0,18000,32.0,41,6.82,32.0,2,3,2012-02-16,2012-02-16,0,0,On-Time
1474,Côte d'Ivoire,PMO - US,Direct Drop,EXW,Air,HRDT,HIV test,"Orgenics, Ltd",1312.0,27254.17,219680.0,2746,80.0,135,20.77,80.0,2,4,2012-02-17,2012-02-17,0,0,On-Time
1475,Vietnam,PMO - US,Direct Drop,EXW,Air,ARV,Adult,Aurobindo Pharma Limited,1701.0,4288.83,1618.4,112,14.45,137,2.52,14.45,2,5,2012-02-18,2012-02-18,0,0,On-Time
1476,Côte d'Ivoire,PMO - US,Direct Drop,CIP,Air,ARV,Pediatric,MERCK SHARP & DOHME IDEA GMBH (FORMALLY MERCK SHARP & DOHME B.V.),361.0,783.22,20080.64,1184,16.96,227,2.17,16.96,2,0,2012-02-20,2012-02-20,0,0,On-Time
1477,Ethiopia,PMO - US,Direct Drop,FCA,Air,ARV,Pediatric,ABBVIE LOGISTICS (FORMERLY ABBOTT LOGISTICS BV),728.0,6941.12,21543.18,699,30.82,21,9.53,30.82,2,0,2012-02-20,2012-02-20,0,0,On-Time
1478,Sudan,PMO - US,Direct Drop,EXW,Air,HRDT,HIV test - Ancillary,"Orgenics, Ltd",2.0,1076.15,24.0,3,8.0,159,538.07,8.0,2,0,2012-02-20,2012-02-20,0,0,On-Time
1479,Sudan,PMO - US,Direct Drop,EXW,Air,HRDT,HIV test - Ancillary,"Orgenics, Ltd",2.0,980.7,16.0,2,8.0,159,490.35,8.0,2,0,2012-02-20,2012-02-20,0,0,On-Time
1480,Sudan,PMO - US,Direct Drop,EXW,Air,HRDT,HIV test - Ancillary,"Orgenics, Ltd",2.0,980.7,8.0,1,8.0,159,490.35,8.0,2,0,2012-02-20,2012-02-20,0,0,On-Time
1481,Sudan,PMO - US,Direct Drop,EXW,Air,HRDT,HIV test - Ancillary,"Orgenics, Ltd",2.0,1076.15,32.0,4,8.0,159,538.07,8.0,2,0,2012-02-20,2012-02-20,0,0,On-Time
1482,Kenya,PMO - US,Direct Drop,CIP,Air,HRDT,HIV test,EY Laboratories,18.0,803.6,1125.0,15,75.0,33,44.64,75.0,2,1,2012-02-21,2012-02-21,0,0,On-Time
1483,Rwanda,PMO - US,Direct Drop,EXW,Air,HRDT,HIV test,"Trinity Biotech, Plc",613.0,5405.42,46720.0,1460,32.0,25,8.82,32.0,2,5,2012-02-25,2012-02-25,0,0,On-Time
1484,Rwanda,PMO - US,Direct Drop,FCA,Air,ARV,Adult,ABBVIE LOGISTICS (FORMERLY ABBOTT LOGISTICS BV),43.0,1046.02,753.5,110,6.85,108,24.33,6.85,2,0,2012-02-27,2012-02-27,0,0,On-Time
1485,Mozambique,PMO - US,Direct Drop,EXW,Ocean,HRDT,HIV test,"Trinity Biotech, Plc",2471.0,33872.84,236800.0,7400,32.0,92,13.71,32.0,2,2,2012-02-29,2012-02-29,0,0,On-Time
1486,Zambia,PMO - US,Direct Drop,EXW,Air,ARV,Adult,Aurobindo Pharma Limited,9369.0,50030.37,735000.0,100000,7.35,36,5.34,7.35,2,2,2012-02-29,2012-02-29,0,0,On-Time
1487,Vietnam,PMO - US,Direct Drop,EXW,Air,ARV,Adult,Aurobindo Pharma Limited,10210.0,17392.05,313500.0,30000,10.45,149,1.7,10.45,3,3,2012-03-01,2012-03-01,0,0,On-Time
1488,Haiti,PMO - US,Direct Drop,EXW,Air,HRDT,HIV test,"SHANGHAI KEHUA BIOENGINEERING CO.,LTD.  (KHB)",367.0,3638.86,12372.5,505,24.5,56,9.92,24.5,3,0,2012-03-05,2012-03-05,0,0,On-Time
1489,Zambia,PMO - US,Direct Drop,EXW,Air,ARV,Adult,Aurobindo Pharma Limited,9389.0,51294.87,735000.0,100000,7.35,41,5.46,7.35,3,0,2012-03-05,2012-03-05,0,0,On-Time
1490,Tanzania,PMO - US,Direct Drop,EXW,Air,HRDT,HIV test,"Orgenics, Ltd",499.0,9894.85,83520.0,1044,80.0,40,19.83,80.0,3,2,2012-03-07,2012-03-08,1,1,Delayed
1491,Tanzania,PMO - US,Direct Drop,EXW,Air,HRDT,HIV test,"Orgenics, Ltd",1374.0,24000.91,230720.0,2884,80.0,40,17.47,80.0,3,2,2012-03-07,2012-03-07,0,0,On-Time
1492,Tanzania,PMO - US,Direct Drop,EXW,Air,HRDT,HIV test,"Orgenics, Ltd",989.0,17512.52,165760.0,2072,80.0,40,17.71,80.0,3,2,2012-03-07,2012-03-07,0,0,On-Time
1493,Côte d'Ivoire,PMO - US,Direct Drop,EXW,Air,ARV,Adult,MYLAN LABORATORIES LTD (FORMERLY MATRIX LABORATORIES),316.0,3095.28,58240.0,2080,28.0,151,9.8,28.0,3,4,2012-03-09,2012-03-09,0,0,On-Time
1494,Tanzania,PMO - US,Direct Drop,FCA,Air,ARV,Adult,ABBVIE LOGISTICS (FORMERLY ABBOTT LOGISTICS BV),309.0,2383.65,14693.25,2145,6.85,261,7.71,6.85,3,4,2012-03-09,2012-03-09,0,0,On-Time
1495,Zambia,PMO - US,Direct Drop,EXW,Air,HRDT,HIV test,"Trinity Biotech, Plc",1647.0,20626.58,160000.0,5000,32.0,172,12.52,32.0,3,4,2012-03-09,2012-03-09,0,0,On-Time
1496,Ethiopia,PMO - US,Direct Drop,EXW,Air,HRDT,HIV test,"SHANGHAI KEHUA BIOENGINEERING CO.,LTD.  (KHB)",970.0,8851.4,33369.0,1362,24.5,49,9.13,24.5,3,0,2012-03-12,2012-03-12,0,0,On-Time
1497,Kenya,PMO - US,Direct Drop,EXW,Air,HRDT,HIV test,Premier Medical Corporation Ltd.,18.0,2644.79,1170.0,50,23.4,54,146.93,23.4,3,1,2012-03-13,2012-03-13,0,0,On-Time
1498,Ethiopia,PMO - US,Direct Drop,EXW,Air,HRDT,HIV test,"SHANGHAI KEHUA BIOENGINEERING CO.,LTD.  (KHB)",1.0,1437.62,4287.5,175,24.5,51,1437.61,24.5,3,2,2012-03-14,2012-03-14,0,0,On-Time
1499,Haiti,PMO - US,Direct Drop,CIP,Air,ARV,Pediatric,MERCK SHARP & DOHME IDEA GMBH (FORMALLY MERCK SHARP & DOHME B.V.),72.0,290.0,4324.8,255,16.96,289,4.03,16.96,3,2,2012-03-14,2012-03-14,0,0,On-Time
1500,Zambia,PMO - US,Direct Drop,EXW,Air,ARV,Adult,Aurobindo Pharma Limited,9390.0,45118.64,735000.0,100000,7.35,50,4.8,7.35,3,2,2012-03-14,2012-03-14,0,0,On-Time
1501,Swaziland,PMO - US,Direct Drop,EXW,Ocean,ARV,Adult,Aurobindo Pharma Limited,7712.0,13491.19,637228.0,46855,13.6,179,1.75,13.6,3,0,2012-03-19,2012-03-19,0,0,On-Time
1502,Zimbabwe,PMO - US,Direct Drop,EXW,Air,HRDT,HIV test,"Orgenics, Ltd",1113.0,20082.38,187360.0,2342,80.0,320,18.04,80.0,3,1,2012-03-20,2012-03-20,0,0,On-Time
1503,Zimbabwe,PMO - US,Direct Drop,EXW,Air,HRDT,HIV test,"Orgenics, Ltd",1004.0,18612.64,157360.0,1967,80.0,320,18.54,80.0,3,1,2012-03-20,2012-03-20,0,0,On-Time
1504,Kenya,PMO - US,Direct Drop,EXW,Air,HRDT,HIV test,"Orgenics, Ltd",2305.0,24428.55,624602.0,7018,89.0,50,10.6,89.0,3,3,2012-03-22,2012-03-22,0,0,On-Time
1505,Kenya,PMO - US,Direct Drop,EXW,Air,HRDT,HIV test,"Orgenics, Ltd",2278.0,31382.03,710398.0,7982,89.0,50,13.78,89.0,3,3,2012-03-22,2012-03-22,0,0,On-Time
1506,Namibia,PMO - US,Direct Drop,EXW,Air,HRDT,HIV test,"Orgenics, Ltd",35.0,840.46,11655.0,150,77.7,70,24.01,77.7,3,3,2012-03-22,2012-03-22,0,0,On-Time
1507,Côte d'Ivoire,PMO - US,Direct Drop,FCA,Ocean,ARV,Adult,ABBVIE LOGISTICS (FORMERLY ABBOTT LOGISTICS BV),5139.0,40289.0,634275.6,20580,30.82,126,7.84,30.82,3,4,2012-03-23,2012-03-23,0,0,On-Time
1508,Côte d'Ivoire,PMO - US,Direct Drop,FCA,Ocean,ARV,Adult,ABBVIE LOGISTICS (FORMERLY ABBOTT LOGISTICS BV),393.0,40289.0,48479.86,1573,30.82,164,102.52,30.82,3,4,2012-03-23,2012-03-23,0,0,On-Time
1509,Côte d'Ivoire,PMO - US,Direct Drop,EXW,Air,HRDT,HIV test,"Orgenics, Ltd",988.0,19368.23,165600.0,2070,80.0,70,19.6,80.0,3,1,2012-03-27,2012-03-27,0,0,On-Time
1510,Ethiopia,PMO - US,Direct Drop,EXW,Air,HRDT,HIV test,"CHEMBIO DIAGNOSTIC SYSTEMS, INC.",42.0,354.59,3509.0,121,29.0,64,8.44,29.0,3,1,2012-03-27,2012-03-27,0,0,On-Time
1511,Ethiopia,PMO - US,Direct Drop,EXW,Air,HRDT,HIV test,"CHEMBIO DIAGNOSTIC SYSTEMS, INC.",47.0,379.65,3915.0,135,29.0,64,8.08,29.0,3,1,2012-03-27,2012-03-27,0,0,On-Time
1512,Ethiopia,PMO - US,Direct Drop,EXW,Air,HRDT,HIV test,"CHEMBIO DIAGNOSTIC SYSTEMS, INC.",151.0,827.88,9860.0,340,29.0,64,5.48,29.0,3,1,2012-03-27,2012-03-27,0,0,On-Time
1513,Ethiopia,PMO - US,Direct Drop,EXW,Air,HRDT,HIV test,"CHEMBIO DIAGNOSTIC SYSTEMS, INC.",15.0,529.4,1276.0,44,29.0,64,35.29,29.0,3,1,2012-03-27,2012-03-27,0,0,On-Time
1514,Haiti,PMO - US,Direct Drop,FCA,Air,ARV,Pediatric,ABBVIE LOGISTICS (FORMERLY ABBOTT LOGISTICS BV),46.0,984.39,2775.6,360,7.71,32,21.4,7.71,3,1,2012-03-27,2012-03-27,0,0,On-Time
1515,Côte d'Ivoire,PMO - US,Direct Drop,EXW,Air,HRDT,HIV test,"Orgenics, Ltd",957.0,18919.56,160000.0,2000,80.0,72,19.77,80.0,3,3,2012-03-29,2012-03-29,0,0,On-Time
1516,Tanzania,PMO - US,Direct Drop,FCA,Air,ARV,Pediatric,LAWRENCE LABORATORIES (SUBSIDIARY OF BRISTOL MYERS SQUIBB),1598.0,12689.71,52683.0,4132,12.75,238,7.94,12.75,3,3,2012-03-29,2012-03-29,0,0,On-Time
1517,Vietnam,PMO - US,Direct Drop,EXW,Air,ARV,Adult,STRIDES ARCOLAB LIMITED,1146.0,5977.2,77301.4,18854,4.1,265,5.22,4.1,3,3,2012-03-29,2012-03-29,0,0,On-Time
1518,Rwanda,PMO - US,Direct Drop,EXW,Air,ARV,Adult,Aurobindo Pharma Limited,197.0,5906.43,3000.0,150,20.0,142,29.98,20.0,3,4,2012-03-30,2012-03-30,0,0,On-Time
1519,Ethiopia,PMO - US,Direct Drop,EXW,Air,HRDT,HIV test,"SHANGHAI KEHUA BIOENGINEERING CO.,LTD.  (KHB)",656.0,6488.44,22638.0,924,24.5,70,9.89,24.5,4,0,2012-04-02,2012-04-02,0,0,On-Time
1520,Ethiopia,PMO - US,Direct Drop,EXW,Air,HRDT,HIV test,"SHANGHAI KEHUA BIOENGINEERING CO.,LTD.  (KHB)",780.0,7655.99,26950.0,1100,24.5,70,9.82,24.5,4,0,2012-04-02,2012-04-02,0,0,On-Time
1521,Swaziland,PMO - US,Direct Drop,EXW,Air,HRDT,HIV test,"Orgenics, Ltd",60.0,1360.14,10400.0,130,80.0,56,22.67,80.0,4,0,2012-04-02,2012-04-02,0,0,On-Time
1522,Zimbabwe,PMO - US,Direct Drop,FCA,Air,ARV,Pediatric,ABBVIE LOGISTICS (FORMERLY ABBOTT LOGISTICS BV),1254.0,54424.24,38555.82,1251,30.82,509,43.4,30.82,4,0,2012-04-02,2012-04-02,0,0,On-Time
1523,Côte d'Ivoire,PMO - US,Direct Drop,EXW,Air,HRDT,HIV test,"CHEMBIO DIAGNOSTIC SYSTEMS, INC.",624.0,6311.89,46197.0,1593,29.0,84,10.12,29.0,4,1,2012-04-10,2012-04-10,0,0,On-Time
1524,Côte d'Ivoire,PMO - US,Direct Drop,CIP,Air,ARV,Pediatric,MERCK SHARP & DOHME IDEA GMBH (FORMALLY MERCK SHARP & DOHME B.V.),605.0,1416.03,34801.92,2052,16.96,193,2.34,16.96,4,1,2012-04-10,2012-04-10,0,0,On-Time
1525,Haiti,PMO - US,Direct Drop,EXW,Air,ARV,Pediatric,Aurobindo Pharma Limited,16.0,1471.46,2142.0,252,8.5,46,91.97,8.5,4,1,2012-04-10,2012-04-10,0,0,On-Time
1526,Namibia,PMO - US,Direct Drop,EXW,Air,HRDT,HIV test,"Orgenics, Ltd",36.0,481.63,4750.0,50,95.0,92,13.38,95.0,4,4,2012-04-13,2012-04-13,0,0,On-Time
1527,Rwanda,PMO - US,Direct Drop,EXW,Ocean,ARV,Adult,Aurobindo Pharma Limited,12886.0,102761.99,706200.0,132000,5.35,122,7.97,5.35,4,4,2012-04-13,2012-04-13,0,0,On-Time
1528,Vietnam,PMO - US,Direct Drop,EXW,Air,ARV,Adult,STRIDES ARCOLAB LIMITED,1301.0,5664.49,86698.6,21146,4.1,280,4.35,4.1,4,4,2012-04-13,2012-04-13,0,0,On-Time
1529,Vietnam,PMO - US,Direct Drop,EXW,Air,ARV,Adult,MYLAN LABORATORIES LTD (FORMERLY MATRIX LABORATORIES),1208.0,3306.51,92340.9,6549,14.1,196,2.74,14.1,4,0,2012-04-16,2012-04-16,0,0,On-Time
1530,South Sudan,PMO - US,Direct Drop,EXW,Air,HRDT,HIV test - Ancillary,"Orgenics, Ltd",175.0,4803.06,2712.0,339,8.0,63,27.45,8.0,4,2,2012-04-18,2012-04-18,0,0,On-Time
1531,Haiti,PMO - US,Direct Drop,EXW,Air,ARV,Pediatric,Aurobindo Pharma Limited,1486.0,12749.39,3617.5,2894,1.25,58,8.58,1.25,4,6,2012-04-22,2012-04-22,0,0,On-Time
1532,Vietnam,PMO - US,Direct Drop,EXW,Air,ARV,Adult,MYLAN LABORATORIES LTD (FORMERLY MATRIX LABORATORIES),1675.0,3401.49,76859.1,5451,14.1,204,2.03,14.1,4,1,2012-04-24,2012-04-24,0,0,On-Time
1533,Côte d'Ivoire,PMO - US,Direct Drop,EXW,Air,HRDT,HIV test,"Orgenics, Ltd",287.0,7024.86,47680.0,596,80.0,29,24.48,80.0,4,2,2012-04-25,2012-04-25,0,0,On-Time
1534,Ethiopia,PMO - US,Direct Drop,EXW,Air,HRDT,HIV test,"Trinity Biotech, Plc",17.0,334.65,832.0,26,32.0,93,19.69,32.0,4,2,2012-04-25,2012-04-25,0,0,On-Time
1535,Ethiopia,PMO - US,Direct Drop,EXW,Air,HRDT,HIV test,"Trinity Biotech, Plc",15.0,406.68,1376.0,43,32.0,93,27.11,32.0,4,2,2012-04-25,2012-04-25,0,0,On-Time
1536,Ethiopia,PMO - US,Direct Drop,EXW,Air,HRDT,HIV test,"Trinity Biotech, Plc",138.0,794.72,5280.0,165,32.0,93,5.76,32.0,4,2,2012-04-25,2012-04-25,0,0,On-Time
1537,Ethiopia,PMO - US,Direct Drop,EXW,Air,HRDT,HIV test,"Trinity Biotech, Plc",8.0,315.44,768.0,24,32.0,94,39.43,32.0,4,3,2012-04-26,2012-04-26,0,0,On-Time
1538,Rwanda,PMO - US,Direct Drop,CIP,Air,ARV,Adult,MYLAN LABORATORIES LTD (FORMERLY MATRIX LABORATORIES),561.0,5610.17,62335.2,4560,13.67,23,10.0,13.67,4,3,2012-04-26,2012-04-26,0,0,On-Time
1539,Mozambique,PMO - US,Direct Drop,EXW,Air,HRDT,HIV test,"Orgenics, Ltd",539.0,10925.46,90640.0,1133,80.0,125,20.27,80.0,5,2,2012-05-02,2012-05-02,0,0,On-Time
1540,Mozambique,PMO - US,Direct Drop,EXW,Air,HRDT,HIV test,"Orgenics, Ltd",1477.0,27686.29,247520.0,3094,80.0,125,18.74,80.0,5,2,2012-05-02,2012-05-02,0,0,On-Time
1541,Mozambique,PMO - US,Direct Drop,EXW,Air,HRDT,HIV test,"Orgenics, Ltd",1378.0,25607.44,231280.0,2891,80.0,125,18.58,80.0,5,2,2012-05-02,2012-05-02,0,0,On-Time
1542,Uganda,PMO - US,Direct Drop,FCA,Air,ARV,Pediatric,ABBVIE LOGISTICS (FORMERLY ABBOTT LOGISTICS BV),36.0,677.4,1554.0,210,7.4,30,18.82,7.4,5,4,2012-05-04,2012-05-04,0,0,On-Time
1543,Uganda,PMO - US,Direct Drop,FCA,Air,ARV,Adult,ABBVIE LOGISTICS (FORMERLY ABBOTT LOGISTICS BV),62.0,1060.22,2938.65,429,6.85,30,17.1,6.85,5,4,2012-05-04,2012-05-04,0,0,On-Time
1544,Uganda,PMO - US,Direct Drop,FCA,Air,ARV,Adult,ABBVIE LOGISTICS (FORMERLY ABBOTT LOGISTICS BV),86.0,86.0,4281.25,625,6.85,30,1.0,6.85,5,4,2012-05-04,2012-05-04,0,0,On-Time
1545,Tanzania,PMO - US,Direct Drop,EXW,Air,HRDT,HIV test,"Orgenics, Ltd",537.0,10626.8,90400.0,1130,80.0,81,19.79,80.0,5,1,2012-05-08,2012-05-08,0,0,On-Time
1546,Tanzania,PMO - US,Direct Drop,EXW,Air,HRDT,HIV test,"Orgenics, Ltd",1368.0,24308.25,229600.0,2870,80.0,81,17.77,80.0,5,1,2012-05-08,2012-05-08,0,0,On-Time
1547,Haiti,PMO - US,Direct Drop,EXW,Air,ANTM,Malaria,THE MEDICAL EXPORT GROUP BV,5051.0,37744.27,100540.0,11000,9.14,126,7.47,9.14,5,3,2012-05-10,2012-05-10,0,0,On-Time
1548,Uganda,PMO - US,Direct Drop,DDP,Air,ARV,Adult,ASPEN PHARMACARE,14.0,527.0,6660.0,100,66.6,23,37.64,66.6,5,3,2012-05-10,2012-05-10,0,0,On-Time
1549,Vietnam,PMO - US,Direct Drop,EXW,Air,ARV,Pediatric,Aurobindo Pharma Limited,25.0,1003.65,974.4,435,2.24,117,40.15,2.24,5,0,2012-05-14,2012-05-14,0,0,On-Time
1550,South Sudan,PMO - US,Direct Drop,EXW,Air,HRDT,HIV test,"Trinity Biotech, Plc",63.0,2147.11,5728.0,179,32.0,90,34.08,32.0,5,1,2012-05-15,2012-05-15,0,0,On-Time
1551,Vietnam,PMO - US,Direct Drop,EXW,Air,ARV,Adult,MYLAN LABORATORIES LTD (FORMERLY MATRIX LABORATORIES),4669.0,8334.77,8216.0,632,13.0,120,1.79,13.0,5,1,2012-05-15,2012-05-15,0,0,On-Time
1552,Vietnam,PMO - US,Direct Drop,EXW,Air,ARV,Adult,MYLAN LABORATORIES LTD (FORMERLY MATRIX LABORATORIES),6142.0,13850.65,99702.9,20142,4.95,121,2.26,4.95,5,2,2012-05-16,2012-05-16,0,0,On-Time
1553,Ethiopia,PMO - US,Direct Drop,EXW,Air,HRDT,HIV test,"SHANGHAI KEHUA BIOENGINEERING CO.,LTD.  (KHB)",128.0,1584.09,4287.5,175,24.5,116,12.38,24.5,5,4,2012-05-18,2012-05-18,0,0,On-Time
1554,Ethiopia,PMO - US,Direct Drop,EXW,Air,HRDT,HIV test,"SHANGHAI KEHUA BIOENGINEERING CO.,LTD.  (KHB)",970.0,9718.85,33369.0,1362,24.5,116,10.02,24.5,5,4,2012-05-18,2012-05-18,0,0,On-Time
1555,Uganda,PMO - US,Direct Drop,DDP,Air,ARV,Adult,ASPEN PHARMACARE,57.0,548.2,4195.8,63,66.6,31,9.62,66.6,5,4,2012-05-18,2012-05-18,0,0,On-Time
1556,Malawi,PMO - US,Direct Drop,EXW,Air,HRDT,HIV test,"Trinity Biotech, Plc",29.0,732.72,2112.0,66,32.0,54,25.27,32.0,5,0,2012-05-21,2012-05-21,0,0,On-Time
1557,Uganda,PMO - US,Direct Drop,DDP,Air,ARV,Adult,ASPEN PHARMACARE,43.0,199.0,9075.0,121,75.0,34,4.63,75.0,5,0,2012-05-21,2012-05-21,0,0,On-Time
1558,Uganda,PMO - US,Direct Drop,CIP,Air,ARV,Adult,MERCK SHARP & DOHME IDEA GMBH (FORMALLY MERCK SHARP & DOHME B.V.),19.0,710.0,10489.5,189,55.5,47,37.37,55.5,5,0,2012-05-21,2012-05-21,0,0,On-Time
1559,Uganda,PMO - US,Direct Drop,CIP,Air,ARV,Adult,MERCK SHARP & DOHME IDEA GMBH (FORMALLY MERCK SHARP & DOHME B.V.),35.0,886.0,9324.0,168,55.5,47,25.31,55.5,5,0,2012-05-21,2012-05-21,0,0,On-Time
1560,Côte d'Ivoire,PMO - US,Direct Drop,EXW,Air,ARV,Adult,MYLAN LABORATORIES LTD (FORMERLY MATRIX LABORATORIES),225.0,3109.21,45000.0,1800,25.0,75,13.82,25.0,5,1,2012-05-22,2012-05-22,0,0,On-Time
1561,Guyana,PMO - US,Direct Drop,EXW,Air,HRDT,HIV test,"Trinity Biotech, Plc",410.0,5577.13,48416.0,1513,32.0,44,13.6,32.0,5,2,2012-05-23,2012-05-23,0,0,On-Time
1562,Malawi,PMO - US,Direct Drop,EXW,Air,HRDT,HIV test,"Orgenics, Ltd",30.0,1470.09,5280.0,66,80.0,56,49.0,80.0,5,2,2012-05-23,2012-05-23,0,0,On-Time
1563,Rwanda,PMO - US,Direct Drop,CIP,Air,ARV,Adult,CIPLA LIMITED,55.0,393.29,4369.92,768,5.69,71,7.15,5.69,5,2,2012-05-23,2012-05-23,0,0,On-Time
1564,Mozambique,PMO - US,Direct Drop,EXW,Air,HRDT,HIV test,"Trinity Biotech, Plc",2451.0,35569.75,240000.0,7500,32.0,67,14.51,32.0,5,4,2012-05-25,2012-05-25,0,0,On-Time
1565,Tanzania,PMO - US,Direct Drop,EXW,Air,HRDT,HIV test,"Orgenics, Ltd",639.0,12022.17,106960.0,1337,80.0,98,18.81,80.0,5,4,2012-05-25,2012-05-25,0,0,On-Time
1566,Tanzania,PMO - US,Direct Drop,EXW,Air,HRDT,HIV test,"Orgenics, Ltd",1394.0,24596.33,234080.0,2926,80.0,98,17.64,80.0,5,4,2012-05-25,2012-05-25,0,0,On-Time
1567,Tanzania,PMO - US,Direct Drop,EXW,Air,HRDT,HIV test,"Trinity Biotech, Plc",1386.0,13215.15,136000.0,4250,32.0,112,9.53,32.0,5,4,2012-05-25,2012-05-25,0,0,On-Time
1568,Tanzania,PMO - US,Direct Drop,EXW,Air,HRDT,HIV test,"Orgenics, Ltd",1300.0,23269.06,218960.0,2737,80.0,98,17.9,80.0,5,4,2012-05-25,2012-05-25,0,0,On-Time
1569,Côte d'Ivoire,PMO - US,Direct Drop,EXW,Air,HRDT,HIV test,"Orgenics, Ltd",1428.0,28142.92,240000.0,3000,80.0,70,19.71,80.0,5,3,2012-05-31,2012-05-31,0,0,On-Time
1570,Swaziland,PMO - US,Direct Drop,EXW,Air,HRDT,HIV test,"Trinity Biotech, Plc",59.0,1099.39,5120.0,160,32.0,115,18.63,32.0,5,3,2012-05-31,2012-05-31,0,0,On-Time
1571,Burundi,PMO - US,Direct Drop,EXW,Air,HRDT,HIV test,"CHEMBIO DIAGNOSTIC SYSTEMS, INC.",34.0,836.8,7777.5,305,25.5,53,24.61,25.5,6,4,2012-06-01,2012-06-01,0,0,On-Time
1572,South Sudan,PMO - US,Direct Drop,EXW,Air,HRDT,HIV test,"Trinity Biotech, Plc",71.0,1743.35,5632.0,176,32.0,110,24.55,32.0,6,0,2012-06-04,2012-06-04,0,0,On-Time
1573,Burundi,PMO - US,Direct Drop,EXW,Air,HRDT,HIV test,"Orgenics, Ltd",577.0,14493.81,96000.0,1200,80.0,57,25.12,80.0,6,1,2012-06-05,2012-06-05,0,0,On-Time
1574,Burundi,PMO - US,Direct Drop,EXW,Air,HRDT,HIV test,"SHANGHAI KEHUA BIOENGINEERING CO.,LTD.  (KHB)",21.0,1327.6,563.5,23,24.5,57,63.22,24.5,6,1,2012-06-05,2012-06-05,0,0,On-Time
1575,Côte d'Ivoire,PMO - US,Direct Drop,EXW,Air,HRDT,HIV test,"CHEMBIO DIAGNOSTIC SYSTEMS, INC.",939.0,8695.18,68759.0,2371,29.0,76,9.26,29.0,6,1,2012-06-05,2012-06-05,0,0,On-Time
1576,Nigeria,PMO - US,Direct Drop,EXW,Air,ANTM,Malaria,IDA FOUNDATION,52.0,428.66,1836.0,1200,1.53,35,8.24,1.53,6,1,2012-06-05,2012-06-05,0,0,On-Time
1577,Vietnam,PMO - US,Direct Drop,EXW,Air,ARV,Pediatric,Aurobindo Pharma Limited,546.0,1340.23,2500.0,200,12.5,139,2.45,12.5,6,1,2012-06-05,2012-06-05,0,0,On-Time
1578,Haiti,PMO - US,Direct Drop,EXW,Air,ARV,Pediatric,CIPLA LIMITED,21.0,304.62,685.4,298,2.3,109,14.51,2.3,6,1,2012-06-12,2012-06-12,0,0,On-Time
1579,Haiti,PMO - US,Direct Drop,EXW,Air,ARV,Pediatric,CIPLA LIMITED,26.0,304.63,775.2,408,1.9,109,11.72,1.9,6,1,2012-06-12,2012-06-12,0,0,On-Time
1580,Haiti,PMO - US,Direct Drop,EXW,Air,ARV,Pediatric,CIPLA LIMITED,46.0,304.63,5356.8,864,6.2,109,6.62,6.2,6,1,2012-06-12,2012-06-12,0,0,On-Time
1581,Haiti,PMO - US,Direct Drop,FCA,Air,ARV,Pediatric,LAWRENCE LABORATORIES (SUBSIDIARY OF BRISTOL MYERS SQUIBB),26.0,575.17,840.0,120,7.0,110,22.12,7.0,6,2,2012-06-13,2012-06-13,0,0,On-Time
1582,Rwanda,PMO - US,Direct Drop,CIP,Air,ARV,Pediatric,CIPLA LIMITED,49.0,221.96,2466.24,672,3.67,98,4.53,3.67,6,4,2012-06-15,2012-06-15,0,0,On-Time
1583,South Sudan,PMO - US,Direct Drop,EXW,Air,HRDT,HIV test,"Orgenics, Ltd",181.0,4978.09,29993.0,337,89.0,71,27.5,89.0,6,4,2012-06-15,2012-06-15,0,0,On-Time
1584,"Congo, DRC",PMO - US,Direct Drop,EXW,Air,HRDT,HIV test,"Orgenics, Ltd",657.0,15722.05,101200.0,1265,80.0,161,23.93,80.0,6,0,2012-06-18,2012-06-18,0,0,On-Time
1585,Guyana,PMO - US,Direct Drop,EXW,Air,HRDT,HIV test,"Orgenics, Ltd",137.0,3825.21,30000.0,300,100.0,70,27.92,100.0,6,0,2012-06-18,2012-06-18,0,0,On-Time
1586,Mozambique,PMO - US,Direct Drop,EXW,Air,HRDT,HIV test,"Trinity Biotech, Plc",2440.0,37115.71,240000.0,7500,32.0,76,15.21,32.0,6,2,2012-06-20,2012-06-20,0,0,On-Time
1587,Vietnam,PMO - US,Direct Drop,FCA,Air,ARV,Pediatric,LAWRENCE LABORATORIES (SUBSIDIARY OF BRISTOL MYERS SQUIBB),81.0,541.75,2100.0,300,7.0,159,6.69,7.0,6,2,2012-06-20,2012-06-20,0,0,On-Time
1588,Uganda,PMO - US,Direct Drop,DDP,Air,ARV,Adult,ASPEN PHARMACARE,35.0,251.52,11521.8,173,66.6,65,7.19,66.6,6,3,2012-06-21,2012-06-21,0,0,On-Time
1589,Rwanda,PMO - US,Direct Drop,EXW,Air,ARV,Pediatric,CIPLA LIMITED,1631.0,13116.57,38539.0,4534,8.5,105,8.04,8.5,6,4,2012-06-22,2012-06-22,0,0,On-Time
1590,Zambia,PMO - US,Direct Drop,EXW,Air,ARV,Pediatric,CIPLA LIMITED,5999.0,25383.34,301000.0,70000,4.3,151,4.23,4.3,6,1,2012-06-26,2012-06-26,0,0,On-Time
1591,Ethiopia,PMO - US,Direct Drop,FCA,Air,ARV,Pediatric,ABBVIE LOGISTICS (FORMERLY ABBOTT LOGISTICS BV),1050.0,4672.77,21574.0,700,30.82,26,4.45,30.82,6,2,2012-06-27,2012-06-27,0,0,On-Time
1592,Vietnam,PMO - US,Direct Drop,FCA,Air,ARV,Pediatric,ABBVIE LOGISTICS (FORMERLY ABBOTT LOGISTICS BV),164.0,742.1,6082.0,100,60.82,154,4.52,60.82,6,2,2012-06-27,2012-06-27,0,0,On-Time
1593,Rwanda,PMO - US,Direct Drop,CIP,Air,ARV,Pediatric,CIPLA LIMITED,6490.0,3010.89,18651.75,9565,1.95,111,0.46,1.95,6,3,2012-06-28,2012-06-28,0,0,On-Time
1594,Rwanda,PMO - US,Direct Drop,CIP,Air,ARV,Pediatric,CIPLA LIMITED,50.0,3011.72,2466.24,672,3.67,111,60.23,3.67,6,3,2012-06-28,2012-06-28,0,0,On-Time
1595,Nigeria,PMO - US,Direct Drop,EXW,Air,ACT,ACT,NOVARTIS PHARMA SERVICES AG,2006.0,12723.32,131510.4,2884,45.6,45,6.34,45.6,6,4,2012-06-29,2012-06-29,0,0,On-Time
1596,Pakistan,PMO - US,Direct Drop,EXW,Air,HRDT,HIV test,"Orgenics, Ltd",1017.0,14959.84,170560.0,2132,80.0,164,14.71,80.0,6,4,2012-06-29,2012-06-29,0,0,On-Time
1597,Pakistan,PMO - US,Direct Drop,EXW,Air,HRDT,HIV test,"Orgenics, Ltd",1117.0,14959.83,188160.0,2352,80.0,164,13.39,80.0,6,4,2012-06-29,2012-06-29,0,0,On-Time
1598,Rwanda,PMO - US,Direct Drop,EXW,Air,ARV,Adult,CIPLA LIMITED,627.0,6072.8,74746.96,2074,36.04,107,9.69,36.04,6,4,2012-06-29,2012-06-29,0,0,On-Time
1599,Rwanda,PMO - US,Direct Drop,FCA,Air,ARV,Pediatric,ABBVIE LOGISTICS (FORMERLY ABBOTT LOGISTICS BV),253.0,2455.7,7859.1,255,30.82,28,9.71,30.82,6,4,2012-06-29,2012-06-29,0,0,On-Time
1600,Rwanda,PMO - US,Direct Drop,EXW,Air,ARV,Adult,Aurobindo Pharma Limited,2145.0,17858.68,52875.0,22500,2.35,17,8.33,2.35,6,4,2012-06-29,2012-06-29,0,0,On-Time
1601,Rwanda,PMO - US,Direct Drop,EXW,Air,ARV,Adult,Aurobindo Pharma Limited,114.0,4822.01,29340.0,1467,20.0,28,42.3,20.0,6,4,2012-06-29,2012-06-29,0,0,On-Time
1602,Rwanda,PMO - US,Direct Drop,EXW,Air,ARV,Pediatric,CIPLA LIMITED,1514.0,6072.8,35632.0,4192,8.5,107,4.01,8.5,6,4,2012-06-29,2012-06-29,0,0,On-Time
1603,Rwanda,PMO - US,Direct Drop,FCA,Air,ARV,Pediatric,ABBVIE LOGISTICS (FORMERLY ABBOTT LOGISTICS BV),186.0,2874.03,12143.25,1575,7.71,231,15.45,7.71,6,4,2012-06-29,2012-06-29,0,0,On-Time
1604,Côte d'Ivoire,PMO - US,Direct Drop,FCA,Air,ARV,Adult,ABBVIE LOGISTICS (FORMERLY ABBOTT LOGISTICS BV),99.0,1462.71,5206.0,760,6.85,117,14.77,6.85,7,1,2012-07-03,2012-07-03,0,0,On-Time
1605,Haiti,PMO - US,Direct Drop,EXW,Ocean,ARV,Adult,MYLAN LABORATORIES LTD (FORMERLY MATRIX LABORATORIES),5438.0,23708.81,676377.0,47970,14.1,131,4.36,14.1,7,1,2012-07-03,2012-07-03,0,0,On-Time
1606,Nigeria,PMO - US,Direct Drop,EXW,Air,ACT,ACT,NOVARTIS PHARMA SERVICES AG,1746.0,11216.78,132000.0,2500,52.8,49,6.42,52.8,7,1,2012-07-03,2012-07-03,0,0,On-Time
1607,Malawi,PMO - US,Direct Drop,EXW,Air,HRDT,HIV test,"Orgenics, Ltd",114.0,3278.11,19680.0,246,80.0,72,28.76,80.0,7,2,2012-07-04,2012-07-04,0,0,On-Time
1608,Côte d'Ivoire,PMO - US,Direct Drop,EXW,Air,HRDT,HIV test,"Orgenics, Ltd",2995.0,57933.93,503200.0,6290,80.0,105,19.34,80.0,7,3,2012-07-05,2012-07-05,0,0,On-Time
1609,Côte d'Ivoire,PMO - US,Direct Drop,EXW,Ocean,ARV,Adult,Aurobindo Pharma Limited,5734.0,24624.0,678000.0,22600,30.0,174,4.29,30.0,7,3,2012-07-05,2012-07-05,0,0,On-Time
1610,Namibia,PMO - US,Direct Drop,EXW,Air,HRDT,HIV test,"Orgenics, Ltd",19.0,718.32,5827.5,75,77.7,64,37.81,77.7,7,3,2012-07-05,2012-07-05,0,0,On-Time
1611,Rwanda,PMO - US,Direct Drop,FCA,Air,ARV,Adult,Hoffmann-La Roche ltd Basel,27.0,2205.25,17410.04,109,159.73,246,81.68,159.73,7,3,2012-07-05,2012-07-05,0,0,On-Time
1612,Uganda,PMO - US,Direct Drop,DDP,Air,ARV,Adult,ASPEN PHARMACARE,49.0,475.0,11250.0,150,75.0,79,9.69,75.0,7,3,2012-07-05,2012-07-05,0,0,On-Time
1613,Uganda,PMO - US,Direct Drop,DDP,Air,ARV,Adult,ASPEN PHARMACARE,47.0,449.0,10800.0,144,75.0,79,9.55,75.0,7,3,2012-07-05,2012-07-05,0,0,On-Time
1614,Vietnam,PMO - US,Direct Drop,FCA,Air,ARV,Adult,ABBVIE LOGISTICS (FORMERLY ABBOTT LOGISTICS BV),467.0,1842.23,116896.04,1922,60.82,163,3.94,60.82,7,4,2012-07-06,2012-07-06,0,0,On-Time
1615,Kenya,PMO - US,Direct Drop,EXW,Air,HRDT,HIV test,"Orgenics, Ltd",1378.0,14842.19,711911.0,7999,89.0,25,10.77,89.0,7,0,2012-07-09,2012-07-09,0,0,On-Time
1616,Kenya,PMO - US,Direct Drop,EXW,Air,HRDT,HIV test,"Orgenics, Ltd",985.0,11034.01,89.0,1,89.0,25,11.2,89.0,7,0,2012-07-09,2012-07-09,0,0,On-Time
1617,Kenya,PMO - US,Direct Drop,EXW,Air,HRDT,HIV test,"Orgenics, Ltd",1022.0,15120.61,528482.0,5938,89.0,25,14.8,89.0,7,0,2012-07-09,2012-07-28,19,1,Delayed
1618,Kenya,PMO - US,Direct Drop,EXW,Air,HRDT,HIV test,"Orgenics, Ltd",1445.0,10719.64,395160.0,4440,89.0,25,7.42,89.0,7,0,2012-07-09,2012-07-28,19,1,Delayed
1619,Kenya,PMO - US,Direct Drop,EXW,Air,HRDT,HIV test,"Orgenics, Ltd",1139.0,11827.07,589002.0,6618,89.0,25,10.38,89.0,7,0,2012-07-09,2012-07-28,19,1,Delayed
1620,Kenya,PMO - US,Direct Drop,EXW,Air,HRDT,HIV test,"Orgenics, Ltd",1413.0,15387.63,356.0,4,89.0,25,10.89,89.0,7,0,2012-07-09,2012-07-30,21,1,Delayed
1621,Uganda,PMO - US,Direct Drop,EXW,Air,ARV,Adult,Aurobindo Pharma Limited,2145.0,8143.97,52875.0,22500,2.35,30,3.8,2.35,7,3,2012-07-12,2012-07-12,0,0,On-Time
1622,Malawi,PMO - US,Direct Drop,EXW,Air,HRDT,HIV test,"Trinity Biotech, Plc",86.0,3133.86,7872.0,246,32.0,80,36.44,32.0,7,4,2012-07-13,2012-07-13,0,0,On-Time
1623,Tanzania,PMO - US,Direct Drop,EXW,Air,HRDT,HIV test,"Trinity Biotech, Plc",3058.0,31491.23,296000.0,9250,32.0,161,10.3,32.0,7,4,2012-07-13,2012-07-13,0,0,On-Time
1624,Namibia,PMO - US,Direct Drop,EXW,Air,HRDT,HIV test,"Trinity Biotech, Plc",249.0,1640.99,13312.0,416,32.0,75,6.59,32.0,7,0,2012-07-16,2012-07-16,0,0,On-Time
1625,Rwanda,PMO - US,Direct Drop,EXW,Ocean,ARV,Adult,MYLAN LABORATORIES LTD (FORMERLY MATRIX LABORATORIES),4426.0,66916.5,511290.0,39330,13.0,104,15.12,13.0,7,0,2012-07-16,2012-07-16,0,0,On-Time
1626,Haiti,PMO - US,Direct Drop,CIP,Air,ARV,Pediatric,MERCK SHARP & DOHME IDEA GMBH (FORMALLY MERCK SHARP & DOHME B.V.),1979.0,853.07,113716.8,6705,16.96,144,0.43,16.96,7,1,2012-07-17,2012-07-17,0,0,On-Time
1627,Uganda,PMO - US,Direct Drop,EXW,Air,ARV,Adult,Aurobindo Pharma Limited,2709.0,11409.29,272314.5,10679,25.5,36,4.21,25.5,7,2,2012-07-18,2012-07-23,5,1,Delayed
1628,Uganda,PMO - US,Direct Drop,EXW,Air,ARV,Adult,Aurobindo Pharma Limited,3888.0,17405.65,390685.5,15321,25.5,36,4.48,25.5,7,2,2012-07-18,2012-07-18,0,0,On-Time
1629,Pakistan,PMO - US,Direct Drop,EXW,Air,HRDT,HIV test,"Orgenics, Ltd",2134.0,32272.0,358720.0,4484,80.0,92,15.12,80.0,7,4,2012-07-20,2012-07-20,0,0,On-Time
1630,Rwanda,PMO - US,Direct Drop,EXW,Air,ARV,Adult,HETERO LABS LIMITED,1751.0,13244.8,72720.9,20370,3.57,36,7.56,3.57,7,4,2012-07-20,2012-07-20,0,0,On-Time
1631,Rwanda,PMO - US,Direct Drop,EXW,Air,ARV,Adult,HETERO LABS LIMITED,3204.0,19625.64,130361.4,55710,2.34,38,6.13,2.34,7,4,2012-07-20,2012-07-20,0,0,On-Time
1632,Rwanda,PMO - US,Direct Drop,EXW,Air,ARV,Adult,HETERO LABS LIMITED,262.0,3840.85,10734.99,3007,3.57,63,14.66,3.57,7,4,2012-07-20,2012-07-20,0,0,On-Time
1633,Uganda,PMO - US,Direct Drop,EXW,Air,ARV,Adult,Aurobindo Pharma Limited,4668.0,20869.6,184902.2,54383,3.4,41,4.47,3.4,7,0,2012-07-23,2012-07-18,-5,0,On-Time
1634,Uganda,PMO - US,Direct Drop,EXW,Air,ARV,Adult,Aurobindo Pharma Limited,1770.0,7651.56,70097.8,20617,3.4,41,4.32,3.4,7,0,2012-07-23,2012-07-23,0,0,On-Time
1635,Zimbabwe,PMO - US,Direct Drop,EXW,Air,HRDT,HIV test,"Orgenics, Ltd",2124.0,40520.83,344720.0,4309,80.0,445,19.08,80.0,7,0,2012-07-23,2012-07-23,0,0,On-Time
1636,Tanzania,PMO - US,Direct Drop,EXW,Air,HRDT,HIV test,"Orgenics, Ltd",662.0,12035.47,110960.0,1387,80.0,93,18.18,80.0,7,2,2012-07-25,2012-07-25,0,0,On-Time
1637,Vietnam,PMO - US,Direct Drop,FCA,Air,ARV,Adult,ABBVIE LOGISTICS (FORMERLY ABBOTT LOGISTICS BV),1724.0,5248.47,430483.96,7078,60.82,183,3.04,60.82,7,3,2012-07-26,2012-07-26,0,0,On-Time
1638,Uganda,PMO - US,Direct Drop,EXW,Air,ARV,Adult,HETERO LABS LIMITED,3528.0,16938.13,143418.6,61290,2.34,45,4.8,2.34,7,4,2012-07-27,2012-07-27,0,0,On-Time
1639,Uganda,PMO - US,Direct Drop,EXW,Air,ARV,Adult,HETERO LABS LIMITED,12945.0,48653.36,95612.4,40860,2.34,45,3.76,2.34,7,4,2012-07-27,2012-07-27,0,0,On-Time
1640,Ethiopia,PMO - US,Direct Drop,EXW,Air,HRDT,HIV test,"SHANGHAI KEHUA BIOENGINEERING CO.,LTD.  (KHB)",125.0,1472.03,4287.5,175,24.5,190,11.78,24.5,7,1,2012-07-31,2012-07-31,0,0,On-Time
1641,Ethiopia,PMO - US,Direct Drop,EXW,Air,HRDT,HIV test,"SHANGHAI KEHUA BIOENGINEERING CO.,LTD.  (KHB)",950.0,8859.91,33369.0,1362,24.5,190,9.33,24.5,7,1,2012-07-31,2012-07-31,0,0,On-Time
1642,Nigeria,PMO - US,Direct Drop,EXW,Air,HRDT,HIV test,"Orgenics, Ltd",3886.0,86928.23,725261.0,8149,89.0,90,22.37,89.0,8,2,2012-08-01,2012-08-30,29,1,Delayed
1643,Nigeria,PMO - US,Direct Drop,EXW,Air,HRDT,HIV test,"Orgenics, Ltd",1533.0,35813.98,284800.0,3200,89.0,90,23.36,89.0,8,2,2012-08-01,2012-08-01,0,0,On-Time
1644,"Congo, DRC",PMO - US,Direct Drop,EXW,Air,HRDT,HIV test,"Trinity Biotech, Plc",132.0,1692.7,12800.0,400,32.0,87,12.82,32.0,8,3,2012-08-02,2012-08-02,0,0,On-Time
1645,Rwanda,PMO - US,Direct Drop,EXW,Ocean,ARV,Adult,HETERO LABS LIMITED,1619.0,9054.61,72720.9,20370,3.57,76,5.59,3.57,8,3,2012-08-02,2012-08-02,0,0,On-Time
1646,"Congo, DRC",PMO - US,Direct Drop,EXW,Air,HRDT,HIV test,"Trinity Biotech, Plc",62.0,1367.59,4384.0,137,32.0,207,22.06,32.0,8,4,2012-08-03,2012-08-03,0,0,On-Time
1647,Uganda,PMO - US,Direct Drop,EXW,Air,ARV,Adult,HETERO LABS LIMITED,7549.0,26095.99,320738.4,66960,4.79,52,3.46,4.79,8,4,2012-08-03,2012-08-03,0,0,On-Time
1648,Rwanda,PMO - US,Direct Drop,EXW,Air,ARV,Adult,HETERO LABS LIMITED,9117.0,98763.02,293191.11,61209,4.79,53,10.83,4.79,8,5,2012-08-04,2012-08-04,0,0,On-Time
1649,Rwanda,PMO - US,Direct Drop,EXW,Air,ARV,Adult,HETERO LABS LIMITED,4574.0,45060.6,195455.95,40805,4.79,53,9.85,4.79,8,5,2012-08-04,2012-08-04,0,0,On-Time
1650,Ethiopia,PMO - US,Direct Drop,EXW,Air,HRDT,HIV test,"Trinity Biotech, Plc",61.0,925.05,5344.0,167,32.0,195,15.16,32.0,8,6,2012-08-05,2012-08-05,0,0,On-Time
1651,Rwanda,PMO - US,Direct Drop,EXW,Air,ARV,Adult,Aurobindo Pharma Limited,3114.0,18779.99,256113.0,35820,7.15,21,6.03,7.15,8,0,2012-08-06,2012-08-06,0,0,On-Time
1652,Haiti,PMO - US,Direct Drop,EXW,Air,ARV,Adult,STRIDES ARCOLAB LIMITED,20.0,950.05,1121.28,384,2.92,40,47.5,2.92,8,1,2012-08-07,2012-08-07,0,0,On-Time
1653,Rwanda,PMO - US,Direct Drop,EXW,Air,ARV,Adult,MYLAN LABORATORIES LTD (FORMERLY MATRIX LABORATORIES),4810.0,27894.81,581159.7,46530,12.49,68,5.8,12.49,8,1,2012-08-07,2012-08-07,0,0,On-Time
1654,Haiti,PMO - US,Direct Drop,FCA,Air,ARV,Pediatric,SYSMEX AMERICA INC,24.0,4059.85,1596.24,216,7.39,57,169.16,7.39,8,2,2012-08-08,2012-08-08,0,0,On-Time
1655,Swaziland,PMO - US,Direct Drop,EXW,Air,HRDT,HIV test,"Orgenics, Ltd",69.0,1626.1,10800.0,135,80.0,49,23.57,80.0,8,3,2012-08-09,2012-08-09,0,0,On-Time
1656,Haiti,PMO - US,Direct Drop,EXW,Air,HRDT,HIV test,"SHANGHAI KEHUA BIOENGINEERING CO.,LTD.  (KHB)",434.0,4209.61,14700.0,600,24.5,58,9.7,24.5,8,4,2012-08-10,2012-08-10,0,0,On-Time
1657,Côte d'Ivoire,PMO - US,Direct Drop,EXW,Air,HRDT,HIV test,"CHEMBIO DIAGNOSTIC SYSTEMS, INC.",622.0,7727.12,62495.0,2155,29.0,64,12.42,29.0,8,3,2012-08-16,2012-08-16,0,0,On-Time
1658,Haiti,PMO - US,Direct Drop,EXW,Air,ARV,Adult,Aurobindo Pharma Limited,6.0,941.74,126.0,90,1.4,35,156.96,1.4,8,3,2012-08-16,2012-08-16,0,0,On-Time
1659,Rwanda,PMO - US,Direct Drop,EXW,Air,ARV,Adult,MYLAN LABORATORIES LTD (FORMERLY MATRIX LABORATORIES),10818.0,119695.66,683543.76,131704,5.19,77,11.06,5.19,8,3,2012-08-16,2012-08-16,0,0,On-Time
1660,Zambia,PMO - US,Direct Drop,EXW,Air,HRDT,HIV test,"Trinity Biotech, Plc",2391.0,25818.23,232960.0,7280,32.0,332,10.8,32.0,8,3,2012-08-16,2012-08-16,0,0,On-Time
1661,Cameroon,PMO - US,Direct Drop,EXW,Air,HRDT,HIV test,Orasure Technologies Inc.,72.0,1765.54,10500.0,30,350.0,32,24.52,350.0,8,4,2012-08-17,2012-08-17,0,0,On-Time
1662,Haiti,PMO - US,Direct Drop,EXW,Air,ARV,Pediatric,Aurobindo Pharma Limited,106.0,1615.07,3951.36,1764,2.24,37,15.24,2.24,8,5,2012-08-18,2012-08-18,0,0,On-Time
1663,Mozambique,PMO - US,Direct Drop,EXW,Ocean,HRDT,HIV test,"Orgenics, Ltd",3757.0,15105.99,630560.0,7882,80.0,133,4.02,80.0,8,0,2012-08-20,2012-08-20,0,0,On-Time
1664,Ethiopia,PMO - US,Direct Drop,EXW,Air,HRDT,HIV test,"Trinity Biotech, Plc",10.0,512.31,864.0,27,32.0,211,51.23,32.0,8,1,2012-08-21,2012-08-21,0,0,On-Time
1665,Rwanda,PMO - US,Direct Drop,EXW,Air,ARV,Adult,Aurobindo Pharma Limited,213.0,3024.36,20160.0,1008,20.0,49,14.2,20.0,8,2,2012-08-22,2012-08-22,0,0,On-Time
1666,Vietnam,PMO - US,Direct Drop,EXW,Air,ARV,Pediatric,Aurobindo Pharma Limited,436.0,1238.16,6720.0,3000,2.24,71,2.84,2.24,8,2,2012-08-22,2012-08-22,0,0,On-Time
1667,Rwanda,PMO - US,Direct Drop,EXW,Ocean,ARV,Adult,MYLAN LABORATORIES LTD (FORMERLY MATRIX LABORATORIES),5245.0,11186.24,605969.0,46613,13.0,125,2.13,13.0,8,3,2012-08-23,2012-08-23,0,0,On-Time
1668,Vietnam,PMO - US,Direct Drop,EXW,Air,ARV,Pediatric,Aurobindo Pharma Limited,58.0,755.03,315.0,150,2.1,76,13.02,2.1,8,3,2012-08-23,2012-08-23,0,0,On-Time
1669,Botswana,PMO - US,Direct Drop,EXW,Air,HRDT,HIV test,"Trinity Biotech, Plc",1315.0,13179.8,128000.0,4000,32.0,25,10.02,32.0,8,0,2012-08-27,2012-08-27,0,0,On-Time
1670,Rwanda,PMO - US,Direct Drop,EXW,Ocean,ARV,Pediatric,CIPLA LIMITED,2995.0,20193.21,13720.0,7840,1.75,171,6.74,1.75,8,0,2012-08-27,2012-08-27,0,0,On-Time
1671,Ethiopia,PMO - US,Direct Drop,EXW,Air,HRDT,HIV test,"Trinity Biotech, Plc",60.0,911.32,5344.0,167,32.0,218,15.19,32.0,8,1,2012-08-28,2012-08-28,0,0,On-Time
1672,Ethiopia,PMO - US,Direct Drop,EXW,Air,HRDT,HIV test,"Trinity Biotech, Plc",10.0,490.23,864.0,27,32.0,219,49.02,32.0,8,2,2012-08-29,2012-08-29,0,0,On-Time
1673,Uganda,PMO - US,Direct Drop,EXW,Air,ARV,Adult,MYLAN LABORATORIES LTD (FORMERLY MATRIX LABORATORIES),24556.0,146850.66,2458453.58,205042,11.99,29,5.98,11.99,8,2,2012-08-29,2012-08-29,0,0,On-Time
1674,Ethiopia,PMO - US,Direct Drop,EXW,Air,HRDT,HIV test,"SHANGHAI KEHUA BIOENGINEERING CO.,LTD.  (KHB)",17367.0,161962.32,612598.0,25004,24.5,41,9.33,24.5,9,1,2012-09-04,2012-09-04,0,0,On-Time
1675,Mozambique,PMO - US,Direct Drop,EXW,Air,HRDT,HIV test,"Orgenics, Ltd",14938.0,43304.68,440000.0,5500,80.0,83,2.9,80.0,9,1,2012-09-04,2012-09-04,0,0,On-Time
1676,Mozambique,PMO - US,Direct Drop,EXW,Air,HRDT,HIV test,"Orgenics, Ltd",2862.0,52239.49,480000.0,6000,80.0,133,18.25,80.0,9,1,2012-09-04,2012-09-04,0,0,On-Time
1677,Mozambique,PMO - US,Direct Drop,EXW,Air,HRDT,HIV test,"Orgenics, Ltd",2384.0,43848.04,400000.0,5000,80.0,123,18.39,80.0,9,1,2012-09-04,2012-09-04,0,0,On-Time
1678,Ethiopia,PMO - US,Direct Drop,EXW,Air,HRDT,HIV test,"CHEMBIO DIAGNOSTIC SYSTEMS, INC.",15.0,218.75,1276.0,44,29.0,226,14.58,29.0,9,2,2012-09-05,2012-09-05,0,0,On-Time
1679,Ethiopia,PMO - US,Direct Drop,EXW,Air,HRDT,HIV test,"CHEMBIO DIAGNOSTIC SYSTEMS, INC.",128.0,810.96,9860.0,340,29.0,226,6.34,29.0,9,2,2012-09-05,2012-09-05,0,0,On-Time
1680,Haiti,PMO - US,Direct Drop,EXW,Air,ARV,Pediatric,CIPLA LIMITED,173.0,1312.75,17220.0,2460,7.0,194,7.59,7.0,9,2,2012-09-05,2012-09-05,0,0,On-Time
1681,Kenya,PMO - US,Direct Drop,EXW,Air,HRDT,HIV test,"Trinity Biotech, Plc",6568.0,41300.11,640000.0,20000,32.0,84,6.29,32.0,9,2,2012-09-05,2012-09-05,0,0,On-Time
1682,South Sudan,PMO - US,Direct Drop,EXW,Air,HRDT,HIV test,"Trinity Biotech, Plc",262.0,4669.02,23968.0,749,32.0,77,17.82,32.0,9,2,2012-09-05,2012-09-05,0,0,On-Time
1683,Rwanda,PMO - US,Direct Drop,EXW,Air,ARV,Adult,Aurobindo Pharma Limited,5468.0,48501.5,129069.0,57364,2.25,55,8.87,2.25,9,6,2012-09-09,2012-09-09,0,0,On-Time
1684,Rwanda,PMO - US,Direct Drop,EXW,Air,ARV,Adult,Aurobindo Pharma Limited,2520.0,25593.87,59492.25,26441,2.25,55,10.16,2.25,9,6,2012-09-09,2012-09-09,0,0,On-Time
1685,Rwanda,PMO - US,Direct Drop,EXW,Air,ARV,Adult,Aurobindo Pharma Limited,5525.0,43237.33,130412.25,57961,2.25,55,7.83,2.25,9,6,2012-09-09,2012-09-09,0,0,On-Time
1686,Rwanda,PMO - US,Direct Drop,EXW,Air,ARV,Adult,Aurobindo Pharma Limited,5551.0,49069.74,131026.5,58234,2.25,55,8.84,2.25,9,6,2012-09-09,2012-09-09,0,0,On-Time
1687,Botswana,PMO - US,Direct Drop,EXW,Air,HRDT,HIV test,"SHANGHAI KEHUA BIOENGINEERING CO.,LTD.  (KHB)",1111.0,8542.94,39200.0,1600,24.5,39,7.69,24.5,9,0,2012-09-10,2012-09-10,0,0,On-Time
1688,Cameroon,PMO - US,Direct Drop,EXW,Air,HRDT,HIV test,"Orgenics, Ltd",22.0,1243.98,8658.0,120,72.15,56,56.54,72.15,9,0,2012-09-10,2012-09-10,0,0,On-Time
1689,Mali,PMO - US,Direct Drop,EXW,Air,HRDT,HIV test,Orasure Technologies Inc.,12.0,1840.97,2000.0,5,400.0,42,153.41,400.0,9,1,2012-09-11,2012-09-11,0,0,On-Time
1690,Guyana,PMO - US,Direct Drop,EXW,Air,HRDT,HIV test,"CHEMBIO DIAGNOSTIC SYSTEMS, INC.",5.0,296.52,551.0,19,29.0,54,59.3,29.0,9,1,2012-09-18,2012-09-18,0,0,On-Time
1691,Nigeria,PMO - US,Direct Drop,EXW,Air,HRDT,HIV test,"Trinity Biotech, Plc",2607.0,28595.45,256576.0,8018,32.0,138,10.97,32.0,9,1,2012-09-18,2012-09-18,0,0,On-Time
1692,Zimbabwe,PMO - US,Direct Drop,EXW,Air,HRDT,HIV test - Ancillary,"Orgenics, Ltd",2486.0,46552.3,25300.0,5060,5.0,78,18.73,5.0,9,1,2012-09-18,2012-09-18,0,0,On-Time
1693,South Sudan,PMO - US,Direct Drop,EXW,Air,HRDT,HIV test,"Orgenics, Ltd",351.0,6445.68,61855.0,695,89.0,92,18.36,89.0,9,3,2012-09-20,2012-09-20,0,0,On-Time
1694,Uganda,PMO - US,Direct Drop,EXW,Air,ARV,Adult,MYLAN LABORATORIES LTD (FORMERLY MATRIX LABORATORIES),195.0,3387.72,35055.0,1558,22.5,87,17.37,22.5,9,4,2012-09-21,2012-09-21,0,0,On-Time
1695,Uganda,PMO - US,Direct Drop,EXW,Air,ARV,Adult,MYLAN LABORATORIES LTD (FORMERLY MATRIX LABORATORIES),173.0,935.89,28395.0,1262,22.5,87,5.41,22.5,9,4,2012-09-21,2012-09-21,0,0,On-Time
1696,Guyana,PMO - US,Direct Drop,EXW,Air,HRDT,HIV test,"Trinity Biotech, Plc",876.0,8969.97,88608.0,2769,32.0,61,10.24,32.0,9,1,2012-09-25,2012-09-25,0,0,On-Time
1697,Tanzania,PMO - US,Direct Drop,EXW,Air,ARV,Adult,Aurobindo Pharma Limited,3267.0,13180.76,268761.35,37589,7.15,49,4.03,7.15,9,3,2012-09-27,2012-09-27,0,0,On-Time
1698,Tanzania,PMO - US,Direct Drop,EXW,Air,ARV,Adult,Aurobindo Pharma Limited,4611.0,21225.33,379314.65,53051,7.15,49,4.6,7.15,9,3,2012-09-27,2012-10-04,7,1,Delayed
1699,Tanzania,PMO - US,Direct Drop,EXW,Air,ARV,Adult,Aurobindo Pharma Limited,3421.0,15241.75,281424.0,39360,7.15,49,4.46,7.15,9,3,2012-09-27,2012-10-04,7,1,Delayed
1700,Vietnam,PMO - US,Direct Drop,EXW,Air,ARV,Adult,HETERO LABS LIMITED,675.0,1587.92,59364.0,7760,7.65,112,2.35,7.65,9,4,2012-09-28,2012-09-28,0,0,On-Time
1701,Vietnam,PMO - US,Direct Drop,EXW,Air,ARV,Adult,MYLAN LABORATORIES LTD (FORMERLY MATRIX LABORATORIES),2951.0,7211.04,4220.25,331,12.75,113,2.44,12.75,10,1,2012-10-02,2012-10-02,0,0,On-Time
1702,Vietnam,PMO - US,Direct Drop,FCA,Air,ARV,Adult,ABBVIE LOGISTICS (FORMERLY ABBOTT LOGISTICS BV),21.0,583.66,4047.24,174,23.26,110,27.79,23.26,10,2,2012-10-03,2012-10-03,0,0,On-Time
1703,Haiti,PMO - US,Direct Drop,EXW,Air,ARV,Adult,Aurobindo Pharma Limited,4.0,970.79,960.0,48,20.0,62,242.7,20.0,10,3,2012-10-04,2012-10-04,0,0,On-Time
1704,Haiti,PMO - US,Direct Drop,EXW,Air,ARV,Pediatric,Aurobindo Pharma Limited,156.0,1887.58,3613.75,2891,1.25,84,12.1,1.25,10,3,2012-10-04,2012-10-04,0,0,On-Time
1705,Haiti,PMO - US,Direct Drop,EXW,Air,ARV,Pediatric,Aurobindo Pharma Limited,1296.0,9230.19,6526.8,3528,1.85,36,7.12,1.85,10,3,2012-10-04,2012-10-04,0,0,On-Time
1706,Mali,PMO - US,Direct Drop,EXW,Air,HRDT,HIV test,"Orgenics, Ltd",40.0,1333.4,8265.0,87,95.0,44,33.33,95.0,10,3,2012-10-04,2012-10-04,0,0,On-Time
1707,Uganda,PMO - US,Direct Drop,CIP,Air,ARV,Adult,MERCK SHARP & DOHME IDEA GMBH (FORMALLY MERCK SHARP & DOHME B.V.),39.0,433.0,21645.0,390,55.5,28,11.1,55.5,10,4,2012-10-05,2012-10-05,0,0,On-Time
1708,Nigeria,PMO - US,Direct Drop,EXW,Air,HRDT,HIV test,"CHEMBIO DIAGNOSTIC SYSTEMS, INC.",972.0,6418.11,98629.0,3401,29.0,59,6.6,29.0,10,0,2012-10-08,2012-10-08,0,0,On-Time
1709,Rwanda,PMO - US,Direct Drop,EXW,Ocean,ARV,Adult,MYLAN LABORATORIES LTD (FORMERLY MATRIX LABORATORIES),10116.0,24250.15,683543.76,131704,5.19,130,2.4,5.19,10,0,2012-10-08,2012-10-08,0,0,On-Time
1710,Vietnam,PMO - US,Direct Drop,EXW,Air,ARV,Adult,HETERO LABS LIMITED,544.0,1454.64,20005.38,8586,2.33,88,2.67,2.33,10,0,2012-10-08,2012-10-08,0,0,On-Time
1711,Mozambique,PMO - US,Direct Drop,EXW,Air,HRDT,HIV test,"Trinity Biotech, Plc",149.0,3165.69,13664.0,427,32.0,48,21.25,32.0,10,1,2012-10-09,2012-10-09,0,0,On-Time
1712,Tanzania,PMO - US,Direct Drop,EXW,Air,ARV,Adult,Aurobindo Pharma Limited,5578.0,18826.62,214434.0,64980,3.3,61,3.38,3.3,10,1,2012-10-09,2012-10-09,0,0,On-Time
1713,Tanzania,PMO - US,Direct Drop,EXW,Air,ARV,Adult,Aurobindo Pharma Limited,2210.0,9452.02,84945.3,25741,3.3,61,4.28,3.3,10,1,2012-10-09,2012-10-12,3,1,Delayed
1714,Tanzania,PMO - US,Direct Drop,EXW,Air,ARV,Adult,Aurobindo Pharma Limited,5215.0,20136.28,200498.1,60757,3.3,61,3.86,3.3,10,1,2012-10-09,2012-10-09,0,0,On-Time
1715,Vietnam,PMO - US,Direct Drop,EXW,Air,ARV,Pediatric,MYLAN LABORATORIES LTD (FORMERLY MATRIX LABORATORIES),4587.0,11252.53,5403.3,1302,4.15,119,2.45,4.15,10,1,2012-10-09,2012-10-09,0,0,On-Time
1716,Vietnam,PMO - US,Direct Drop,EXW,Air,ARV,Adult,HETERO LABS LIMITED,425.0,1032.12,14944.62,6414,2.33,89,2.43,2.33,10,1,2012-10-09,2012-10-09,0,0,On-Time
1717,Vietnam,PMO - US,Direct Drop,EXW,Air,ARV,Adult,HETERO LABS LIMITED,1616.0,3147.88,58031.4,27634,2.1,89,1.95,2.1,10,1,2012-10-09,2012-10-09,0,0,On-Time
1718,Vietnam,PMO - US,Direct Drop,EXW,Air,ARV,Adult,HETERO LABS LIMITED,2162.0,3324.85,78468.6,37366,2.1,89,1.54,2.1,10,1,2012-10-09,2012-10-09,0,0,On-Time
1719,Zimbabwe,PMO - US,Direct Drop,EXW,Air,HRDT,HIV test,BIOLYTICAL LABORATORIES INC.,613.0,8434.27,29065.0,11626,2.5,91,13.76,2.5,10,2,2012-10-10,2012-10-10,0,0,On-Time
1720,Vietnam,PMO - US,Direct Drop,EXW,Air,ARV,Adult,HETERO LABS LIMITED,1496.0,2480.22,131886.0,17240,7.65,126,1.66,7.65,10,4,2012-10-12,2012-10-12,0,0,On-Time
1721,Guyana,PMO - US,Direct Drop,EXW,Air,HRDT,HIV test,"Orgenics, Ltd",272.0,8128.95,56400.0,564,100.0,81,29.89,100.0,10,0,2012-10-15,2012-10-15,0,0,On-Time
1722,Kenya,PMO - US,Direct Drop,EXW,Air,HRDT,HIV test,"Trinity Biotech, Plc",4956.0,36219.03,480000.0,15000,32.0,124,7.31,32.0,10,0,2012-10-15,2012-10-15,0,0,On-Time
1723,Côte d'Ivoire,PMO - US,Direct Drop,EXW,Air,HRDT,HIV test,"CHEMBIO DIAGNOSTIC SYSTEMS, INC.",1056.0,12363.35,106662.0,3678,29.0,126,11.71,29.0,10,2,2012-10-17,2012-10-17,0,0,On-Time
1724,Zambia,PMO - US,Direct Drop,EXW,Air,HRDT,HIV test,"Trinity Biotech, Plc",1213.0,15504.42,116480.0,3640,32.0,394,12.78,32.0,10,2,2012-10-17,2012-10-17,0,0,On-Time
1725,Mozambique,PMO - US,Direct Drop,EXW,Air,HRDT,HIV test - Ancillary,"Orgenics, Ltd",41.0,1001.02,1075.0,215,5.0,57,24.42,5.0,10,3,2012-10-18,2012-10-18,0,0,On-Time
1726,South Sudan,PMO - US,Direct Drop,EXW,Air,HRDT,HIV test,"Trinity Biotech, Plc",15.0,870.22,1504.0,47,32.0,58,58.01,32.0,10,3,2012-10-18,2012-10-18,0,0,On-Time
1727,Guyana,PMO - US,Direct Drop,EXW,Air,ARV,Adult,Aurobindo Pharma Limited,243.0,2492.47,22896.0,954,24.0,84,10.26,24.0,10,4,2012-10-19,2012-10-19,0,0,On-Time
1728,Mali,PMO - US,Direct Drop,EXW,Air,HRDT,HIV test,"Orgenics, Ltd",84.0,3252.26,14720.0,184,80.0,80,38.72,80.0,10,4,2012-10-19,2012-10-19,0,0,On-Time
1729,Zambia,PMO - US,Direct Drop,EXW,Air,HRDT,HIV test,"Orgenics, Ltd",1907.0,34940.02,320320.0,4004,80.0,80,18.32,80.0,10,4,2012-10-19,2012-10-19,0,0,On-Time
1730,Nigeria,PMO - US,Direct Drop,EXW,Air,ARV,Adult,MYLAN LABORATORIES LTD (FORMERLY MATRIX LABORATORIES),1360.0,7665.38,228375.0,10150,22.5,187,5.64,22.5,10,5,2012-10-20,2012-10-20,0,0,On-Time
1731,Haiti,PMO - US,Direct Drop,EXW,Ocean,ARV,Pediatric,MYLAN LABORATORIES LTD (FORMERLY MATRIX LABORATORIES),4654.0,8538.03,22094.6,5324,4.15,116,1.83,4.15,10,0,2012-10-22,2012-10-22,0,0,On-Time
1732,Haiti,PMO - US,Direct Drop,EXW,Ocean,ARV,Adult,HETERO LABS LIMITED,2122.0,9272.18,100857.6,19776,5.1,116,4.37,5.1,10,0,2012-10-22,2012-10-22,0,0,On-Time
1733,Rwanda,PMO - US,Direct Drop,EXW,Air,ARV,Adult,HETERO LABS LIMITED,4479.0,36677.08,175600.0,40000,4.39,98,8.19,4.39,10,0,2012-10-22,2012-10-22,0,0,On-Time
1734,Zimbabwe,PMO - US,Direct Drop,EXW,Ocean,ARV,Pediatric,Aurobindo Pharma Limited,3868.0,16210.31,341700.0,42500,8.04,99,4.19,8.04,10,2,2012-10-24,2012-10-24,0,0,On-Time
1735,Uganda,PMO - US,Direct Drop,DAP,Air,ARV,Adult,ASPEN PHARMACARE,24.0,330.0,3996.0,111,36.0,49,13.75,36.0,10,3,2012-10-25,2012-10-25,0,0,On-Time
1736,Vietnam,PMO - US,Direct Drop,FCA,Air,ARV,Adult,ABBVIE LOGISTICS (FORMERLY ABBOTT LOGISTICS BV),34.0,404.78,7582.76,326,23.26,134,11.91,23.26,10,5,2012-10-27,2012-10-27,0,0,On-Time
1737,Haiti,PMO - US,Direct Drop,CIP,Air,ARV,Pediatric,MERCK SHARP & DOHME IDEA GMBH (FORMALLY MERCK SHARP & DOHME B.V.),687.0,5293.76,38923.2,2295,16.96,143,7.71,16.96,10,0,2012-10-29,2012-10-29,0,0,On-Time
1738,Côte d'Ivoire,PMO - US,Direct Drop,EXW,Air,HRDT,HIV test,"Orgenics, Ltd",1473.0,29742.64,248000.0,3100,80.0,139,20.19,80.0,10,1,2012-10-30,2012-10-30,0,0,On-Time
1739,Zambia,PMO - US,Direct Drop,EXW,Air,HRDT,HIV test,"Orgenics, Ltd",1428.0,25760.94,240000.0,3000,80.0,56,18.04,80.0,10,2,2012-10-31,2012-11-07,7,1,Delayed
1740,Zambia,PMO - US,Direct Drop,EXW,Air,HRDT,HIV test,"Orgenics, Ltd",3896.0,69016.63,656000.0,8200,80.0,56,17.71,80.0,10,2,2012-10-31,2012-10-31,0,0,On-Time
1741,Tanzania,PMO - US,Direct Drop,EXW,Air,ARV,Adult,HETERO LABS LIMITED,10579.0,41585.93,343352.4,100986,3.4,84,3.93,3.4,11,3,2012-11-01,2012-11-01,0,0,On-Time
1742,Ethiopia,PMO - US,Direct Drop,EXW,Air,HRDT,HIV test,"SHANGHAI KEHUA BIOENGINEERING CO.,LTD.  (KHB)",13749.0,152368.7,551176.5,22497,24.5,87,11.08,24.5,11,0,2012-11-05,2012-11-05,0,0,On-Time
1743,Nigeria,PMO - US,Direct Drop,EXW,Air,HRDT,HIV test,"Orgenics, Ltd",1352.0,31284.02,252315.0,2835,89.0,85,23.14,89.0,11,1,2012-11-06,2012-11-09,3,1,Delayed
1744,Nigeria,PMO - US,Direct Drop,EXW,Air,HRDT,HIV test,"Orgenics, Ltd",295.0,7444.13,54646.0,614,89.0,85,25.23,89.0,11,1,2012-11-06,2012-11-08,2,1,Delayed
1745,Nigeria,PMO - US,Direct Drop,EXW,Air,HRDT,HIV test,"Orgenics, Ltd",1426.0,33279.83,266644.0,2996,89.0,85,23.34,89.0,11,1,2012-11-06,2012-11-08,2,1,Delayed
1746,Nigeria,PMO - US,Direct Drop,EXW,Air,HRDT,HIV test,"Orgenics, Ltd",1352.0,30726.22,252315.0,2835,89.0,85,22.73,89.0,11,1,2012-11-06,2012-11-06,0,0,On-Time
1747,Nigeria,PMO - US,Direct Drop,EXW,Air,HRDT,HIV test,"Orgenics, Ltd",1352.0,30726.22,252315.0,2835,89.0,85,22.73,89.0,11,1,2012-11-06,2012-11-07,1,1,Delayed
1748,Guyana,PMO - US,Direct Drop,EXW,Air,HRDT,HIV test,"Trinity Biotech, Plc",149.0,2115.21,14752.0,461,32.0,104,14.2,32.0,11,2,2012-11-07,2012-11-07,0,0,On-Time
1749,Haiti,PMO - US,Direct Drop,FCA,Air,ARV,Pediatric,LAWRENCE LABORATORIES (SUBSIDIARY OF BRISTOL MYERS SQUIBB),22.0,1662.72,1233.82,98,12.59,97,75.58,12.59,11,3,2012-11-08,2012-11-08,0,0,On-Time
1750,Zimbabwe,PMO - US,Direct Drop,FCA,Air,ARV,Pediatric,ABBVIE LOGISTICS (FORMERLY ABBOTT LOGISTICS BV),1374.0,15593.13,46230.0,1500,30.82,113,11.35,30.82,11,3,2012-11-08,2012-11-08,0,0,On-Time
1751,Zimbabwe,PMO - US,Direct Drop,FCA,Air,ARV,Pediatric,ABBVIE LOGISTICS (FORMERLY ABBOTT LOGISTICS BV),1309.0,15578.89,42038.48,1364,30.82,113,11.9,30.82,11,3,2012-11-08,2012-11-22,14,1,Delayed
1752,Zimbabwe,PMO - US,Direct Drop,FCA,Air,ARV,Pediatric,ABBVIE LOGISTICS (FORMERLY ABBOTT LOGISTICS BV),1374.0,15504.4,46230.0,1500,30.82,113,11.28,30.82,11,3,2012-11-08,2012-11-08,0,0,On-Time
1753,Uganda,PMO - US,Direct Drop,EXW,Air,ARV,Adult,MYLAN LABORATORIES LTD (FORMERLY MATRIX LABORATORIES),22.0,1051.5,3825.0,170,22.5,44,47.8,22.5,11,4,2012-11-09,2012-11-09,0,0,On-Time
1754,Vietnam,PMO - US,Direct Drop,EXW,Air,ARV,Adult,CIPLA LIMITED,34.0,807.47,3465.0,525,6.6,89,23.75,6.6,11,0,2012-11-12,2012-11-12,0,0,On-Time
1755,Vietnam,PMO - US,Direct Drop,EXW,Air,ARV,Adult,CIPLA LIMITED,96.0,678.83,9735.0,1475,6.6,92,7.07,6.6,11,3,2012-11-15,2012-11-15,0,0,On-Time
1756,"Congo, DRC",PMO - US,Direct Drop,EXW,Air,HRDT,HIV test,"Orgenics, Ltd",47.0,4449.1,7157.92,196,36.52,316,94.66,36.52,11,1,2012-11-20,2012-11-20,0,0,On-Time
1757,Guyana,PMO - US,Direct Drop,EXW,Air,HRDT,HIV test,"Orgenics, Ltd",41.0,1182.5,9000.0,90,100.0,117,28.84,100.0,11,1,2012-11-20,2012-11-20,0,0,On-Time
1758,Tanzania,PMO - US,Direct Drop,EXW,Air,HRDT,HIV test,"Orgenics, Ltd",3803.0,64075.1,640000.0,8000,80.0,91,16.85,80.0,11,1,2012-11-20,2012-11-20,0,0,On-Time
1759,Guyana,PMO - US,Direct Drop,EXW,Air,HRDT,HIV test,"CHEMBIO DIAGNOSTIC SYSTEMS, INC.",2.0,297.0,174.0,6,29.0,118,148.5,29.0,11,2,2012-11-21,2012-11-21,0,0,On-Time
1760,Côte d'Ivoire,PMO - US,Direct Drop,EXW,Air,ARV,Adult,MYLAN LABORATORIES LTD (FORMERLY MATRIX LABORATORIES),117.0,1766.57,21127.5,939,22.5,322,15.1,22.5,11,4,2012-11-23,2012-11-23,0,0,On-Time
1761,Vietnam,PMO - US,Direct Drop,EXW,Air,ARV,Adult,MYLAN LABORATORIES LTD (FORMERLY MATRIX LABORATORIES),4233.0,6878.63,520000.0,40000,13.0,167,1.63,13.0,11,0,2012-11-26,2012-11-26,0,0,On-Time
1762,Nigeria,PMO - US,Direct Drop,EXW,Air,HRDT,HIV test,"Orgenics, Ltd",1303.0,28734.43,244216.0,2744,89.0,107,22.05,89.0,11,2,2012-11-28,2012-11-27,-1,0,On-Time
1763,Nigeria,PMO - US,Direct Drop,EXW,Air,HRDT,HIV test,"Orgenics, Ltd",1303.0,28734.43,244216.0,2744,89.0,107,22.05,89.0,11,2,2012-11-28,2012-11-27,-1,0,On-Time
1764,Nigeria,PMO - US,Direct Drop,EXW,Air,HRDT,HIV test,"Orgenics, Ltd",1303.0,28734.43,244216.0,2744,89.0,107,22.05,89.0,11,2,2012-11-28,2012-11-27,-1,0,On-Time
1765,Nigeria,PMO - US,Direct Drop,EXW,Air,HRDT,HIV test,"Orgenics, Ltd",1303.0,29251.24,244216.0,2744,89.0,107,22.45,89.0,11,2,2012-11-28,2012-11-29,1,1,Delayed
1766,Nigeria,PMO - US,Direct Drop,EXW,Air,HRDT,HIV test,"Orgenics, Ltd",542.0,13117.86,101371.0,1139,89.0,107,24.2,89.0,11,2,2012-11-28,2012-11-28,0,0,On-Time
1767,Rwanda,PMO - US,Direct Drop,EXW,Air,ARV,Adult,Aurobindo Pharma Limited,131.0,2004.44,33600.0,1680,20.0,44,15.3,20.0,11,3,2012-11-29,2012-11-29,0,0,On-Time
1768,Vietnam,PMO - US,Direct Drop,EXW,Air,ARV,Pediatric,Aurobindo Pharma Limited,5939.0,10770.55,1099.8,564,1.95,107,1.81,1.95,11,3,2012-11-29,2012-11-29,0,0,On-Time
1769,Vietnam,PMO - US,Direct Drop,FCA,Air,ARV,Pediatric,ABBVIE LOGISTICS (FORMERLY ABBOTT LOGISTICS BV),275.0,1015.98,18246.0,300,60.82,167,3.69,60.82,11,3,2012-11-29,2012-11-29,0,0,On-Time
1770,South Sudan,PMO - US,Direct Drop,EXW,Air,HRDT,HIV test - Ancillary,"Orgenics, Ltd",201.0,5124.22,1384.0,173,8.0,163,25.49,8.0,11,4,2012-11-30,2012-11-30,0,0,On-Time
1771,Cameroon,PMO - US,Direct Drop,EXW,Air,ARV,Adult,CIPLA LIMITED,8297.0,60840.32,520773.03,62219,8.37,58,7.33,8.37,12,6,2012-12-02,2012-12-02,0,0,On-Time
1772,Nigeria,PMO - US,Direct Drop,EXW,Air,ACT,ACT,NOVARTIS PHARMA SERVICES AG,1725.0,11954.71,105000.0,2500,42.0,202,6.93,42.0,12,0,2012-12-03,2012-12-03,0,0,On-Time
1773,Vietnam,PMO - US,Direct Drop,EXW,Air,ARV,Adult,HETERO LABS LIMITED,1364.0,2348.57,105081.36,14842,7.08,112,1.72,7.08,12,2,2012-12-05,2012-12-05,0,0,On-Time
1774,Haiti,PMO - US,Direct Drop,EXW,Air,HRDT,HIV test,"Orgenics, Ltd",714.0,11293.85,150000.0,1500,100.0,51,15.82,100.0,12,3,2012-12-06,2012-12-06,0,0,On-Time
1775,"Congo, DRC",PMO - US,Direct Drop,EXW,Air,ANTM,Malaria,AMSTELFARMA B.V.,488.0,7393.13,15230.6,602,25.3,176,15.15,25.3,12,4,2012-12-07,2012-12-07,0,0,On-Time
1776,Tanzania,PMO - US,Direct Drop,EXW,Air,HRDT,HIV test,"Orgenics, Ltd",1303.0,22223.94,219520.0,2744,80.0,64,17.06,80.0,12,4,2012-12-07,2012-12-07,0,0,On-Time
1777,Tanzania,PMO - US,Direct Drop,EXW,Air,HRDT,HIV test,"Orgenics, Ltd",1303.0,22223.95,219520.0,2744,80.0,64,17.06,80.0,12,4,2012-12-07,2012-12-07,0,0,On-Time
1778,Tanzania,PMO - US,Direct Drop,EXW,Air,HRDT,HIV test,"Orgenics, Ltd",1303.0,22158.58,219520.0,2744,80.0,64,17.01,80.0,12,4,2012-12-07,2012-11-30,-7,0,On-Time
1779,Tanzania,PMO - US,Direct Drop,EXW,Air,HRDT,HIV test,"Orgenics, Ltd",1303.0,22317.25,219520.0,2744,80.0,64,17.13,80.0,12,4,2012-12-07,2012-12-07,0,0,On-Time
1780,Tanzania,PMO - US,Direct Drop,EXW,Air,HRDT,HIV test,"Orgenics, Ltd",405.0,7765.61,67200.0,840,80.0,64,19.17,80.0,12,4,2012-12-07,2012-11-30,-7,0,On-Time
1781,Tanzania,PMO - US,Direct Drop,EXW,Air,HRDT,HIV test,"Orgenics, Ltd",1303.0,22617.38,219520.0,2744,80.0,64,17.36,80.0,12,4,2012-12-07,2012-12-07,0,0,On-Time
1782,Rwanda,PMO - US,Direct Drop,EXW,Ocean,ARV,Adult,MICRO LABS LIMITED,15683.0,36173.15,388550.5,171925,2.26,145,2.31,2.26,12,0,2012-12-10,2012-12-10,0,0,On-Time
1783,Vietnam,PMO - US,Direct Drop,EXW,Air,ARV,Pediatric,Aurobindo Pharma Limited,2998.0,4531.29,684.5,370,1.85,118,1.51,1.85,12,0,2012-12-10,2012-12-10,0,0,On-Time
1784,Vietnam,PMO - US,Direct Drop,FCA,Air,ARV,Pediatric,ABBVIE LOGISTICS (FORMERLY ABBOTT LOGISTICS BV),18.0,612.07,1581.84,104,15.21,119,34.0,15.21,12,1,2012-12-11,2012-12-11,0,0,On-Time
1785,Vietnam,PMO - US,Direct Drop,FCA,Air,ARV,Pediatric,ABBVIE LOGISTICS (FORMERLY ABBOTT LOGISTICS BV),53.0,439.17,6023.16,396,15.21,119,8.29,15.21,12,1,2012-12-11,2012-12-11,0,0,On-Time
1786,Nigeria,PMO - US,Direct Drop,EXW,Air,ARV,Adult,MYLAN LABORATORIES LTD (FORMERLY MATRIX LABORATORIES),5059.0,25732.17,853357.5,37927,22.5,169,5.09,22.5,12,2,2012-12-12,2012-12-12,0,0,On-Time
1787,Uganda,PMO - US,Direct Drop,CIP,Air,ARV,Adult,MERCK SHARP & DOHME IDEA GMBH (FORMALLY MERCK SHARP & DOHME B.V.),92.0,1114.0,42957.0,774,55.5,48,12.11,55.5,12,2,2012-12-12,2012-12-12,0,0,On-Time
1788,South Sudan,PMO - US,Direct Drop,EXW,Air,HRDT,HIV test - Ancillary,"Orgenics, Ltd",331.0,7539.52,5120.0,640,8.0,114,22.78,8.0,12,3,2012-12-13,2012-12-13,0,0,On-Time
1789,Zimbabwe,PMO - US,Direct Drop,FCA,Air,ARV,Pediatric,ABBVIE LOGISTICS (FORMERLY ABBOTT LOGISTICS BV),1374.0,21730.49,46230.0,1500,30.82,148,15.82,30.82,12,3,2012-12-13,2012-12-13,0,0,On-Time
1790,Uganda,PMO - US,Direct Drop,DAP,Air,ARV,Adult,ASPEN PHARMACARE,94.0,1061.0,19180.8,288,66.6,50,11.29,66.6,12,4,2012-12-14,2012-12-14,0,0,On-Time
1791,Vietnam,PMO - US,Direct Drop,EXW,Air,ARV,Adult,HETERO LABS LIMITED,941.0,1934.17,71918.64,10158,7.08,121,2.06,7.08,12,4,2012-12-14,2012-12-14,0,0,On-Time
1792,"Congo, DRC",PMO - US,Direct Drop,EXW,Air,HRDT,HIV test,"Orgenics, Ltd",96.0,1906.7,14608.0,400,36.52,224,19.86,36.52,12,0,2012-12-17,2012-12-17,0,0,On-Time
1793,Cameroon,PMO - US,Direct Drop,EXW,Air,ARV,Adult,MYLAN LABORATORIES LTD (FORMERLY MATRIX LABORATORIES),3176.0,27939.91,314185.96,26204,11.99,72,8.8,11.99,12,2,2012-12-19,2012-12-19,0,0,On-Time
1794,Vietnam,PMO - US,Direct Drop,EXW,Air,ARV,Pediatric,MYLAN LABORATORIES LTD (FORMERLY MATRIX LABORATORIES),678.0,2148.1,43608.2,10508,4.15,127,3.17,4.15,12,2,2012-12-19,2012-12-19,0,0,On-Time
1795,Haiti,PMO - US,Direct Drop,EXW,Ocean,ARV,Adult,MYLAN LABORATORIES LTD (FORMERLY MATRIX LABORATORIES),4726.0,7208.11,318648.0,34080,9.35,170,1.53,9.35,12,3,2012-12-20,2012-12-20,0,0,On-Time
1796,Haiti,PMO - US,Direct Drop,EXW,Ocean,ARV,Pediatric,Aurobindo Pharma Limited,6433.0,7727.85,5520.0,1200,4.6,170,1.2,4.6,12,3,2012-12-20,2012-12-20,0,0,On-Time
1797,Nigeria,PMO - US,Direct Drop,EXW,Air,HRDT,HIV test,"Trinity Biotech, Plc",1990.0,22859.07,193344.0,6042,32.0,133,11.49,32.0,12,4,2012-12-21,2012-12-21,0,0,On-Time
1798,Nigeria,PMO - US,Direct Drop,EXW,Air,HRDT,HIV test,"Trinity Biotech, Plc",1990.0,23396.04,193344.0,6042,32.0,133,11.76,32.0,12,4,2012-12-21,2012-12-21,0,0,On-Time
1799,Vietnam,PMO - US,Direct Drop,FCA,Air,ARV,Adult,ABBVIE LOGISTICS (FORMERLY ABBOTT LOGISTICS BV),1138.0,3622.58,315534.16,5188,60.82,129,3.18,60.82,12,4,2012-12-21,2012-12-21,0,0,On-Time
1800,Mozambique,PMO - US,Direct Drop,EXW,Air,HRDT,HIV test,"Trinity Biotech, Plc",8.0,558.46,736.0,23,32.0,75,69.81,32.0,12,0,2012-12-24,2012-12-24,0,0,On-Time
1801,Cameroon,PMO - US,Direct Drop,EXW,Air,ARV,Adult,HETERO LABS LIMITED,4289.0,30395.15,179959.68,38208,4.71,81,7.09,4.71,12,1,2012-12-25,2012-12-25,0,0,On-Time
1802,Mozambique,PMO - US,Direct Drop,EXW,Air,HRDT,HIV test,"Orgenics, Ltd",16.0,467.26,5844.15,81,72.15,76,29.2,72.15,12,1,2012-12-25,2012-12-25,0,0,On-Time
1803,Vietnam,PMO - US,Direct Drop,EXW,Air,ARV,Adult,Aurobindo Pharma Limited,1479.0,5180.86,35876.25,15945,2.25,93,3.5,2.25,12,2,2012-12-26,2012-12-26,0,0,On-Time
1804,Vietnam,PMO - US,Direct Drop,EXW,Air,ARV,Adult,MYLAN LABORATORIES LTD (FORMERLY MATRIX LABORATORIES),2641.0,4503.42,278779.49,23251,11.99,136,1.71,11.99,12,4,2012-12-28,2012-12-28,0,0,On-Time
1805,Vietnam,PMO - US,Direct Drop,EXW,Air,ARV,Adult,Aurobindo Pharma Limited,1304.0,2220.86,31623.75,14055,2.25,95,1.7,2.25,12,4,2012-12-28,2012-12-28,0,0,On-Time
1806,Côte d'Ivoire,PMO - US,Direct Drop,EXW,Air,ARV,Pediatric,Aurobindo Pharma Limited,338.0,3845.67,33248.8,7228,4.6,208,11.38,4.6,12,0,2012-12-31,2012-12-31,0,0,On-Time
1807,Tanzania,PMO - US,Direct Drop,EXW,Air,HRDT,HIV test,"Orgenics, Ltd",362.0,7060.97,60960.0,762,80.0,74,19.51,80.0,12,0,2012-12-31,2012-12-31,0,0,On-Time
1808,Tanzania,PMO - US,Direct Drop,EXW,Air,HRDT,HIV test,"Orgenics, Ltd",980.0,18638.44,181120.0,2264,80.0,88,19.02,80.0,12,0,2012-12-31,2012-12-31,0,0,On-Time
1809,Tanzania,PMO - US,Direct Drop,EXW,Air,HRDT,HIV test,"Orgenics, Ltd",1016.0,19026.72,188160.0,2352,80.0,88,18.73,80.0,12,0,2012-12-31,2012-12-31,0,0,On-Time
1810,Tanzania,PMO - US,Direct Drop,EXW,Air,HRDT,HIV test,"Orgenics, Ltd",678.0,12950.74,125440.0,1568,80.0,88,19.1,80.0,12,0,2012-12-31,2012-12-31,0,0,On-Time
1811,Tanzania,PMO - US,Direct Drop,EXW,Air,HRDT,HIV test,"Orgenics, Ltd",1016.0,19026.72,188160.0,2352,80.0,88,18.73,80.0,12,0,2012-12-31,2012-12-31,0,0,On-Time
1812,Tanzania,PMO - US,Direct Drop,EXW,Air,HRDT,HIV test,"Orgenics, Ltd",1186.0,22067.21,219520.0,2744,80.0,88,18.61,80.0,12,0,2012-12-31,2012-12-31,0,0,On-Time
1813,Tanzania,PMO - US,Direct Drop,EXW,Air,HRDT,HIV test,"Trinity Biotech, Plc",125.0,1908.34,12256.0,383,32.0,76,15.27,32.0,1,2,2013-01-02,2013-01-02,0,0,On-Time
1814,Burundi,PMO - US,Direct Drop,EXW,Air,HRDT,HIV test,"Orgenics, Ltd",638.0,16189.94,117760.0,1472,80.0,44,25.38,80.0,1,4,2013-01-04,2013-01-04,0,0,On-Time
1815,Haiti,PMO - US,Direct Drop,EXW,Air,ARV,Pediatric,Aurobindo Pharma Limited,118.0,1442.83,11573.6,2516,4.6,60,12.23,4.6,1,4,2013-01-04,2013-01-04,0,0,On-Time
1816,Côte d'Ivoire,PMO - US,Direct Drop,EXW,Air,HRDT,HIV test,BIO-RAD LABORATORIES (FRANCE),284.0,32609.44,45500.0,500,91.0,79,114.82,91.0,1,2,2013-01-09,2013-01-09,0,0,On-Time
1817,Nigeria,PMO - US,Direct Drop,EXW,Air,HRDT,HIV test,"Orgenics, Ltd",1186.0,25193.28,244216.0,2744,89.0,85,21.24,89.0,1,2,2013-01-09,2013-01-10,1,1,Delayed
1818,Nigeria,PMO - US,Direct Drop,EXW,Air,HRDT,HIV test,"Orgenics, Ltd",1252.0,26380.35,255786.0,2874,89.0,85,21.07,89.0,1,2,2013-01-09,2013-03-20,70,1,Delayed
1819,Nigeria,PMO - US,Direct Drop,EXW,Air,HRDT,HIV test,"Orgenics, Ltd",1058.0,21683.23,209328.0,2352,89.0,85,20.49,89.0,1,2,2013-01-09,2013-01-28,19,1,Delayed
1820,Nigeria,PMO - US,Direct Drop,EXW,Air,HRDT,HIV test,"Orgenics, Ltd",1186.0,24927.19,244216.0,2744,89.0,85,21.02,89.0,1,2,2013-01-09,2013-01-09,0,0,On-Time
1821,Nigeria,PMO - US,Direct Drop,EXW,Air,HRDT,HIV test,"Orgenics, Ltd",1186.0,24927.19,244216.0,2744,89.0,85,21.02,89.0,1,2,2013-01-09,2013-01-10,1,1,Delayed
1822,Nigeria,PMO - US,Direct Drop,EXW,Air,HRDT,HIV test,"Orgenics, Ltd",1186.0,24927.19,244216.0,2744,89.0,85,21.02,89.0,1,2,2013-01-09,2013-01-08,-1,0,On-Time
1823,Nigeria,PMO - US,Direct Drop,EXW,Air,HRDT,HIV test,"Orgenics, Ltd",350.0,8363.61,70488.0,792,89.0,85,23.9,89.0,1,2,2013-01-09,2013-01-09,0,0,On-Time
1824,Nigeria,PMO - US,Direct Drop,EXW,Air,HRDT,HIV test,"Orgenics, Ltd",1247.0,26859.39,256943.0,2887,89.0,85,21.54,89.0,1,2,2013-01-09,2013-04-02,83,1,Delayed
1825,Nigeria,PMO - US,Direct Drop,EXW,Air,HRDT,HIV test,"Orgenics, Ltd",1235.0,25577.15,244216.0,2744,89.0,85,20.71,89.0,1,2,2013-01-09,2013-01-17,8,1,Delayed
1826,Nigeria,PMO - US,Direct Drop,EXW,Air,HRDT,HIV test,"Orgenics, Ltd",1235.0,25577.2,244216.0,2744,89.0,85,20.71,89.0,1,2,2013-01-09,2013-01-17,8,1,Delayed
1827,Nigeria,PMO - US,Direct Drop,EXW,Air,HRDT,HIV test,"Orgenics, Ltd",1249.0,26380.35,256320.0,2880,89.0,85,21.12,89.0,1,2,2013-01-09,2013-03-20,70,1,Delayed
1828,Nigeria,PMO - US,Direct Drop,EXW,Air,HRDT,HIV test,"Orgenics, Ltd",1186.0,24927.19,244216.0,2744,89.0,85,21.02,89.0,1,2,2013-01-09,2013-01-08,-1,0,On-Time
1829,Nigeria,PMO - US,Direct Drop,EXW,Air,HRDT,HIV test,"Orgenics, Ltd",1235.0,25577.2,244216.0,2744,89.0,85,20.71,89.0,1,2,2013-01-09,2013-01-17,8,1,Delayed
1830,Nigeria,PMO - US,Direct Drop,EXW,Air,HRDT,HIV test,"Orgenics, Ltd",1186.0,24927.19,244216.0,2744,89.0,85,21.02,89.0,1,2,2013-01-09,2013-01-09,0,0,On-Time
1831,Nigeria,PMO - US,Direct Drop,EXW,Air,HRDT,HIV test,"Orgenics, Ltd",1186.0,24927.19,244216.0,2744,89.0,85,21.02,89.0,1,2,2013-01-09,2013-01-08,-1,0,On-Time
1832,Nigeria,PMO - US,Direct Drop,EXW,Air,HRDT,HIV test,"Orgenics, Ltd",1235.0,88176.17,244216.0,2744,89.0,85,71.4,89.0,1,2,2013-01-09,2013-02-21,43,1,Delayed
1833,Nigeria,PMO - US,Direct Drop,EXW,Air,HRDT,HIV test,"Orgenics, Ltd",1271.0,26859.39,261037.0,2933,89.0,85,21.13,89.0,1,2,2013-01-09,2013-03-20,70,1,Delayed
1834,Vietnam,PMO - US,Direct Drop,EXW,Air,ARV,Pediatric,Aurobindo Pharma Limited,173.0,1079.39,251.6,136,1.85,61,6.24,1.85,1,2,2013-01-09,2013-01-09,0,0,On-Time
1835,Rwanda,PMO - US,Direct Drop,EXW,Ocean,ARV,Adult,HETERO LABS LIMITED,6589.0,17075.43,278369.9,63410,4.39,179,2.59,4.39,1,4,2013-01-11,2013-01-11,0,0,On-Time
1836,Vietnam,PMO - US,Direct Drop,FCA,Air,ARV,Adult,ABBVIE LOGISTICS (FORMERLY ABBOTT LOGISTICS BV),824.0,3216.15,231845.84,3812,60.82,154,3.9,60.82,1,1,2013-01-15,2013-01-15,0,0,On-Time
1837,Tanzania,PMO - US,Direct Drop,FCA,Air,ARV,Pediatric,ABBVIE LOGISTICS (FORMERLY ABBOTT LOGISTICS BV),116.0,1818.56,2095.76,68,30.82,126,15.68,30.82,1,2,2013-01-16,2013-01-16,0,0,On-Time
1838,Guyana,PMO - US,Direct Drop,FCA,Air,ARV,Pediatric,ABBVIE LOGISTICS (FORMERLY ABBOTT LOGISTICS BV),52.0,1097.08,1277.22,21,60.82,172,21.1,60.82,1,4,2013-01-18,2013-01-18,0,0,On-Time
1839,Uganda,PMO - US,Direct Drop,EXW,Air,ARV,Adult,MYLAN LABORATORIES LTD (FORMERLY MATRIX LABORATORIES),420.0,3900.39,37462.5,1665,22.5,88,9.29,22.5,1,0,2013-01-21,2013-01-21,0,0,On-Time
1840,Vietnam,PMO - US,Direct Drop,EXW,Air,ARV,Pediatric,Aurobindo Pharma Limited,437.0,1222.31,858.4,464,1.85,81,2.8,1.85,1,1,2013-01-29,2013-01-29,0,0,On-Time
1841,Vietnam,PMO - US,Direct Drop,EXW,Air,ARV,Adult,MYLAN LABORATORIES LTD (FORMERLY MATRIX LABORATORIES),7500.0,19116.64,560520.51,46749,11.99,168,2.55,11.99,1,1,2013-01-29,2013-01-29,0,0,On-Time
1842,Rwanda,PMO - US,Direct Drop,EXW,Air,ARV,Adult,HETERO LABS LIMITED,55.0,1276.53,2520.0,672,3.75,105,23.21,3.75,1,2,2013-01-30,2013-01-30,0,0,On-Time
1843,Vietnam,PMO - US,Direct Drop,EXW,Air,ARV,Pediatric,MICRO LABS LIMITED,126.0,798.95,3555.2,1760,2.02,168,6.34,2.02,1,2,2013-01-30,2013-01-30,0,0,On-Time
1844,Vietnam,PMO - US,Direct Drop,EXW,Air,ARV,Adult,MICRO LABS LIMITED,939.0,2040.93,41271.2,22430,1.84,128,2.17,1.84,1,2,2013-01-30,2013-01-30,0,0,On-Time
1845,Nigeria,PMO - US,Direct Drop,EXW,Air,HRDT,HIV test,"Trinity Biotech, Plc",8273.0,94267.77,784320.0,24510,32.0,108,11.39,32.0,2,4,2013-02-01,2013-02-01,0,0,On-Time
1846,Vietnam,PMO - US,Direct Drop,EXW,Air,ARV,Pediatric,MYLAN LABORATORIES LTD (FORMERLY MATRIX LABORATORIES),91.0,1143.04,4423.5,1966,2.25,171,12.56,2.25,2,4,2013-02-01,2013-02-01,0,0,On-Time
1847,Vietnam,PMO - US,Direct Drop,EXW,Air,ARV,Pediatric,MYLAN LABORATORIES LTD (FORMERLY MATRIX LABORATORIES),876.0,2183.92,7726.5,3434,2.25,172,2.49,2.25,2,5,2013-02-02,2013-02-02,0,0,On-Time
1848,Uganda,PMO - US,Direct Drop,EXW,Air,HRDT,HIV test,"Trinity Biotech, Plc",292.0,4462.61,28000.0,875,32.0,33,15.28,32.0,2,0,2013-02-04,2013-02-04,0,0,On-Time
1849,Vietnam,PMO - US,Direct Drop,EXW,Air,ARV,Pediatric,MICRO LABS LIMITED,71.0,990.04,2504.8,1240,2.02,173,13.94,2.02,2,0,2013-02-04,2013-02-04,0,0,On-Time
1850,Vietnam,PMO - US,Direct Drop,EXW,Air,ARV,Adult,MICRO LABS LIMITED,568.0,1646.5,24968.8,13570,1.84,133,2.9,1.84,2,0,2013-02-04,2013-02-04,0,0,On-Time
1851,Côte d'Ivoire,PMO - US,Direct Drop,EXW,Air,HRDT,HIV test,"Orgenics, Ltd",1043.0,20882.95,192000.0,2400,80.0,238,20.02,80.0,2,2,2013-02-06,2013-02-06,0,0,On-Time
1852,South Sudan,PMO - US,Direct Drop,EXW,Air,HRDT,HIV test,"Trinity Biotech, Plc",209.0,3088.04,19104.0,597,32.0,233,14.78,32.0,2,4,2013-02-08,2013-02-08,0,0,On-Time
1853,Uganda,PMO - US,Direct Drop,FCA,Air,ARV,Adult,ABBVIE LOGISTICS (FORMERLY ABBOTT LOGISTICS BV),85.0,1253.45,4020.95,587,6.85,106,14.75,6.85,2,4,2013-02-08,2013-02-08,0,0,On-Time
1854,Zimbabwe,PMO - US,Direct Drop,FCA,Air,ARV,Pediatric,ABBVIE LOGISTICS (FORMERLY ABBOTT LOGISTICS BV),1374.0,15509.16,46230.0,1500,30.82,206,11.29,30.82,2,5,2013-02-09,2013-02-09,0,0,On-Time
1855,Zimbabwe,PMO - US,Direct Drop,FCA,Air,ARV,Pediatric,ABBVIE LOGISTICS (FORMERLY ABBOTT LOGISTICS BV),1013.0,13257.79,31467.22,1021,30.82,206,13.09,30.82,2,5,2013-02-09,2013-03-14,33,1,Delayed
1856,Uganda,PMO - US,Direct Drop,DAP,Air,ARV,Adult,ASPEN PHARMACARE,90.0,989.0,6408.0,178,36.0,111,10.99,36.0,2,2,2013-02-13,2013-02-13,0,0,On-Time
1857,Côte d'Ivoire,PMO - US,Direct Drop,EXW,Air,HRDT,HIV test,"CHEMBIO DIAGNOSTIC SYSTEMS, INC.",621.0,7811.66,70296.0,2424,29.0,252,12.58,29.0,2,2,2013-02-20,2013-02-20,0,0,On-Time
1858,Uganda,PMO - US,Direct Drop,EXW,Air,HRDT,HIV test,"CHEMBIO DIAGNOSTIC SYSTEMS, INC.",158.0,3824.96,40240.8,1458,27.6,49,24.21,27.6,2,2,2013-02-20,2013-02-20,0,0,On-Time
1859,Dominican Republic,PMO - US,Direct Drop,EXW,Air,HRDT,HIV test,"Trinity Biotech, Plc",134.0,1083.85,13216.0,413,32.0,46,8.09,32.0,2,1,2013-02-26,2013-02-26,0,0,On-Time
1860,"Congo, DRC",PMO - US,Direct Drop,EXW,Air,HRDT,HIV test,"Orgenics, Ltd",746.0,13037.01,120400.0,1505,80.0,245,17.48,80.0,2,2,2013-02-27,2013-02-27,0,0,On-Time
1861,Côte d'Ivoire,PMO - US,Direct Drop,FCA,Air,ARV,Pediatric,ABBVIE LOGISTICS (FORMERLY ABBOTT LOGISTICS BV),326.0,3852.86,9862.4,320,30.82,34,11.82,30.82,2,2,2013-02-27,2013-02-27,0,0,On-Time
1862,Kenya,PMO - US,Direct Drop,CIP,Air,HRDT,HIV test,"Orgenics, Ltd",1479.0,91.67,661715.0,7435,89.0,114,0.06,89.0,2,3,2013-02-28,2013-02-28,0,0,On-Time
1863,Kenya,PMO - US,Direct Drop,CIP,Air,HRDT,HIV test,"Orgenics, Ltd",1476.0,91.66,89.0,1,89.0,114,0.06,89.0,2,3,2013-02-28,2013-02-28,0,0,On-Time
1864,Kenya,PMO - US,Direct Drop,CIP,Air,HRDT,HIV test,"Orgenics, Ltd",1059.0,91.67,547528.0,6152,89.0,114,0.09,89.0,2,3,2013-02-28,2013-02-28,0,0,On-Time
1865,Tanzania,PMO - US,Direct Drop,EXW,Air,HRDT,HIV test,"Trinity Biotech, Plc",2770.0,26281.49,270720.0,8460,32.0,78,9.49,32.0,2,3,2013-02-28,2013-02-28,0,0,On-Time
1866,"Congo, DRC",PMO - US,Direct Drop,EXW,Air,HRDT,HIV test,"Trinity Biotech, Plc",99.0,2162.55,9344.0,292,32.0,247,21.84,32.0,3,4,2013-03-01,2013-03-01,0,0,On-Time
1867,Uganda,PMO - US,Direct Drop,EXW,Air,ARV,Pediatric,Aurobindo Pharma Limited,12.0,917.35,439.04,196,2.24,53,76.45,2.24,3,1,2013-03-05,2013-03-05,0,0,On-Time
1868,Haiti,PMO - US,Direct Drop,EXW,Air,ARV,Adult,Aurobindo Pharma Limited,19.0,971.7,4800.0,240,20.0,34,51.14,20.0,3,0,2013-03-11,2013-03-11,0,0,On-Time
1869,Haiti,PMO - US,Direct Drop,EXW,Air,ARV,Adult,Aurobindo Pharma Limited,30.0,1119.09,7680.0,384,20.0,34,37.3,20.0,3,0,2013-03-11,2013-03-11,0,0,On-Time
1870,Angola,PMO - US,Direct Drop,EXW,Air,ARV,Pediatric,Aurobindo Pharma Limited,21.0,840.17,806.4,360,2.24,60,40.01,2.24,3,1,2013-03-12,2013-03-12,0,0,On-Time
1871,Uganda,PMO - US,Direct Drop,FCA,Air,ARV,Adult,ABBVIE LOGISTICS (FORMERLY ABBOTT LOGISTICS BV),36.0,876.99,2020.75,295,6.85,60,24.36,6.85,3,1,2013-03-12,2013-03-12,0,0,On-Time
1872,Haiti,PMO - US,Direct Drop,EXW,Air,HRDT,HIV test,"SHANGHAI KEHUA BIOENGINEERING CO.,LTD.  (KHB)",164.0,2204.84,6125.0,250,24.5,91,13.44,24.5,3,2,2013-03-13,2013-03-13,0,0,On-Time
1873,Vietnam,PMO - US,Direct Drop,EXW,Air,ARV,Pediatric,MYLAN LABORATORIES LTD (FORMERLY MATRIX LABORATORIES),1961.0,7308.37,3714.9,1769,2.1,126,3.73,2.1,3,2,2013-03-13,2013-03-13,0,0,On-Time
1874,Nigeria,PMO - US,Direct Drop,EXW,Air,ARV,Pediatric,ABBVIE LOGISTICS (FORMERLY ABBOTT LOGISTICS BV),252.0,2969.34,13192.74,2221,5.94,86,11.78,5.94,3,3,2013-03-14,2013-03-14,0,0,On-Time
1875,Uganda,PMO - US,Direct Drop,DDP,Air,ARV,Adult,ASPEN PHARMACARE,68.0,1571.76,25840.8,388,66.6,56,23.11,66.6,3,3,2013-03-14,2013-03-14,0,0,On-Time
1876,"Congo, DRC",PMO - US,Direct Drop,FCA,Air,ARV,Pediatric,ABBVIE LOGISTICS (FORMERLY ABBOTT LOGISTICS BV),13.0,707.19,356.4,60,5.94,71,54.4,5.94,3,4,2013-03-15,2013-03-15,0,0,On-Time
1877,"Congo, DRC",PMO - US,Direct Drop,FCA,Air,ARV,Pediatric,ABBVIE LOGISTICS (FORMERLY ABBOTT LOGISTICS BV),8.0,767.87,142.56,24,5.94,71,95.98,5.94,3,4,2013-03-15,2013-04-03,19,1,Delayed
1878,Rwanda,PMO - US,Direct Drop,EXW,Air,HRDT,HIV test,"Trinity Biotech, Plc",166.0,3478.5,16000.0,500,32.0,18,20.95,32.0,3,4,2013-03-15,2013-03-15,0,0,On-Time
1879,Tanzania,PMO - US,Direct Drop,FCA,Air,ARV,Pediatric,ABBVIE LOGISTICS (FORMERLY ABBOTT LOGISTICS BV),68.0,1264.16,2592.59,407,6.37,184,18.59,6.37,3,4,2013-03-15,2013-03-15,0,0,On-Time
1880,Zambia,PMO - US,Direct Drop,EXW,Air,HRDT,HIV test,"Trinity Biotech, Plc",3445.0,39662.72,336000.0,10500,32.0,51,11.51,32.0,3,4,2013-03-15,2013-03-15,0,0,On-Time
1881,Zimbabwe,PMO - US,Direct Drop,EXW,Air,HRDT,HIV test,Premier Medical Corporation Ltd.,2460.0,13380.07,180000.0,8000,22.5,79,5.44,22.5,3,4,2013-03-15,2013-03-15,0,0,On-Time
1882,Mozambique,PMO - US,Direct Drop,EXW,Air,HRDT,HIV test,"Trinity Biotech, Plc",54.0,1032.57,4832.0,151,32.0,59,19.12,32.0,3,6,2013-03-17,2013-03-17,0,0,On-Time
1883,Vietnam,PMO - US,Direct Drop,EXW,Air,ARV,Adult,MYLAN LABORATORIES LTD (FORMERLY MATRIX LABORATORIES),2741.0,4802.92,268739.61,23389,11.49,131,1.75,11.49,3,0,2013-03-18,2013-03-18,0,0,On-Time
1884,Haiti,PMO - US,Direct Drop,FCA,Air,ARV,Pediatric,ABBVIE LOGISTICS (FORMERLY ABBOTT LOGISTICS BV),128.0,1637.86,5559.84,936,5.94,43,12.8,5.94,3,2,2013-03-20,2013-03-20,0,0,On-Time
1885,Mozambique,PMO - US,Direct Drop,EXW,Air,HRDT,HIV test,"Orgenics, Ltd",829.0,8680.27,146560.0,1832,80.0,134,10.47,80.0,3,2,2013-03-20,2013-03-20,0,0,On-Time
1886,Mozambique,PMO - US,Direct Drop,EXW,Air,HRDT,HIV test,"Orgenics, Ltd",1330.0,13801.89,235120.0,2939,80.0,134,10.38,80.0,3,2,2013-03-20,2013-03-21,1,1,Delayed
1887,Mozambique,PMO - US,Direct Drop,EXW,Air,HRDT,HIV test,"Orgenics, Ltd",1329.0,13394.09,235040.0,2938,80.0,134,10.08,80.0,3,2,2013-03-20,2013-03-20,0,0,On-Time
1888,Mozambique,PMO - US,Direct Drop,EXW,Air,HRDT,HIV test,"Orgenics, Ltd",1325.0,13303.36,234240.0,2928,80.0,134,10.04,80.0,3,2,2013-03-20,2013-03-20,0,0,On-Time
1889,Mozambique,PMO - US,Direct Drop,EXW,Air,HRDT,HIV test,"Orgenics, Ltd",1298.0,13146.21,229040.0,2863,80.0,134,10.13,80.0,3,2,2013-03-20,2013-04-01,12,1,Delayed
1890,Côte d'Ivoire,PMO - US,Direct Drop,EXW,Air,ARV,Adult,MYLAN LABORATORIES LTD (FORMERLY MATRIX LABORATORIES),364.0,4171.65,31500.0,1400,22.5,160,11.46,22.5,3,3,2013-03-21,2013-03-21,0,0,On-Time
1891,South Sudan,PMO - US,Direct Drop,EXW,Air,HRDT,HIV test,"Trinity Biotech, Plc",14.0,1101.91,1408.0,44,32.0,70,78.71,32.0,3,4,2013-03-22,2013-03-22,0,0,On-Time
1892,South Sudan,PMO - US,Direct Drop,EXW,Air,HRDT,HIV test,"Trinity Biotech, Plc",107.0,2231.97,10368.0,324,32.0,64,20.86,32.0,3,2,2013-03-27,2013-03-27,0,0,On-Time
1893,Uganda,PMO - US,Direct Drop,EXW,Air,ARV,Adult,Aurobindo Pharma Limited,46.0,1458.88,8801.0,677,13.0,51,31.71,13.0,3,3,2013-03-28,2013-03-28,0,0,On-Time
1894,Dominican Republic,PMO - US,Direct Drop,EXW,Air,HRDT,HIV test,"Orgenics, Ltd",791.0,12643.47,163300.0,1775,92.0,76,15.98,92.0,4,0,2013-04-01,2013-04-01,0,0,On-Time
1895,Vietnam,PMO - US,Direct Drop,EXW,Air,ARV,Adult,HETERO LABS LIMITED,622.0,1226.11,23546.25,7245,3.25,145,1.97,3.25,4,0,2013-04-01,2013-04-01,0,0,On-Time
1896,Haiti,PMO - US,Direct Drop,CIP,Air,ARV,Adult,ETHNOR DEL ISTMO S.A.,26.0,240.0,7992.0,120,66.6,34,9.23,66.6,4,1,2013-04-02,2013-04-02,0,0,On-Time
1897,Vietnam,PMO - US,Direct Drop,EXW,Air,ARV,Adult,HETERO LABS LIMITED,2228.0,3565.08,6221.5,1082,5.75,146,1.6,5.75,4,1,2013-04-02,2013-04-02,0,0,On-Time
1898,Vietnam,PMO - US,Direct Drop,EXW,Air,ARV,Adult,HETERO LABS LIMITED,1505.0,2604.31,57703.75,17755,3.25,146,1.73,3.25,4,1,2013-04-02,2013-04-02,0,0,On-Time
1899,Burundi,PMO - US,Direct Drop,EXW,Air,HRDT,HIV test,"CHEMBIO DIAGNOSTIC SYSTEMS, INC.",55.0,758.65,14186.4,514,27.6,48,13.79,27.6,4,2,2013-04-03,2013-04-03,0,0,On-Time
1900,Vietnam,PMO - US,Direct Drop,EXW,Air,ARV,Adult,HETERO LABS LIMITED,1089.0,2006.63,2403.5,418,5.75,147,1.84,5.75,4,2,2013-04-03,2013-04-03,0,0,On-Time
1901,Vietnam,PMO - US,Direct Drop,FCA,Air,ARV,Adult,ABBVIE LOGISTICS (FORMERLY ABBOTT LOGISTICS BV),16.0,958.85,4349.62,187,23.26,147,59.93,23.26,4,2,2013-04-03,2013-04-03,0,0,On-Time
1902,Vietnam,PMO - US,Direct Drop,FCA,Air,ARV,Adult,ABBVIE LOGISTICS (FORMERLY ABBOTT LOGISTICS BV),439.0,958.85,111665.52,1836,60.82,147,2.18,60.82,4,2,2013-04-03,2013-04-03,0,0,On-Time
1903,Uganda,PMO - US,Direct Drop,FCA,Air,ARV,Pediatric,ABBVIE LOGISTICS (FORMERLY ABBOTT LOGISTICS BV),733.0,6255.87,37956.6,6390,5.94,88,8.53,5.94,4,1,2013-04-09,2013-04-09,0,0,On-Time
1904,Vietnam,PMO - US,Direct Drop,FCA,Air,ARV,Adult,ABBVIE LOGISTICS (FORMERLY ABBOTT LOGISTICS BV),55.0,17.72,8675.98,373,23.26,153,0.32,23.26,4,1,2013-04-09,2013-04-09,0,0,On-Time
1905,Vietnam,PMO - US,Direct Drop,FCA,Air,ARV,Adult,ABBVIE LOGISTICS (FORMERLY ABBOTT LOGISTICS BV),992.0,3212.25,253254.48,4164,60.82,153,3.24,60.82,4,1,2013-04-09,2013-04-09,0,0,On-Time
1906,Tanzania,PMO - US,Direct Drop,EXW,Air,HRDT,HIV test,"Orgenics, Ltd",91.0,2082.39,17440.0,218,80.0,174,22.88,80.0,4,2,2013-04-10,2013-04-10,0,0,On-Time
1907,Uganda,PMO - US,Direct Drop,EXW,Air,ARV,Pediatric,MICRO LABS LIMITED,8.0,1021.34,336.0,168,2.0,62,127.67,2.0,4,2,2013-04-10,2013-04-10,0,0,On-Time
1908,Haiti,PMO - US,Direct Drop,FCA,Air,ARV,Pediatric,LAWRENCE LABORATORIES (SUBSIDIARY OF BRISTOL MYERS SQUIBB),22.0,817.99,1233.82,98,12.59,65,37.18,12.59,4,3,2013-04-11,2013-04-11,0,0,On-Time
1909,Uganda,PMO - US,Direct Drop,CIP,Air,ARV,Adult,MERCK SHARP & DOHME IDEA GMBH (FORMALLY MERCK SHARP & DOHME B.V.),79.0,2158.88,43623.0,786,55.5,168,27.33,55.5,4,3,2013-04-11,2013-04-11,0,0,On-Time
1910,"Congo, DRC",PMO - US,Direct Drop,FCA,Air,ARV,Pediatric,ABBVIE LOGISTICS (FORMERLY ABBOTT LOGISTICS BV),113.0,2570.86,1849.2,60,30.82,103,22.75,30.82,4,1,2013-04-16,2013-04-16,0,0,On-Time
1911,"Congo, DRC",PMO - US,Direct Drop,FCA,Air,ARV,Pediatric,ABBVIE LOGISTICS (FORMERLY ABBOTT LOGISTICS BV),113.0,1421.86,1849.2,60,30.82,103,12.58,30.82,4,1,2013-04-16,2013-04-16,0,0,On-Time
1912,Guyana,PMO - US,Direct Drop,EXW,Air,ARV,Pediatric,Aurobindo Pharma Limited,33.0,882.81,791.2,172,4.6,43,26.75,4.6,4,3,2013-04-18,2013-04-18,0,0,On-Time
1913,Guyana,PMO - US,Direct Drop,EXW,Air,ARV,Pediatric,MICRO LABS LIMITED,4.0,783.21,130.0,65,2.0,43,195.8,2.0,4,3,2013-04-18,2013-04-18,0,0,On-Time
1914,Côte d'Ivoire,PMO - US,Direct Drop,EXW,Air,HRDT,HIV test,BIO-RAD LABORATORIES (FRANCE),160.0,2595.63,27300.0,300,91.0,179,16.22,91.0,4,4,2013-04-19,2013-04-19,0,0,On-Time
1915,Rwanda,PMO - US,Direct Drop,EXW,Ocean,ARV,Adult,MYLAN LABORATORIES LTD (FORMERLY MATRIX LABORATORIES),3860.0,59186.46,438862.5,37350,11.75,164,15.33,11.75,4,0,2013-04-22,2013-04-22,0,0,On-Time
1916,Uganda,PMO - US,Direct Drop,EXW,Air,ARV,Pediatric,Aurobindo Pharma Limited,53.0,1203.4,1201.25,961,1.25,76,22.71,1.25,4,0,2013-04-22,2013-04-22,0,0,On-Time
1917,Tanzania,PMO - US,Direct Drop,EXW,Air,HRDT,HIV test,"Trinity Biotech, Plc",39.0,1158.73,3424.0,107,32.0,187,29.71,32.0,4,1,2013-04-23,2013-04-23,0,0,On-Time
1918,Tanzania,PMO - US,Direct Drop,EXW,Air,ARV,Adult,MYLAN LABORATORIES LTD (FORMERLY MATRIX LABORATORIES),1710.0,8344.86,288675.0,12830,22.5,62,4.88,22.5,4,1,2013-04-23,2013-04-23,0,0,On-Time
1919,Côte d'Ivoire,PMO - US,Direct Drop,FCA,Air,ARV,Pediatric,ABBVIE LOGISTICS (FORMERLY ABBOTT LOGISTICS BV),242.0,5257.72,16026.4,520,30.82,90,21.73,30.82,4,2,2013-04-24,2013-04-24,0,0,On-Time
1920,Vietnam,PMO - US,Direct Drop,EXW,Air,ARV,Adult,HETERO LABS LIMITED,3442.0,10533.01,151443.0,42660,3.55,92,3.06,3.55,4,2,2013-04-24,2013-04-24,0,0,On-Time
1921,Angola,PMO - US,Direct Drop,FCA,Air,ARV,Pediatric,ABBVIE LOGISTICS (FORMERLY ABBOTT LOGISTICS BV),492.0,4281.43,14793.6,480,30.82,112,8.7,30.82,4,3,2013-04-25,2013-04-25,0,0,On-Time
1922,Haiti,PMO - US,Direct Drop,EXW,Air,HRDT,HIV test,"SHANGHAI KEHUA BIOENGINEERING CO.,LTD.  (KHB)",164.0,2179.49,6125.0,250,24.5,134,13.29,24.5,4,3,2013-04-25,2013-04-25,0,0,On-Time
1923,Haiti,PMO - US,Direct Drop,EXW,Air,ARV,Pediatric,Aurobindo Pharma Limited,751.0,5754.16,2951.52,2064,1.43,45,7.66,1.43,4,3,2013-04-25,2013-04-25,0,0,On-Time
1924,Vietnam,PMO - US,Direct Drop,EXW,Air,ARV,Adult,HETERO LABS LIMITED,2804.0,9759.55,122972.0,34640,3.55,93,3.48,3.55,4,3,2013-04-25,2013-04-25,0,0,On-Time
1925,Zimbabwe,PMO - US,Direct Drop,FCA,Air,ARV,Pediatric,ABBVIE LOGISTICS (FORMERLY ABBOTT LOGISTICS BV),798.0,9299.26,26073.72,846,30.82,281,11.65,30.82,4,3,2013-04-25,2013-04-25,0,0,On-Time
1926,Zimbabwe,PMO - US,Direct Drop,FCA,Air,ARV,Pediatric,ABBVIE LOGISTICS (FORMERLY ABBOTT LOGISTICS BV),1374.0,9299.26,46230.0,1500,30.82,281,6.77,30.82,4,3,2013-04-25,2013-04-25,0,0,On-Time
1927,Côte d'Ivoire,PMO - US,Direct Drop,EXW,Air,HRDT,HIV test,"Orgenics, Ltd",1284.0,23273.76,236240.0,2953,80.0,101,18.13,80.0,4,4,2013-04-26,2013-04-26,0,0,On-Time
1928,Côte d'Ivoire,PMO - US,Direct Drop,EXW,Air,HRDT,HIV test,"Orgenics, Ltd",917.0,16661.34,168320.0,2104,80.0,101,18.17,80.0,4,4,2013-04-26,2013-04-26,0,0,On-Time
1929,Côte d'Ivoire,PMO - US,Direct Drop,EXW,Air,HRDT,HIV test,"Orgenics, Ltd",1280.0,23270.25,235440.0,2943,80.0,101,18.18,80.0,4,4,2013-04-26,2013-04-26,0,0,On-Time
1930,Uganda,PMO - US,Direct Drop,EXW,Air,HRDT,HIV test,"Orgenics, Ltd",1313.0,31917.19,236560.0,2957,80.0,117,24.31,80.0,4,0,2013-04-29,2013-04-29,0,0,On-Time
1931,Uganda,PMO - US,Direct Drop,EXW,Air,HRDT,HIV test,"Orgenics, Ltd",1346.0,32471.83,242800.0,3035,80.0,117,24.12,80.0,4,0,2013-04-29,2013-04-29,0,0,On-Time
1932,Uganda,PMO - US,Direct Drop,EXW,Air,HRDT,HIV test - Ancillary,"Orgenics, Ltd",74.0,1649.91,800.0,100,8.0,108,22.3,8.0,4,0,2013-04-29,2013-04-29,0,0,On-Time
1933,"Congo, DRC",PMO - US,Direct Drop,EXW,Air,ANTM,Malaria,ACTION MEDEOR E.V.,329.0,1731.89,10026.4,415,24.16,144,5.26,24.16,4,1,2013-04-30,2013-04-30,0,0,On-Time
1934,Malawi,PMO - US,Direct Drop,EXW,Air,HRDT,HIV test,"Orgenics, Ltd",207.0,5248.93,36880.0,461,80.0,47,25.36,80.0,4,1,2013-04-30,2013-04-30,0,0,On-Time
1935,Tanzania,PMO - US,Direct Drop,EXW,Air,HRDT,HIV test,"Trinity Biotech, Plc",2753.0,25485.81,270720.0,8460,32.0,139,9.26,32.0,4,1,2013-04-30,2013-04-30,0,0,On-Time
1936,Uganda,PMO - US,Direct Drop,FCA,Air,ARV,Pediatric,ABBVIE LOGISTICS (FORMERLY ABBOTT LOGISTICS BV),335.0,3446.07,17107.2,2880,5.94,85,10.29,5.94,4,1,2013-04-30,2013-04-30,0,0,On-Time
1937,Burundi,PMO - US,Direct Drop,EXW,Air,HRDT,HIV test,"Orgenics, Ltd",676.0,14189.02,124800.0,1560,80.0,78,20.99,80.0,5,4,2013-05-03,2013-05-03,0,0,On-Time
1938,Haiti,PMO - US,Direct Drop,FCA,Air,ARV,Adult,ABBVIE LOGISTICS (FORMERLY ABBOTT LOGISTICS BV),30.0,877.61,1644.0,240,6.85,81,29.25,6.85,5,4,2013-05-03,2013-05-03,0,0,On-Time
1939,Malawi,PMO - US,Direct Drop,EXW,Air,HRDT,HIV test,"Trinity Biotech, Plc",32.0,1136.31,3008.0,94,32.0,50,35.51,32.0,5,4,2013-05-03,2013-05-03,0,0,On-Time
1940,Nigeria,PMO - US,Direct Drop,EXW,Air,HRDT,HIV test,"CHEMBIO DIAGNOSTIC SYSTEMS, INC.",972.0,10191.28,98629.0,3401,29.0,269,10.48,29.0,5,0,2013-05-06,2013-05-06,0,0,On-Time
1941,Uganda,PMO - US,Direct Drop,EXW,Air,ARV,Pediatric,MICRO LABS LIMITED,9.0,1026.15,504.0,252,2.0,90,114.02,2.0,5,2,2013-05-08,2013-05-08,0,0,On-Time
1942,South Sudan,PMO - US,Direct Drop,EXW,Air,HRDT,HIV test,"Orgenics, Ltd",226.0,5613.63,48416.0,544,89.0,107,24.84,89.0,5,3,2013-05-09,2013-05-09,0,0,On-Time
1943,Vietnam,PMO - US,Direct Drop,EXW,Air,ARV,Adult,HETERO LABS LIMITED,1726.0,11984.91,59663.37,26997,2.21,111,6.94,2.21,5,0,2013-05-13,2013-05-13,0,0,On-Time
1944,Haiti,PMO - US,Direct Drop,CIP,Air,ARV,Adult,MERCK SHARP & DOHME IDEA GMBH (FORMALLY MERCK SHARP & DOHME B.V.),11.0,260.0,6660.0,120,55.5,98,23.64,55.5,5,1,2013-05-14,2013-05-14,0,0,On-Time
1945,Vietnam,PMO - US,Direct Drop,EXW,Air,ARV,Adult,STRIDES ARCOLAB LIMITED,1741.0,3821.49,119075.64,14142,8.42,308,2.19,8.42,5,2,2013-05-15,2013-05-15,0,0,On-Time
1946,South Sudan,PMO - US,Direct Drop,EXW,Air,HRDT,HIV test,"Trinity Biotech, Plc",24.0,1170.36,1664.0,52,32.0,78,48.76,32.0,5,3,2013-05-16,2013-05-16,0,0,On-Time
1947,South Sudan,PMO - US,Direct Drop,EXW,Air,HRDT,HIV test,"Trinity Biotech, Plc",41.0,1441.21,4000.0,125,32.0,83,35.15,32.0,5,3,2013-05-16,2013-05-16,0,0,On-Time
1948,Vietnam,PMO - US,Direct Drop,EXW,Air,ARV,Adult,STRIDES ARCOLAB LIMITED,2777.0,4461.72,184044.36,21858,8.42,190,1.61,8.42,5,3,2013-05-16,2013-05-16,0,0,On-Time
1949,Rwanda,PMO - US,Direct Drop,FCA,Air,ARV,Pediatric,ABBVIE LOGISTICS (FORMERLY ABBOTT LOGISTICS BV),454.0,7152.99,12328.0,400,30.82,100,15.76,30.82,5,4,2013-05-17,2013-05-17,0,0,On-Time
1950,Swaziland,PMO - US,Direct Drop,EXW,Air,HRDT,HIV test,"Orgenics, Ltd",100.0,2274.64,19200.0,240,80.0,247,22.75,80.0,5,4,2013-05-17,2013-05-17,0,0,On-Time
1951,Vietnam,PMO - US,Direct Drop,FCA,Air,ARV,Adult,ABBVIE LOGISTICS (FORMERLY ABBOTT LOGISTICS BV),266.0,6568.7,67753.48,1114,60.82,95,24.69,60.82,5,4,2013-05-17,2013-05-17,0,0,On-Time
1952,Swaziland,PMO - US,Direct Drop,EXW,Air,HRDT,HIV test,"Trinity Biotech, Plc",58.0,642.05,4800.0,150,32.0,251,11.07,32.0,5,1,2013-05-21,2013-05-21,0,0,On-Time
1953,Vietnam,PMO - US,Direct Drop,EXW,Air,ARV,Pediatric,Aurobindo Pharma Limited,526.0,6368.02,1548.45,837,1.85,106,12.11,1.85,5,2,2013-05-22,2013-05-22,0,0,On-Time
1954,Zambia,PMO - US,Direct Drop,FCA,Air,ARV,Pediatric,ABBVIE LOGISTICS (FORMERLY ABBOTT LOGISTICS BV),1374.0,10365.13,46230.0,1500,30.82,55,7.54,30.82,5,2,2013-05-22,2013-05-22,0,0,On-Time
1955,Zambia,PMO - US,Direct Drop,FCA,Air,ARV,Pediatric,ABBVIE LOGISTICS (FORMERLY ABBOTT LOGISTICS BV),757.0,10365.14,23423.2,760,30.82,55,13.69,30.82,5,2,2013-05-22,2013-05-22,0,0,On-Time
1956,South Sudan,PMO - US,Direct Drop,EXW,Air,ARV,Pediatric,Aurobindo Pharma Limited,34.0,1191.93,781.25,625,1.25,104,35.06,1.25,5,3,2013-05-23,2013-05-23,0,0,On-Time
1957,Uganda,PMO - US,Direct Drop,EXW,Air,ARV,Adult,EMCURE PHARMACEUTICALS LTD,12.0,1025.37,2640.0,132,20.0,109,85.45,20.0,5,4,2013-05-24,2013-05-24,0,0,On-Time
1958,Vietnam,PMO - US,Direct Drop,EXW,Air,ARV,Pediatric,Aurobindo Pharma Limited,182.0,5970.85,486.55,263,1.85,108,32.81,1.85,5,4,2013-05-24,2013-05-24,0,0,On-Time
1959,Vietnam,PMO - US,Direct Drop,EXW,Air,ARV,Adult,MICRO LABS LIMITED,1588.0,11413.52,63169.0,34900,1.81,126,7.19,1.81,5,1,2013-05-28,2013-05-28,0,0,On-Time
1960,Guyana,PMO - US,Direct Drop,FCA,Air,ARV,Pediatric,ABBVIE LOGISTICS (FORMERLY ABBOTT LOGISTICS BV),52.0,1152.9,1216.4,20,60.82,84,22.17,60.82,5,4,2013-05-31,2013-05-31,0,0,On-Time
1961,Vietnam,PMO - US,Direct Drop,FCA,Air,ARV,Adult,ABBVIE LOGISTICS (FORMERLY ABBOTT LOGISTICS BV),930.0,8303.48,236285.7,3885,60.82,112,8.93,60.82,6,0,2013-06-03,2013-06-03,0,0,On-Time
1962,Côte d'Ivoire,PMO - US,Direct Drop,EXW,Air,HRDT,HIV test,"Orgenics, Ltd",1280.0,125.42,235600.0,2945,80.0,140,0.1,80.0,6,1,2013-06-04,2013-06-04,0,0,On-Time
1963,Côte d'Ivoire,PMO - US,Direct Drop,EXW,Air,HRDT,HIV test,"Orgenics, Ltd",264.0,36428.24,48080.0,601,80.0,140,137.99,80.0,6,1,2013-06-04,2013-06-04,0,0,On-Time
1964,Côte d'Ivoire,PMO - US,Direct Drop,EXW,Air,HRDT,HIV test,"Orgenics, Ltd",1284.0,125.42,236320.0,2954,80.0,140,0.1,80.0,6,1,2013-06-04,2013-06-04,0,0,On-Time
1965,Haiti,PMO - US,Direct Drop,FCA,Air,ARV,Pediatric,ABBVIE LOGISTICS (FORMERLY ABBOTT LOGISTICS BV),164.0,2419.33,3082.0,100,30.82,119,14.75,30.82,6,1,2013-06-04,2013-06-04,0,0,On-Time
1966,Vietnam,PMO - US,Direct Drop,EXW,Air,ARV,Adult,HETERO LABS LIMITED,1483.0,11346.48,50836.63,23003,2.21,134,7.65,2.21,6,2,2013-06-05,2013-06-05,0,0,On-Time
1967,Zambia,PMO - US,Direct Drop,EXW,Air,HRDT,HIV test,"Orgenics, Ltd",925.0,16740.97,178640.0,2233,80.0,133,18.1,80.0,6,2,2013-06-05,2013-06-05,0,0,On-Time
1968,Zambia,PMO - US,Direct Drop,EXW,Air,HRDT,HIV test,"Orgenics, Ltd",1222.0,22041.41,236000.0,2950,80.0,133,18.04,80.0,6,2,2013-06-05,2013-06-06,1,1,Delayed
1969,Zambia,PMO - US,Direct Drop,EXW,Air,HRDT,HIV test,"Orgenics, Ltd",1080.0,19598.71,208560.0,2607,80.0,133,18.15,80.0,6,2,2013-06-05,2013-06-05,0,0,On-Time
1970,Zambia,PMO - US,Direct Drop,EXW,Air,HRDT,HIV test,"Orgenics, Ltd",2910.0,21684.99,232800.0,2910,80.0,133,7.45,80.0,6,2,2013-06-05,2013-06-06,1,1,Delayed
1971,Tanzania,PMO - US,Direct Drop,FCA,Air,ARV,Pediatric,ABBVIE LOGISTICS (FORMERLY ABBOTT LOGISTICS BV),244.0,3269.9,7304.34,237,30.82,122,13.4,30.82,6,3,2013-06-06,2013-06-06,0,0,On-Time
1972,South Sudan,PMO - US,Direct Drop,EXW,Air,HRDT,HIV test,"Trinity Biotech, Plc",146.0,2478.87,14400.0,450,32.0,67,16.98,32.0,6,4,2013-06-07,2013-06-07,0,0,On-Time
1973,Burundi,PMO - US,Direct Drop,EXW,Air,HRDT,HIV test,"Orgenics, Ltd",638.0,12922.07,117440.0,1468,80.0,88,20.25,80.0,6,0,2013-06-10,2013-06-10,0,0,On-Time
1974,Haiti,PMO - US,Direct Drop,EXW,Air,ARV,Pediatric,Aurobindo Pharma Limited,908.0,6438.91,3098.52,2052,1.51,91,7.09,1.51,6,0,2013-06-10,2013-06-10,0,0,On-Time
1975,Haiti,PMO - US,Direct Drop,EXW,Air,ARV,Adult,HETERO LABS LIMITED,37.0,1845.9,836.64,336,2.49,125,49.89,2.49,6,0,2013-06-10,2013-06-10,0,0,On-Time
1976,Mali,PMO - US,Direct Drop,EXW,Air,HRDT,HIV test,"Orgenics, Ltd",37.0,2190.78,6480.0,81,80.0,61,59.21,80.0,6,1,2013-06-11,2013-06-11,0,0,On-Time
1977,Tanzania,PMO - US,Direct Drop,EXW,Air,HRDT,HIV test,"Trinity Biotech, Plc",1.0,1979.1,9952.0,311,32.0,61,1979.08,32.0,6,1,2013-06-11,2013-06-11,0,0,On-Time
1978,"Congo, DRC",PMO - US,Direct Drop,EXW,Air,HRDT,HIV test,"Trinity Biotech, Plc",64.0,1592.72,5920.0,185,32.0,188,24.89,32.0,6,2,2013-06-12,2013-06-12,0,0,On-Time
1979,Nigeria,PMO - US,Direct Drop,EXW,Air,HRDT,HIV test,"CHEMBIO DIAGNOSTIC SYSTEMS, INC.",1784.0,8248.33,140592.0,4848,29.0,239,4.62,29.0,6,2,2013-06-12,2013-06-12,0,0,On-Time
1980,Haiti,PMO - US,Direct Drop,EXW,Air,ARV,Pediatric,MYLAN LABORATORIES LTD (FORMERLY MATRIX LABORATORIES),236.0,2215.13,17575.25,4235,4.15,88,9.39,4.15,6,3,2013-06-13,2013-06-13,0,0,On-Time
1981,Swaziland,PMO - US,Direct Drop,EXW,Air,HRDT,HIV test,"Trinity Biotech, Plc",54.0,752.58,4800.0,150,32.0,279,13.94,32.0,6,1,2013-06-18,2013-06-18,0,0,On-Time
1982,Tanzania,PMO - US,Direct Drop,EXW,Air,ARV,Adult,MYLAN LABORATORIES LTD (FORMERLY MATRIX LABORATORIES),643.0,4142.07,107527.5,4779,22.5,123,6.44,22.5,6,1,2013-06-18,2013-06-18,0,0,On-Time
1983,Uganda,PMO - US,Direct Drop,EXW,Air,HRDT,HIV test,"Trinity Biotech, Plc",139.0,2473.96,13664.0,427,32.0,40,17.8,32.0,6,1,2013-06-18,2013-06-18,0,0,On-Time
1984,Zimbabwe,PMO - US,Direct Drop,FCA,Air,ARV,Pediatric,ABBVIE LOGISTICS (FORMERLY ABBOTT LOGISTICS BV),2172.0,31073.95,72303.72,2346,30.82,336,14.31,30.82,6,2,2013-06-19,2013-06-19,0,0,On-Time
1985,Haiti,PMO - US,Direct Drop,FCA,Air,ARV,Pediatric,ABBVIE LOGISTICS (FORMERLY ABBOTT LOGISTICS BV),76.0,1286.68,3635.28,612,5.94,135,16.93,5.94,6,3,2013-06-20,2013-06-20,0,0,On-Time
1986,Malawi,PMO - US,Direct Drop,EXW,Ocean,ARV,Adult,MYLAN LABORATORIES LTD (FORMERLY MATRIX LABORATORIES),27549.0,24875.46,2801262.0,243800,11.49,233,0.9,11.49,6,4,2013-06-21,2013-06-21,0,0,On-Time
1987,Malawi,PMO - US,Direct Drop,EXW,Ocean,ARV,Adult,MYLAN LABORATORIES LTD (FORMERLY MATRIX LABORATORIES),701.0,3548.81,71238.0,6200,11.49,233,5.06,11.49,6,4,2013-06-21,2013-06-21,0,0,On-Time
1988,Vietnam,PMO - US,Direct Drop,EXW,Air,ARV,Adult,MICRO LABS LIMITED,472.0,6969.97,25458.86,7882,3.23,136,14.77,3.23,6,4,2013-06-21,2013-06-21,0,0,On-Time
1989,Côte d'Ivoire,PMO - US,Direct Drop,EXW,Air,HRDT,HIV test,"CHEMBIO DIAGNOSTIC SYSTEMS, INC.",576.0,7168.62,58000.0,2000,29.0,160,12.45,29.0,6,0,2013-06-24,2013-06-24,0,0,On-Time
1990,Côte d'Ivoire,PMO - US,Direct Drop,EXW,Air,HRDT,HIV test,BIO-RAD LABORATORIES (FRANCE),728.0,6879.32,27300.0,300,91.0,68,9.45,91.0,6,0,2013-06-24,2013-06-24,0,0,On-Time
1991,Tanzania,PMO - US,Direct Drop,EXW,Air,HRDT,HIV test,"Orgenics, Ltd",268.0,5187.9,48800.0,610,80.0,75,19.36,80.0,6,1,2013-06-25,2013-06-25,0,0,On-Time
1992,South Sudan,PMO - US,Direct Drop,EXW,Air,HRDT,HIV test,"Trinity Biotech, Plc",40.0,1412.9,4000.0,125,32.0,127,35.32,32.0,6,5,2013-06-29,2013-06-29,0,0,On-Time
1993,Guyana,PMO - US,Direct Drop,EXW,Air,HRDT,HIV test,"Trinity Biotech, Plc",1024.0,10304.62,100480.0,3140,32.0,40,10.06,32.0,7,0,2013-07-01,2013-07-01,0,0,On-Time
1994,Guyana,PMO - US,Direct Drop,EXW,Air,ARV,Pediatric,Aurobindo Pharma Limited,16.0,693.16,542.8,118,4.6,39,43.32,4.6,7,0,2013-07-01,2013-07-01,0,0,On-Time
1995,Guyana,PMO - US,Direct Drop,EXW,Air,ARV,Adult,Aurobindo Pharma Limited,1.0,618.89,13.0,10,1.3,39,618.88,1.3,7,0,2013-07-01,2013-07-01,0,0,On-Time
1996,Vietnam,PMO - US,Direct Drop,EXW,Air,ARV,Adult,HETERO LABS LIMITED,1736.0,8163.83,62300.75,9095,6.85,145,4.7,6.85,7,0,2013-07-01,2013-07-01,0,0,On-Time
1997,Vietnam,PMO - US,Direct Drop,EXW,Air,ARV,Adult,MICRO LABS LIMITED,1782.0,9648.44,97281.14,30118,3.23,147,5.41,3.23,7,1,2013-07-02,2013-07-02,0,0,On-Time
1998,Vietnam,PMO - US,Direct Drop,EXW,Air,ARV,Adult,MICRO LABS LIMITED,2350.0,10627.8,83441.0,46100,1.81,161,4.52,1.81,7,1,2013-07-02,2013-07-02,0,0,On-Time
1999,Mali,PMO - US,Direct Drop,EXW,Air,HRDT,HIV test,"Orgenics, Ltd",9.0,779.06,1900.0,20,95.0,83,86.56,95.0,7,2,2013-07-03,2013-07-03,0,0,On-Time
2000,Uganda,PMO - US,Direct Drop,FCA,Air,ARV,Adult,ABBVIE LOGISTICS (FORMERLY ABBOTT LOGISTICS BV),55.0,1013.7,2308.45,337,6.85,175,18.43,6.85,7,4,2013-07-05,2013-07-05,0,0,On-Time
2001,Vietnam,PMO - US,Direct Drop,EXW,Air,ARV,Adult,HETERO LABS LIMITED,5092.0,7312.6,320559.45,39045,8.21,149,1.44,8.21,7,4,2013-07-05,2013-07-05,0,0,On-Time
2002,Vietnam,PMO - US,Direct Drop,EXW,Air,ARV,Adult,HETERO LABS LIMITED,3751.0,10867.28,228824.25,33405,6.85,149,2.9,6.85,7,4,2013-07-05,2013-07-05,0,0,On-Time
2003,Zimbabwe,PMO - US,Direct Drop,FCA,Air,ARV,Pediatric,LAWRENCE LABORATORIES (SUBSIDIARY OF BRISTOL MYERS SQUIBB),162.0,2365.05,4921.0,703,7.0,157,14.6,7.0,7,0,2013-07-08,2013-07-08,0,0,On-Time
2004,Haiti,PMO - US,Direct Drop,EXW,Air,HRDT,HIV test,"SHANGHAI KEHUA BIOENGINEERING CO.,LTD.  (KHB)",182.0,2581.83,7350.0,300,24.5,49,14.19,24.5,7,1,2013-07-09,2013-07-09,0,0,On-Time
2005,Ethiopia,PMO - US,Direct Drop,EXW,Air,HRDT,HIV test,"CHEMBIO DIAGNOSTIC SYSTEMS, INC.",238.0,1945.45,24128.0,832,29.0,50,8.17,29.0,7,2,2013-07-10,2013-07-10,0,0,On-Time
2006,"Congo, DRC",PMO - US,Direct Drop,EXW,Air,ARV,Pediatric,Aurobindo Pharma Limited,53.0,938.05,1230.0,984,1.25,189,17.7,1.25,7,3,2013-07-11,2013-07-11,0,0,On-Time
2007,"Congo, DRC",PMO - US,Direct Drop,EXW,Air,ARV,Pediatric,Aurobindo Pharma Limited,27.0,938.06,615.0,492,1.25,189,34.74,1.25,7,3,2013-07-11,2013-07-19,8,1,Delayed
2008,Uganda,PMO - US,Direct Drop,EXW,Air,HRDT,HIV test,"Orgenics, Ltd",1215.0,16337.03,223040.0,2788,80.0,63,13.45,80.0,7,3,2013-07-11,2013-07-11,0,0,On-Time
2009,Uganda,PMO - US,Direct Drop,EXW,Air,HRDT,HIV test,"Orgenics, Ltd",1239.0,16337.03,227600.0,2845,80.0,63,13.19,80.0,7,3,2013-07-11,2013-07-11,0,0,On-Time
2010,Uganda,PMO - US,Direct Drop,EXW,Air,HRDT,HIV test,"Orgenics, Ltd",1323.0,16337.04,243760.0,3047,80.0,63,12.35,80.0,7,3,2013-07-11,2013-07-11,0,0,On-Time
2011,Uganda,PMO - US,Direct Drop,EXW,Air,HRDT,HIV test,"Orgenics, Ltd",1317.0,47892.57,242560.0,3032,80.0,63,36.36,80.0,7,3,2013-07-11,2013-07-15,4,1,Delayed
2012,Zambia,PMO - US,Direct Drop,EXW,Air,ARV,Pediatric,CIPLA LIMITED,3533.0,20188.13,240000.0,40000,6.0,119,5.71,6.0,7,3,2013-07-11,2013-07-11,0,0,On-Time
2013,Vietnam,PMO - US,Direct Drop,EXW,Air,ARV,Adult,MYLAN LABORATORIES LTD (FORMERLY MATRIX LABORATORIES),4806.0,18700.09,490611.51,42699,11.49,150,3.89,11.49,7,5,2013-07-13,2013-07-13,0,0,On-Time
2014,Vietnam,PMO - US,Direct Drop,EXW,Air,ARV,Adult,MYLAN LABORATORIES LTD (FORMERLY MATRIX LABORATORIES),3419.0,15006.27,348595.11,30339,11.49,150,4.39,11.49,7,5,2013-07-13,2013-07-13,0,0,On-Time
2015,Vietnam,PMO - US,Direct Drop,EXW,Air,ARV,Adult,MYLAN LABORATORIES LTD (FORMERLY MATRIX LABORATORIES),332.0,6973.87,32918.85,2865,11.49,150,21.01,11.49,7,5,2013-07-13,2013-07-13,0,0,On-Time
2016,Uganda,PMO - US,Direct Drop,EXW,Air,HRDT,HIV test - Ancillary,"Orgenics, Ltd",130.0,534.86,13816.0,1727,8.0,67,4.11,8.0,7,0,2013-07-15,2013-07-15,0,0,On-Time
2017,"Congo, DRC",PMO - US,Direct Drop,EXW,Air,HRDT,HIV test - Ancillary,"Orgenics, Ltd",981.0,22892.07,17555.0,3511,5.0,223,23.34,5.0,7,2,2013-07-17,2013-07-17,0,0,On-Time
2018,Guyana,PMO - US,Direct Drop,EXW,Air,HRDT,HIV test,"CHEMBIO DIAGNOSTIC SYSTEMS, INC.",7.0,130.0,725.0,25,29.0,57,18.57,29.0,7,2,2013-07-17,2013-07-17,0,0,On-Time
2019,Haiti,PMO - US,Direct Drop,EXW,Air,HRDT,HIV test,"Orgenics, Ltd",1740.0,24069.99,400000.0,4000,100.0,57,13.83,100.0,7,2,2013-07-17,2013-07-17,0,0,On-Time
2020,Tanzania,PMO - US,Direct Drop,FCA,Air,ARV,Pediatric,ABBVIE LOGISTICS (FORMERLY ABBOTT LOGISTICS BV),84.0,1396.04,4544.1,765,5.94,71,16.62,5.94,7,3,2013-07-18,2013-07-18,0,0,On-Time
2021,South Sudan,PMO - US,Direct Drop,EXW,Air,HRDT,HIV test,"Orgenics, Ltd",115.0,2561.61,22250.0,250,89.0,144,22.27,89.0,7,5,2013-07-20,2013-07-20,0,0,On-Time
2022,Nigeria,PMO - US,Direct Drop,FCA,Air,ARV,Pediatric,ABBVIE LOGISTICS (FORMERLY ABBOTT LOGISTICS BV),619.0,5506.01,31838.4,5360,5.94,95,8.9,5.94,7,1,2013-07-23,2013-07-23,0,0,On-Time
2023,Zambia,PMO - US,Direct Drop,EXW,Air,HRDT,HIV test,"Trinity Biotech, Plc",890.0,11367.59,87360.0,2730,32.0,62,12.77,32.0,7,1,2013-07-23,2013-07-23,0,0,On-Time
2024,Haiti,PMO - US,Direct Drop,EXW,Air,ARV,Pediatric,STRIDES ARCOLAB LIMITED,176.0,3456.02,16380.0,4095,4.0,124,19.64,4.0,7,2,2013-07-24,2013-07-24,0,0,On-Time
2025,Malawi,PMO - US,Direct Drop,EXW,Ocean,ARV,Adult,MYLAN LABORATORIES LTD (FORMERLY MATRIX LABORATORIES),21463.0,36695.74,2183100.0,190000,11.49,266,1.71,11.49,7,2,2013-07-24,2013-07-24,0,0,On-Time
2026,Malawi,PMO - US,Direct Drop,EXW,Ocean,ARV,Adult,MYLAN LABORATORIES LTD (FORMERLY MATRIX LABORATORIES),6778.0,15020.21,689400.0,60000,11.49,266,2.22,11.49,7,2,2013-07-24,2013-07-24,0,0,On-Time
2027,Zambia,PMO - US,Direct Drop,EXW,Air,HRDT,HIV test,"Trinity Biotech, Plc",2262.0,27038.58,220800.0,6900,32.0,63,11.95,32.0,7,2,2013-07-24,2013-07-24,0,0,On-Time
2028,Haiti,PMO - US,Direct Drop,EXW,Ocean,ARV,Adult,HETERO LABS LIMITED,7140.0,7992.56,567945.0,54090,10.5,140,1.12,10.5,7,3,2013-07-25,2013-07-25,0,0,On-Time
2029,Haiti,PMO - US,Direct Drop,EXW,Ocean,ARV,Adult,HETERO LABS LIMITED,4278.0,7567.99,247088.16,30096,8.21,140,1.77,8.21,7,3,2013-07-25,2013-07-25,0,0,On-Time
2030,Uganda,PMO - US,Direct Drop,FCA,Air,ARV,Pediatric,ABBVIE LOGISTICS (FORMERLY ABBOTT LOGISTICS BV),304.0,2808.12,15236.1,2565,5.94,172,9.24,5.94,7,4,2013-07-26,2013-07-26,0,0,On-Time
2031,"Congo, DRC",PMO - US,Direct Drop,EXW,Air,HRDT,HIV test,"Trinity Biotech, Plc",134.0,1941.34,11584.0,362,32.0,235,14.49,32.0,7,0,2013-07-29,2013-07-29,0,0,On-Time
2032,Guyana,PMO - US,Direct Drop,EXW,Air,HRDT,HIV test,"Orgenics, Ltd",2.0,5110.28,65500.0,655,100.0,55,2555.13,100.0,7,0,2013-07-29,2013-07-29,0,0,On-Time
2033,Ethiopia,PMO - US,Direct Drop,EXW,Air,HRDT,HIV test,"SHANGHAI KEHUA BIOENGINEERING CO.,LTD.  (KHB)",2777.0,34137.03,101969.0,4162,24.5,69,12.29,24.5,7,1,2013-07-30,2013-07-30,0,0,On-Time
2034,Côte d'Ivoire,PMO - US,Direct Drop,FCA,Air,ARV,Adult,ABBVIE LOGISTICS (FORMERLY ABBOTT LOGISTICS BV),97.0,1575.13,5206.0,760,6.85,50,16.24,6.85,8,3,2013-08-01,2013-08-01,0,0,On-Time
2035,Tanzania,PMO - US,Direct Drop,FCA,Air,ARV,Pediatric,ABBVIE LOGISTICS (FORMERLY ABBOTT LOGISTICS BV),470.0,4267.13,13406.7,435,30.82,85,9.08,30.82,8,3,2013-08-01,2013-08-01,0,0,On-Time
2036,Vietnam,PMO - US,Direct Drop,EXW,Air,ARV,Adult,MYLAN LABORATORIES LTD (FORMERLY MATRIX LABORATORIES),2843.0,9740.27,311631.78,27122,11.49,169,3.43,11.49,8,3,2013-08-01,2013-08-01,0,0,On-Time
2037,Vietnam,PMO - US,Direct Drop,EXW,Air,ARV,Adult,MYLAN LABORATORIES LTD (FORMERLY MATRIX LABORATORIES),3425.0,11077.85,375412.77,32673,11.49,169,3.23,11.49,8,3,2013-08-01,2013-08-01,0,0,On-Time
2038,Vietnam,PMO - US,Direct Drop,EXW,Air,ARV,Adult,MYLAN LABORATORIES LTD (FORMERLY MATRIX LABORATORIES),5281.0,13625.75,537754.98,46802,11.49,169,2.58,11.49,8,3,2013-08-01,2013-08-01,0,0,On-Time
2039,Kenya,PMO - US,Direct Drop,EXW,Air,HRDT,HIV test,Premier Medical Corporation Ltd.,2020.0,10682.41,146674.0,6667,22.0,82,5.29,22.0,8,0,2013-08-05,2013-08-05,0,0,On-Time
2040,Zambia,PMO - US,Direct Drop,EXW,Air,HRDT,HIV test,"Orgenics, Ltd",1259.0,19517.12,243040.0,3038,80.0,75,15.5,80.0,8,0,2013-08-05,2013-08-09,4,1,Delayed
2041,Zambia,PMO - US,Direct Drop,EXW,Air,HRDT,HIV test,"Orgenics, Ltd",1204.0,19587.34,232480.0,2906,80.0,75,16.27,80.0,8,0,2013-08-05,2013-08-05,0,0,On-Time
2042,Zambia,PMO - US,Direct Drop,EXW,Air,HRDT,HIV test,"Orgenics, Ltd",1214.0,18875.83,234320.0,2929,80.0,75,15.55,80.0,8,0,2013-08-05,2013-07-31,-5,0,On-Time
2043,Zambia,PMO - US,Direct Drop,EXW,Air,HRDT,HIV test,"Orgenics, Ltd",881.0,14019.38,170160.0,2127,80.0,75,15.91,80.0,8,0,2013-08-05,2013-08-09,4,1,Delayed
2044,Haiti,PMO - US,Direct Drop,EXW,Ocean,ARV,Pediatric,Aurobindo Pharma Limited,6385.0,8768.76,20240.0,3680,5.5,149,1.37,5.5,8,2,2013-08-07,2013-08-07,0,0,On-Time
2045,Haiti,PMO - US,Direct Drop,EXW,Ocean,ARV,Adult,HETERO LABS LIMITED,5864.0,7558.01,231258.24,71376,3.24,153,1.29,3.24,8,2,2013-08-07,2013-08-07,0,0,On-Time
2046,Côte d'Ivoire,PMO - US,Direct Drop,EXW,Air,HRDT,HIV test,"Orgenics, Ltd",1394.0,20822.73,256000.0,3200,80.0,79,14.94,80.0,8,3,2013-08-08,2013-08-08,0,0,On-Time
2047,Dominican Republic,PMO - US,Direct Drop,EXW,Air,HRDT,HIV test,"Trinity Biotech, Plc",123.0,1375.8,13184.0,412,32.0,211,11.19,32.0,8,5,2013-08-10,2013-08-10,0,0,On-Time
2048,Mozambique,PMO - US,Direct Drop,EXW,Air,ARV,Adult,HETERO LABS LIMITED,3957.0,18263.45,369039.0,67098,5.5,124,4.62,5.5,8,1,2013-08-13,2013-08-13,0,0,On-Time
2049,Haiti,PMO - US,Direct Drop,EXW,Air,ARV,Adult,MICRO LABS LIMITED,2284.0,13257.25,46667.04,14448,3.23,145,5.8,3.23,8,2,2013-08-14,2013-08-14,0,0,On-Time
2050,Haiti,PMO - US,Direct Drop,EXW,Air,ARV,Pediatric,MYLAN LABORATORIES LTD (FORMERLY MATRIX LABORATORIES),157.0,2010.69,6703.2,3192,2.1,145,12.81,2.1,8,2,2013-08-14,2013-08-14,0,0,On-Time
2051,South Sudan,PMO - US,Direct Drop,EXW,Air,HRDT,HIV test,"Orgenics, Ltd",39.0,1434.98,8010.0,90,89.0,137,36.79,89.0,8,4,2013-08-16,2013-08-16,0,0,On-Time
2052,South Sudan,PMO - US,Direct Drop,EXW,Air,HRDT,HIV test - Ancillary,"Orgenics, Ltd",97.0,2590.24,1712.0,214,8.0,170,26.7,8.0,8,4,2013-08-16,2013-08-16,0,0,On-Time
2053,Uganda,PMO - US,Direct Drop,EXW,Air,ARV,Adult,MYLAN LABORATORIES LTD (FORMERLY MATRIX LABORATORIES),8402.0,28304.85,491491.8,60678,8.1,63,3.37,8.1,8,4,2013-08-16,2013-08-16,0,0,On-Time
2054,Uganda,PMO - US,Direct Drop,EXW,Air,ARV,Pediatric,MICRO LABS LIMITED,9.0,1678.53,509.04,252,2.02,73,186.5,2.02,8,0,2013-08-19,2013-08-19,0,0,On-Time
2055,Haiti,PMO - US,Direct Drop,EXW,Air,ARV,Adult,HETERO LABS LIMITED,30.0,1180.73,956.16,384,2.49,196,39.36,2.49,8,1,2013-08-20,2013-08-20,0,0,On-Time
2056,Zambia,PMO - US,Direct Drop,EXW,Air,HRDT,HIV test,"Orgenics, Ltd",1184.0,17657.02,218400.0,2730,80.0,93,14.91,80.0,8,4,2013-08-23,2013-08-23,0,0,On-Time
2057,Kenya,PMO - US,Direct Drop,EXW,Air,HRDT,HIV test,"SHANGHAI KEHUA BIOENGINEERING CO.,LTD.  (KHB)",18580.0,241407.27,600000.0,20000,30.0,75,12.99,30.0,8,5,2013-08-24,2013-08-24,0,0,On-Time
2058,Tanzania,PMO - US,Direct Drop,EXW,Air,ARV,Adult,Aurobindo Pharma Limited,4059.0,17997.84,260816.3,32002,8.15,74,4.43,8.15,8,5,2013-08-24,2013-08-24,0,0,On-Time
2059,Tanzania,PMO - US,Direct Drop,EXW,Air,ARV,Adult,Aurobindo Pharma Limited,4611.0,20618.55,297075.65,36451,8.15,74,4.47,8.15,8,5,2013-08-24,2013-08-24,0,0,On-Time
2060,Cameroon,PMO - US,Direct Drop,EXW,Air,HRDT,HIV test,"Orgenics, Ltd",2268.0,37942.89,400000.0,5000,80.0,36,16.73,80.0,8,1,2013-08-27,2013-08-27,0,0,On-Time
2061,Nigeria,PMO - US,Direct Drop,EXW,Air,HRDT,HIV test,"CHEMBIO DIAGNOSTIC SYSTEMS, INC.",60.0,624.92,6464.0,202,32.0,48,10.42,32.0,8,1,2013-08-27,2013-08-27,0,0,On-Time
2062,Zambia,PMO - US,Direct Drop,EXW,Air,ARV,Adult,Aurobindo Pharma Limited,7133.0,40583.63,469758.0,79620,5.9,106,5.69,5.9,8,1,2013-08-27,2013-08-27,0,0,On-Time
2063,Cameroon,PMO - US,Direct Drop,EXW,Air,ARV,Adult,CIPLA LIMITED,5753.0,49502.92,343861.2,42452,8.1,61,8.6,8.1,8,2,2013-08-28,2013-08-28,0,0,On-Time
2064,Cameroon,PMO - US,Direct Drop,EXW,Air,ARV,Adult,HETERO LABS LIMITED,1632.0,15773.2,62191.8,19195,3.24,58,9.66,3.24,8,2,2013-08-28,2013-08-28,0,0,On-Time
2065,Uganda,PMO - US,Direct Drop,EXW,Air,ARV,Adult,MYLAN LABORATORIES LTD (FORMERLY MATRIX LABORATORIES),6918.0,22886.81,405000.0,50000,8.1,29,3.31,8.1,8,3,2013-08-29,2013-08-29,0,0,On-Time
2066,Haiti,PMO - US,Direct Drop,EXW,Air,ARV,Adult,MYLAN LABORATORIES LTD (FORMERLY MATRIX LABORATORIES),670.0,4909.72,100000.0,5000,20.0,39,7.33,20.0,8,4,2013-08-30,2013-08-30,0,0,On-Time
2067,Haiti,PMO - US,Direct Drop,EXW,Air,ARV,Adult,MYLAN LABORATORIES LTD (FORMERLY MATRIX LABORATORIES),647.0,4444.33,96320.0,4816,20.0,39,6.87,20.0,8,4,2013-08-30,2013-08-30,0,0,On-Time
2068,Haiti,PMO - US,Direct Drop,EXW,Ocean,ARV,Pediatric,Aurobindo Pharma Limited,3504.0,7117.39,3847.2,1832,2.1,164,2.03,2.1,9,0,2013-09-02,2013-09-02,0,0,On-Time
2069,Haiti,PMO - US,Direct Drop,EXW,Ocean,ARV,Adult,HETERO LABS LIMITED,8351.0,6806.86,88482.24,19152,4.62,160,0.82,4.62,9,0,2013-09-02,2013-09-02,0,0,On-Time
2070,Côte d'Ivoire,PMO - US,Direct Drop,EXW,Air,HRDT,HIV test,"CHEMBIO DIAGNOSTIC SYSTEMS, INC.",1252.0,10821.66,98600.0,3400,29.0,105,8.64,29.0,9,1,2013-09-03,2013-09-03,0,0,On-Time
2071,Haiti,PMO - US,Direct Drop,FCA,Air,ARV,Pediatric,BRISTOL-MYERS SQUIBB,226.0,1962.1,7280.0,1040,7.0,204,8.68,7.0,9,1,2013-09-03,2013-09-03,0,0,On-Time
2072,Vietnam,PMO - US,Direct Drop,EXW,Air,ARV,Adult,Aurobindo Pharma Limited,1846.0,3314.03,101777.2,12488,8.15,109,1.8,8.15,9,1,2013-09-03,2013-09-03,0,0,On-Time
2073,Tanzania,PMO - US,Direct Drop,EXW,Air,ARV,Adult,MYLAN LABORATORIES LTD (FORMERLY MATRIX LABORATORIES),775.0,4136.58,116437.5,5175,22.5,114,5.34,22.5,9,3,2013-09-05,2013-09-05,0,0,On-Time
2074,Pakistan,PMO - US,Direct Drop,EXW,Air,HRDT,HIV test,INVERNESS MEDICAL INNOVATIONS HONG KONG LTD,1948.0,21689.39,358720.0,4484,80.0,427,11.13,80.0,9,0,2013-09-09,2013-09-09,0,0,On-Time
2075,Haiti,PMO - US,Direct Drop,FCA,Air,ARV,Pediatric,ABBVIE LOGISTICS (FORMERLY ABBOTT LOGISTICS BV),76.0,1259.05,3635.28,612,5.94,218,16.57,5.94,9,2,2013-09-11,2013-09-11,0,0,On-Time
2076,Zambia,PMO - US,Direct Drop,EXW,Air,HRDT,HIV test,"Orgenics, Ltd",2606.0,38354.26,480000.0,6000,80.0,112,14.72,80.0,9,2,2013-09-11,2013-09-11,0,0,On-Time
2077,South Sudan,PMO - US,Direct Drop,EXW,Air,HRDT,HIV test,"Trinity Biotech, Plc",165.0,2329.14,14400.0,450,32.0,164,14.12,32.0,9,3,2013-09-12,2013-09-12,0,0,On-Time
2078,South Sudan,PMO - US,Direct Drop,EXW,Air,HRDT,HIV test,"Orgenics, Ltd",39.0,1405.56,8010.0,90,89.0,165,36.04,89.0,9,4,2013-09-13,2013-09-13,0,0,On-Time
2079,Uganda,PMO - US,Direct Drop,EXW,Air,ARV,Adult,HETERO LABS LIMITED,2773.0,8723.46,83914.15,45359,1.85,52,3.15,1.85,9,5,2013-09-14,2013-09-14,0,0,On-Time
2080,Uganda,PMO - US,Direct Drop,EXW,Air,ARV,Adult,STRIDES ARCOLAB LIMITED,6953.0,30711.92,355200.12,111348,3.19,46,4.42,3.19,9,5,2013-09-14,2013-09-14,0,0,On-Time
2081,Tanzania,PMO - US,Direct Drop,EXW,Air,HRDT,HIV test,"Standard Diagnostics, Inc.",1036.0,17579.56,200000.0,2500,80.0,110,16.97,80.0,9,0,2013-09-16,2013-09-16,0,0,On-Time
2082,Vietnam,PMO - US,Direct Drop,FCA,Air,ARV,Adult,ABBVIE LOGISTICS (FORMERLY ABBOTT LOGISTICS BV),43.0,421.24,9978.54,429,23.26,28,9.8,23.26,9,0,2013-09-16,2013-09-16,0,0,On-Time
2083,Vietnam,PMO - US,Direct Drop,FCA,Air,ARV,Adult,ABBVIE LOGISTICS (FORMERLY ABBOTT LOGISTICS BV),15.0,493.42,1651.46,71,23.26,28,32.89,23.26,9,0,2013-09-16,2013-09-16,0,0,On-Time
2084,Tanzania,PMO - US,Direct Drop,EXW,Air,HRDT,HIV test,"Standard Diagnostics, Inc.",1208.0,20583.37,0.0,2915,0.0,111,17.04,0.0,9,1,2013-09-17,2013-09-17,0,0,On-Time
2085,Tanzania,PMO - US,Direct Drop,EXW,Air,HRDT,HIV test,"Standard Diagnostics, Inc.",1265.0,21384.75,0.0,3053,0.0,111,16.9,0.0,9,1,2013-09-17,2013-09-13,-4,0,On-Time
2086,Tanzania,PMO - US,Direct Drop,EXW,Air,HRDT,HIV test,"Standard Diagnostics, Inc.",1257.0,21351.18,0.0,3039,0.0,111,16.99,0.0,9,1,2013-09-17,2013-09-16,-1,0,On-Time
2087,Tanzania,PMO - US,Direct Drop,EXW,Air,HRDT,HIV test,"Standard Diagnostics, Inc.",1255.0,21384.75,0.0,3029,0.0,111,17.04,0.0,9,1,2013-09-17,2013-09-15,-2,0,On-Time
2088,Tanzania,PMO - US,Direct Drop,EXW,Air,HRDT,HIV test,"Standard Diagnostics, Inc.",965.0,16382.89,0.0,2330,0.0,111,16.98,0.0,9,1,2013-09-17,2013-09-16,-1,0,On-Time
2089,Tanzania,PMO - US,Direct Drop,EXW,Air,HRDT,HIV test,"Standard Diagnostics, Inc.",1249.0,20906.77,0.0,3015,0.0,111,16.74,0.0,9,1,2013-09-17,2013-09-16,-1,0,On-Time
2090,Nigeria,PMO - US,Direct Drop,EXW,Air,HRDT,HIV test,"Orgenics, Ltd",1221.0,12793.7,269047.0,3023,89.0,70,10.48,89.0,9,2,2013-09-18,2013-09-24,6,1,Delayed
2091,Nigeria,PMO - US,Direct Drop,EXW,Air,HRDT,HIV test,"Orgenics, Ltd",1241.0,13325.59,271895.0,3055,89.0,70,10.74,89.0,9,2,2013-09-18,2013-09-18,0,0,On-Time
2092,Nigeria,PMO - US,Direct Drop,EXW,Air,HRDT,HIV test,"Orgenics, Ltd",1248.0,13383.47,273408.0,3072,89.0,70,10.72,89.0,9,2,2013-09-18,2013-09-24,6,1,Delayed
2093,Nigeria,PMO - US,Direct Drop,EXW,Air,HRDT,HIV test,"Orgenics, Ltd",1235.0,13383.47,270560.0,3040,89.0,70,10.84,89.0,9,2,2013-09-18,2013-09-19,1,1,Delayed
2094,Nigeria,PMO - US,Direct Drop,EXW,Air,HRDT,HIV test,"Orgenics, Ltd",1228.0,13325.65,272963.0,3067,89.0,70,10.85,89.0,9,2,2013-09-18,2013-09-18,0,0,On-Time
2095,Nigeria,PMO - US,Direct Drop,EXW,Air,HRDT,HIV test,"Orgenics, Ltd",1248.0,13325.5,271984.0,3056,89.0,70,10.68,89.0,9,2,2013-09-18,2013-09-24,6,1,Delayed
2096,Nigeria,PMO - US,Direct Drop,EXW,Air,HRDT,HIV test,"Orgenics, Ltd",1245.0,13383.47,272696.0,3064,89.0,70,10.75,89.0,9,2,2013-09-18,2013-09-19,1,1,Delayed
2097,Zambia,PMO - US,Direct Drop,EXW,Air,HRDT,HIV test,"Trinity Biotech, Plc",880.0,7616.19,96000.0,3000,32.0,43,8.65,32.0,9,2,2013-09-18,2013-09-18,0,0,On-Time
2098,Burundi,PMO - US,Direct Drop,EXW,Air,HRDT,HIV test,"CHEMBIO DIAGNOSTIC SYSTEMS, INC.",145.0,1682.15,34472.4,1249,27.6,51,11.6,27.6,9,4,2013-09-20,2013-09-20,0,0,On-Time
2099,"Congo, DRC",PMO - US,Direct Drop,EXW,Air,HRDT,HIV test,"Orgenics, Ltd",1361.0,24410.67,233360.0,2917,80.0,135,17.94,80.0,9,4,2013-09-20,2013-09-20,0,0,On-Time
2100,Rwanda,PMO - US,Direct Drop,EXW,Air,HRDT,HIV test,"SHANGHAI KEHUA BIOENGINEERING CO.,LTD.  (KHB)",18667.0,289653.2,686000.0,28000,24.5,42,15.52,24.5,9,4,2013-09-20,2013-09-20,0,0,On-Time
2101,South Sudan,PMO - US,Direct Drop,EXW,Air,HRDT,HIV test - Ancillary,"Orgenics, Ltd",115.0,2660.05,575.0,115,5.0,206,23.13,5.0,9,4,2013-09-20,2013-09-20,0,0,On-Time
2102,Tanzania,PMO - US,Direct Drop,EXW,Air,HRDT,HIV test,"Standard Diagnostics, Inc.",1642.0,25778.9,0.0,3781,0.0,121,15.7,0.0,9,4,2013-09-20,2013-09-20,0,0,On-Time
2103,Uganda,PMO - US,Direct Drop,FCA,Air,ARV,Adult,ABBVIE LOGISTICS (FORMERLY ABBOTT LOGISTICS BV),32.0,852.02,1438.5,210,6.85,102,26.63,6.85,9,0,2013-09-23,2013-09-23,0,0,On-Time
2104,Côte d'Ivoire,PMO - US,Direct Drop,FCA,Air,ARV,Pediatric,ABBVIE LOGISTICS (FORMERLY ABBOTT LOGISTICS BV),336.0,5755.58,10478.8,340,30.82,104,17.13,30.82,9,1,2013-09-24,2013-09-24,0,0,On-Time
2105,Tanzania,PMO - US,Direct Drop,EXW,Air,ARV,Adult,Aurobindo Pharma Limited,4609.0,17581.92,296143.38,36426,8.13,70,3.81,8.13,9,1,2013-09-24,2013-09-24,0,0,On-Time
2106,Tanzania,PMO - US,Direct Drop,EXW,Air,ARV,Adult,Aurobindo Pharma Limited,4190.0,16066.92,268468.86,33022,8.13,70,3.83,8.13,9,1,2013-09-24,2013-09-24,0,0,On-Time
2107,Tanzania,PMO - US,Direct Drop,EXW,Air,ARV,Adult,Aurobindo Pharma Limited,4699.0,17907.7,300907.56,37012,8.13,70,3.81,8.13,9,1,2013-09-24,2013-09-24,0,0,On-Time
2108,Tanzania,PMO - US,Direct Drop,EXW,Air,ARV,Adult,Aurobindo Pharma Limited,917.0,4676.61,58983.15,7255,8.13,70,5.1,8.13,9,1,2013-09-24,2013-09-27,3,1,Delayed
2109,Vietnam,PMO - US,Direct Drop,EXW,Air,ARV,Adult,HETERO LABS LIMITED,2321.0,3353.3,88082.64,27186,3.24,126,1.44,3.24,9,1,2013-09-24,2013-09-24,0,0,On-Time
2110,Vietnam,PMO - US,Direct Drop,EXW,Air,ARV,Adult,HETERO LABS LIMITED,1228.0,1849.17,46571.76,14374,3.24,126,1.51,3.24,9,1,2013-09-24,2013-09-24,0,0,On-Time
2111,Vietnam,PMO - US,Direct Drop,EXW,Air,ARV,Adult,HETERO LABS LIMITED,136.0,678.96,9444.75,771,12.25,133,4.99,12.25,9,2,2013-09-25,2013-09-25,0,0,On-Time
2112,Cameroon,PMO - US,Direct Drop,EXW,Air,ARV,Adult,CIPLA LIMITED,23.0,1067.02,388.81,59,6.59,34,46.39,6.59,9,3,2013-09-26,2013-09-26,0,0,On-Time
2113,Cameroon,PMO - US,Direct Drop,EXW,Air,ARV,Adult,CIPLA LIMITED,4549.0,36166.79,311496.12,47268,6.59,34,7.95,6.59,9,3,2013-09-26,2013-09-26,0,0,On-Time
2114,Cameroon,PMO - US,Direct Drop,EXW,Air,ARV,Adult,MYLAN LABORATORIES LTD (FORMERLY MATRIX LABORATORIES),294.0,4339.64,32500.0,5000,6.5,34,14.76,6.5,9,3,2013-09-26,2013-09-26,0,0,On-Time
2115,Cameroon,PMO - US,Direct Drop,EXW,Air,ARV,Adult,MYLAN LABORATORIES LTD (FORMERLY MATRIX LABORATORIES),5016.0,43408.7,495138.05,44407,11.15,90,8.65,11.15,9,3,2013-09-26,2013-09-26,0,0,On-Time
2116,Cameroon,PMO - US,Direct Drop,EXW,Air,ARV,Adult,CIPLA LIMITED,803.0,7032.5,51757.86,7854,6.59,34,8.76,6.59,9,3,2013-09-26,2013-09-26,0,0,On-Time
2117,Vietnam,PMO - US,Direct Drop,EXW,Air,ARV,Adult,HETERO LABS LIMITED,117.0,658.27,2857.75,497,5.75,136,5.63,5.75,9,5,2013-09-28,2013-09-28,0,0,On-Time
2118,"Congo, DRC",PMO - US,Direct Drop,EXW,Air,ANTM,Malaria,IMRES B.V.,578.0,3089.83,16164.0,720,22.45,136,5.35,22.45,9,0,2013-09-30,2013-09-30,0,0,On-Time
2119,Mozambique,PMO - US,Direct Drop,FCA,Air,ARV,Adult,ABBVIE LOGISTICS (FORMERLY ABBOTT LOGISTICS BV),23.0,851.62,1150.8,168,6.85,158,37.03,6.85,9,0,2013-09-30,2013-09-30,0,0,On-Time
2120,Uganda,PMO - US,Direct Drop,EXW,Air,HRDT,HIV test,BIO-RAD LABORATORIES (FRANCE),8.0,855.41,1363.65,15,90.91,49,106.93,90.91,9,0,2013-09-30,2013-09-30,0,0,On-Time
2121,Malawi,PMO - US,Direct Drop,EXW,Air,HRDT,HIV test,"Trinity Biotech, Plc",17.0,703.25,1024.0,32,32.0,202,41.37,32.0,10,2,2013-10-02,2013-10-02,0,0,On-Time
2122,Malawi,PMO - US,Direct Drop,EXW,Air,HRDT,HIV test,"Orgenics, Ltd",60.0,1619.3,12320.0,154,80.0,202,26.99,80.0,10,2,2013-10-02,2013-10-02,0,0,On-Time
2123,Uganda,PMO - US,Direct Drop,EXW,Air,ARV,Adult,CIPLA LIMITED,15435.0,56180.34,931467.6,114996,8.1,64,3.64,8.1,10,3,2013-10-03,2013-10-03,0,0,On-Time
2124,Uganda,PMO - US,Direct Drop,EXW,Air,ARV,Adult,CIPLA LIMITED,8722.0,32208.32,641734.2,97380,6.59,64,3.69,6.59,10,3,2013-10-03,2013-10-03,0,0,On-Time
2125,Vietnam,PMO - US,Direct Drop,FCA,Air,ARV,Adult,ABBVIE LOGISTICS (FORMERLY ABBOTT LOGISTICS BV),826.0,3315.82,208855.88,3434,60.82,45,4.01,60.82,10,3,2013-10-03,2013-10-03,0,0,On-Time
2126,Dominican Republic,PMO - US,Direct Drop,EXW,Air,ARV,Adult,EMCURE PHARMACEUTICALS LTD,170.0,1965.62,38040.0,1902,20.0,53,11.56,20.0,10,4,2013-10-04,2013-10-04,0,0,On-Time
2127,Tanzania,PMO - US,Direct Drop,EXW,Air,ARV,Adult,CIPLA LIMITED,21674.0,90677.04,1215000.0,150000,8.1,80,4.18,8.1,10,4,2013-10-04,2013-10-04,0,0,On-Time
2128,Tanzania,PMO - US,Direct Drop,EXW,Air,ARV,Adult,MYLAN LABORATORIES LTD (FORMERLY MATRIX LABORATORIES),28678.0,118541.26,2653081.2,216755,12.24,80,4.13,12.24,10,4,2013-10-04,2013-10-04,0,0,On-Time
2129,Uganda,PMO - US,Direct Drop,EXW,Air,HRDT,HIV test,"CHEMBIO DIAGNOSTIC SYSTEMS, INC.",318.0,4604.83,78660.0,2850,27.6,129,14.48,27.6,10,4,2013-10-04,2013-10-04,0,0,On-Time
2130,Côte d'Ivoire,PMO - US,Direct Drop,EXW,Air,ARV,Pediatric,Aurobindo Pharma Limited,76.0,1921.02,3015.0,670,4.5,35,25.28,4.5,10,0,2013-10-07,2013-10-07,0,0,On-Time
2131,Côte d'Ivoire,PMO - US,Direct Drop,EXW,Air,HRDT,HIV test,"Standard Diagnostics, Inc.",1267.0,12711.93,77900.0,3800,20.5,53,10.03,20.5,10,0,2013-10-07,2013-10-07,0,0,On-Time
2132,Vietnam,PMO - US,Direct Drop,FCA,Air,ARV,Adult,ABBVIE LOGISTICS (FORMERLY ABBOTT LOGISTICS BV),2042.0,6969.82,520984.12,8566,60.82,41,3.41,60.82,10,0,2013-10-07,2013-10-07,0,0,On-Time
2133,Mozambique,PMO - US,Direct Drop,FCA,Air,ARV,Adult,ABBVIE LOGISTICS (FORMERLY ABBOTT LOGISTICS BV),87.0,1053.88,4219.6,616,6.85,160,12.11,6.85,10,1,2013-10-08,2013-10-08,0,0,On-Time
2134,Mozambique,PMO - US,Direct Drop,EXW,Air,ARV,Adult,STRIDES ARCOLAB LIMITED,1139.0,4683.02,52633.0,18025,2.92,181,4.11,2.92,10,2,2013-10-09,2013-10-09,0,0,On-Time
2135,Mozambique,PMO - US,Direct Drop,EXW,Air,ARV,Adult,STRIDES ARCOLAB LIMITED,834.0,3574.24,38450.56,13168,2.92,181,4.29,2.92,10,2,2013-10-09,2013-10-09,0,0,On-Time
2136,Cameroon,PMO - US,Direct Drop,EXW,Air,HRDT,HIV test,HUMAN GMBH,46.0,1003.18,3347.4,30,111.58,36,21.81,111.58,10,3,2013-10-10,2013-10-10,0,0,On-Time
2137,Vietnam,PMO - US,Direct Drop,EXW,Air,ARV,Adult,MYLAN LABORATORIES LTD (FORMERLY MATRIX LABORATORIES),1295.0,2021.05,132135.0,11500,11.49,154,1.56,11.49,10,4,2013-10-11,2013-10-09,-2,0,On-Time
2138,Vietnam,PMO - US,Direct Drop,EXW,Air,ARV,Adult,MYLAN LABORATORIES LTD (FORMERLY MATRIX LABORATORIES),1640.0,2503.07,166605.0,14500,11.49,154,1.53,11.49,10,4,2013-10-11,2013-10-11,0,0,On-Time
2139,Malawi,PMO - US,Direct Drop,EXW,Air,HRDT,HIV test,"Trinity Biotech, Plc",5.0,572.55,480.0,15,32.0,41,114.51,32.0,10,1,2013-10-15,2013-10-15,0,0,On-Time
2140,Cameroon,PMO - US,Direct Drop,EXW,Air,HRDT,HIV test,Orasure Technologies Inc.,75.0,1406.75,10500.0,30,350.0,42,18.76,350.0,10,2,2013-10-16,2013-10-16,0,0,On-Time
2141,Côte d'Ivoire,PMO - US,Direct Drop,FCA,Air,ARV,Adult,ABBVIE LOGISTICS (FORMERLY ABBOTT LOGISTICS BV),102.0,1743.84,5343.0,780,6.85,127,17.1,6.85,10,3,2013-10-17,2013-10-17,0,0,On-Time
2142,Zambia,PMO - US,Direct Drop,EXW,Air,ARV,Adult,Aurobindo Pharma Limited,1184.0,5904.94,69684.9,11811,5.9,99,4.99,5.9,10,3,2013-10-17,2013-10-17,0,0,On-Time
2143,Cameroon,PMO - US,Direct Drop,EXW,Air,ARV,Adult,Aurobindo Pharma Limited,3642.0,31434.31,77838.75,34595,2.25,56,8.63,2.25,10,4,2013-10-18,2013-10-26,8,1,Delayed
2144,Cameroon,PMO - US,Direct Drop,EXW,Air,ARV,Adult,Aurobindo Pharma Limited,4892.0,41173.77,313126.95,38515,8.13,56,8.42,8.13,10,4,2013-10-18,2013-11-09,22,1,Delayed
2145,Cameroon,PMO - US,Direct Drop,EXW,Air,ARV,Adult,Aurobindo Pharma Limited,2993.0,28620.2,91332.6,16820,5.43,56,9.56,5.43,10,4,2013-10-18,2013-10-18,0,0,On-Time
2146,Cameroon,PMO - US,Direct Drop,EXW,Air,ARV,Adult,Aurobindo Pharma Limited,4117.0,35943.58,87696.0,38976,2.25,56,8.73,2.25,10,4,2013-10-18,2013-10-18,0,0,On-Time
2147,Cameroon,PMO - US,Direct Drop,EXW,Air,ARV,Adult,Aurobindo Pharma Limited,4926.0,40227.6,314687.91,38707,8.13,56,8.17,8.13,10,4,2013-10-18,2013-10-18,0,0,On-Time
2148,Cameroon,PMO - US,Direct Drop,EXW,Air,ARV,Adult,Aurobindo Pharma Limited,4093.0,34441.93,261704.7,32190,8.13,56,8.41,8.13,10,4,2013-10-18,2013-10-18,0,0,On-Time
2149,Cameroon,PMO - US,Direct Drop,EXW,Air,ARV,Adult,Aurobindo Pharma Limited,4426.0,37479.21,283818.3,34910,8.13,56,8.47,8.13,10,4,2013-10-18,2013-10-11,-7,0,On-Time
2150,South Sudan,PMO - US,Direct Drop,EXW,Air,HRDT,HIV test,"Trinity Biotech, Plc",176.0,4124.74,1120.0,35,32.0,73,23.44,32.0,10,4,2013-10-18,2013-10-18,0,0,On-Time
2151,Cameroon,PMO - US,Direct Drop,EXW,Air,HRDT,HIV test,Orasure Technologies Inc.,5006.0,88560.19,700000.0,2000,350.0,77,17.69,350.0,10,1,2013-10-22,2013-10-22,0,0,On-Time
2152,Tanzania,PMO - US,Direct Drop,EXW,Ocean,ARV,Adult,MYLAN LABORATORIES LTD (FORMERLY MATRIX LABORATORIES),21675.0,20312.64,2047473.21,163929,12.49,57,0.94,12.49,10,2,2013-10-23,2013-10-23,0,0,On-Time
2153,Tanzania,PMO - US,Direct Drop,EXW,Ocean,ARV,Adult,MYLAN LABORATORIES LTD (FORMERLY MATRIX LABORATORIES),8182.0,7814.59,821379.87,65763,12.49,57,0.96,12.49,10,2,2013-10-23,2013-10-23,0,0,On-Time
2154,Vietnam,PMO - US,Direct Drop,EXW,Air,ARV,Adult,MYLAN LABORATORIES LTD (FORMERLY MATRIX LABORATORIES),9479.0,14402.92,965160.0,84000,11.49,166,1.52,11.49,10,2,2013-10-23,2013-10-23,0,0,On-Time
2155,Nigeria,PMO - US,Direct Drop,EXW,Air,HRDT,HIV test,"Trinity Biotech, Plc",290.0,15450.88,203360.0,6355,32.0,106,53.28,32.0,10,3,2013-10-24,2013-10-24,0,0,On-Time
2156,Zimbabwe,PMO - US,Direct Drop,FCA,Air,ARV,Pediatric,LAWRENCE LABORATORIES (SUBSIDIARY OF BRISTOL MYERS SQUIBB),169.0,2387.62,5229.0,747,7.0,182,14.13,7.0,10,3,2013-10-24,2013-10-24,0,0,On-Time
2157,Uganda,PMO - US,Direct Drop,EXW,Air,ARV,Pediatric,MYLAN LABORATORIES LTD (FORMERLY MATRIX LABORATORIES),3262.0,12034.96,92079.0,61386,1.5,136,3.69,1.5,10,0,2013-10-28,2013-10-28,0,0,On-Time
2158,Dominican Republic,PMO - US,Direct Drop,EXW,Air,HRDT,HIV test,"Orgenics, Ltd",721.0,9165.29,163300.0,1775,92.0,287,12.71,92.0,10,1,2013-10-29,2013-10-29,0,0,On-Time
2159,Dominican Republic,PMO - US,Direct Drop,EXW,Air,HRDT,HIV test - Ancillary,"Standard Diagnostics, Inc.",46.0,1428.23,0.0,112,0.0,83,31.05,0.0,10,1,2013-10-29,2013-10-29,0,0,On-Time
2160,Guyana,PMO - US,Direct Drop,FCA,Air,ARV,Pediatric,ABBVIE LOGISTICS (FORMERLY ABBOTT LOGISTICS BV),48.0,749.36,729.84,12,60.82,159,15.61,60.82,10,1,2013-10-29,2013-10-29,0,0,On-Time
2161,Burundi,PMO - US,Direct Drop,EXW,Air,HRDT,HIV test,"CHEMBIO DIAGNOSTIC SYSTEMS, INC.",47.0,732.47,11812.8,428,27.6,91,15.58,27.6,10,2,2013-10-30,2013-10-30,0,0,On-Time
2162,Malawi,PMO - US,Direct Drop,EXW,Air,HRDT,HIV test,"Orgenics, Ltd",109.0,2384.79,20800.0,260,80.0,56,21.88,80.0,10,2,2013-10-30,2013-10-30,0,0,On-Time
2163,Uganda,PMO - US,Direct Drop,EXW,Air,ARV,Adult,CIPLA LIMITED,1874.0,7487.81,76893.6,16716,4.6,91,4.0,4.6,10,2,2013-10-30,2013-10-30,0,0,On-Time
2164,Rwanda,PMO - US,Direct Drop,EXW,Air,HRDT,HIV test,"Orgenics, Ltd",795.0,11855.59,271950.0,3500,77.7,245,14.91,77.7,11,4,2013-11-01,2013-11-01,0,0,On-Time
2165,"Congo, DRC",PMO - US,Direct Drop,EXW,Air,HRDT,HIV test,"Trinity Biotech, Plc",170.0,3125.65,15008.0,469,32.0,180,18.39,32.0,11,0,2013-11-04,2013-11-04,0,0,On-Time
2166,Côte d'Ivoire,PMO - US,Direct Drop,EXW,Air,ARV,Adult,MYLAN LABORATORIES LTD (FORMERLY MATRIX LABORATORIES),608.0,4568.92,90000.0,4500,20.0,49,7.51,20.0,11,0,2013-11-04,2013-11-04,0,0,On-Time
2167,Mozambique,PMO - US,Direct Drop,EXW,Air,HRDT,HIV test,"Orgenics, Ltd",267.0,3453.53,51600.0,645,80.0,54,12.93,80.0,11,0,2013-11-04,2013-11-04,0,0,On-Time
2168,Uganda,PMO - US,Direct Drop,EXW,Ocean,ARV,Adult,MYLAN LABORATORIES LTD (FORMERLY MATRIX LABORATORIES),37127.0,33981.11,1072011.71,165179,6.49,98,0.92,6.49,11,2,2013-11-06,2013-11-06,0,0,On-Time
2169,Zambia,PMO - US,Direct Drop,EXW,Air,HRDT,HIV test,"Orgenics, Ltd",1623.0,20644.03,320000.0,4000,80.0,92,12.72,80.0,11,2,2013-11-06,2013-11-06,0,0,On-Time
2170,Cameroon,PMO - US,Direct Drop,EXW,Air,ARV,Adult,STRIDES ARCOLAB LIMITED,1638.0,18141.62,82764.55,25945,3.19,55,11.08,3.19,11,3,2013-11-07,2013-11-07,0,0,On-Time
2171,Cameroon,PMO - US,Direct Drop,EXW,Air,ARV,Adult,Aurobindo Pharma Limited,3227.0,26930.79,150660.0,32400,4.65,76,8.35,4.65,11,3,2013-11-07,2013-10-30,-8,0,On-Time
2172,Cameroon,PMO - US,Direct Drop,EXW,Air,ARV,Adult,Aurobindo Pharma Limited,3234.0,26980.59,150780.9,32426,4.65,76,8.34,4.65,11,3,2013-11-07,2013-11-07,0,0,On-Time
2173,Cameroon,PMO - US,Direct Drop,EXW,Air,ARV,Adult,Aurobindo Pharma Limited,2100.0,17568.6,97617.45,20993,4.65,76,8.37,4.65,11,3,2013-11-07,2013-10-30,-8,0,On-Time
2174,Côte d'Ivoire,PMO - US,Direct Drop,EXW,Air,HRDT,HIV test,"Orgenics, Ltd",730.0,10351.26,144000.0,1800,80.0,93,14.18,80.0,11,3,2013-11-07,2013-11-07,0,0,On-Time
2175,Nigeria,PMO - US,Direct Drop,EXW,Air,HRDT,HIV test,"Orgenics, Ltd",1234.0,21084.84,270382.0,3038,89.0,120,17.09,89.0,11,3,2013-11-07,2013-11-11,4,1,Delayed
2176,Nigeria,PMO - US,Direct Drop,EXW,Air,HRDT,HIV test,"Orgenics, Ltd",1244.0,20602.3,272696.0,3064,89.0,120,16.56,89.0,11,3,2013-11-07,2013-11-08,1,1,Delayed
2177,Nigeria,PMO - US,Direct Drop,EXW,Air,HRDT,HIV test,"Orgenics, Ltd",1248.0,20602.3,273497.0,3073,89.0,120,16.51,89.0,11,3,2013-11-07,2013-11-05,-2,0,On-Time
2178,Nigeria,PMO - US,Direct Drop,EXW,Air,HRDT,HIV test,"Orgenics, Ltd",364.0,6522.64,79922.0,898,89.0,120,17.92,89.0,11,3,2013-11-07,2013-11-07,0,0,On-Time
2179,Nigeria,PMO - US,Direct Drop,EXW,Air,HRDT,HIV test,"Orgenics, Ltd",1234.0,21084.84,270382.0,3038,89.0,120,17.09,89.0,11,3,2013-11-07,2013-11-08,1,1,Delayed
2180,Nigeria,PMO - US,Direct Drop,EXW,Air,HRDT,HIV test,"Orgenics, Ltd",1240.0,20705.23,271717.0,3053,89.0,120,16.7,89.0,11,3,2013-11-07,2013-11-07,0,0,On-Time
2181,Nigeria,PMO - US,Direct Drop,EXW,Air,HRDT,HIV test,"Orgenics, Ltd",1238.0,22872.42,271450.0,3050,89.0,120,18.48,89.0,11,3,2013-11-07,2013-11-11,4,1,Delayed
2182,Nigeria,PMO - US,Direct Drop,EXW,Air,HRDT,HIV test,"Orgenics, Ltd",1192.0,19458.84,262461.0,2949,89.0,120,16.32,89.0,11,3,2013-11-07,2013-11-11,4,1,Delayed
2183,Nigeria,PMO - US,Direct Drop,EXW,Air,HRDT,HIV test,"Orgenics, Ltd",1249.0,21084.84,273764.0,3076,89.0,120,16.88,89.0,11,3,2013-11-07,2013-11-13,6,1,Delayed
2184,Nigeria,PMO - US,Direct Drop,EXW,Air,HRDT,HIV test,"Orgenics, Ltd",1221.0,19891.2,269047.0,3023,89.0,120,16.29,89.0,11,3,2013-11-07,2013-11-07,0,0,On-Time
2185,Nigeria,PMO - US,Direct Drop,EXW,Air,HRDT,HIV test,"Orgenics, Ltd",1241.0,20602.3,271984.0,3056,89.0,120,16.6,89.0,11,3,2013-11-07,2013-11-11,4,1,Delayed
2186,Nigeria,PMO - US,Direct Drop,EXW,Air,HRDT,HIV test,"Orgenics, Ltd",1249.0,20705.23,273764.0,3076,89.0,120,16.58,89.0,11,3,2013-11-07,2013-11-11,4,1,Delayed
2187,Nigeria,PMO - US,Direct Drop,EXW,Air,HRDT,HIV test,"Orgenics, Ltd",1233.0,21084.84,270115.0,3035,89.0,120,17.1,89.0,11,3,2013-11-07,2013-11-07,0,0,On-Time
2188,Nigeria,PMO - US,Direct Drop,EXW,Air,HRDT,HIV test,"Orgenics, Ltd",1235.0,21084.84,270649.0,3041,89.0,120,17.07,89.0,11,3,2013-11-07,2013-11-11,4,1,Delayed
2189,Nigeria,PMO - US,Direct Drop,EXW,Air,HRDT,HIV test,"Orgenics, Ltd",1233.0,20602.3,270204.0,3036,89.0,120,16.71,89.0,11,3,2013-11-07,2013-11-07,0,0,On-Time
2190,Nigeria,PMO - US,Direct Drop,EXW,Air,HRDT,HIV test,"Orgenics, Ltd",1231.0,20705.23,269759.0,3031,89.0,120,16.82,89.0,11,3,2013-11-07,2013-11-05,-2,0,On-Time
2191,Uganda,PMO - US,Direct Drop,EXW,Air,HRDT,HIV test,BIO-RAD LABORATORIES (FRANCE),43.0,1324.43,38750.0,31,1250.0,94,30.8,1250.0,11,3,2013-11-07,2013-11-07,0,0,On-Time
2192,Uganda,PMO - US,Direct Drop,EXW,Ocean,ARV,Adult,STRIDES ARCOLAB LIMITED,3963.0,12961.76,203049.88,63652,3.19,58,3.27,3.19,11,3,2013-11-07,2013-11-07,0,0,On-Time
2193,South Sudan,PMO - US,Direct Drop,EXW,Air,HRDT,HIV test,"Orgenics, Ltd",188.0,2997.85,40050.0,450,89.0,95,15.95,89.0,11,4,2013-11-08,2013-11-08,0,0,On-Time
2194,Uganda,PMO - US,Direct Drop,EXW,Ocean,ARV,Adult,STRIDES ARCOLAB LIMITED,4334.0,8144.11,227600.12,71348,3.19,101,1.88,3.19,11,4,2013-11-08,2013-11-08,0,0,On-Time
2195,Uganda,PMO - US,Direct Drop,EXW,Ocean,ARV,Adult,STRIDES ARCOLAB LIMITED,3914.0,7769.41,203049.88,63652,3.19,101,1.99,3.19,11,4,2013-11-08,2013-11-08,0,0,On-Time
2196,Cameroon,PMO - US,Direct Drop,EXW,Air,ARV,Adult,CIPLA LIMITED,4082.0,51243.69,183503.2,39892,4.6,134,12.55,4.6,11,5,2013-11-09,2013-11-09,0,0,On-Time
2197,Cameroon,PMO - US,Direct Drop,EXW,Air,ARV,Adult,CIPLA LIMITED,1278.0,15106.61,57960.0,12600,4.6,134,11.82,4.6,11,5,2013-11-09,2013-10-30,-10,0,On-Time
2198,Cameroon,PMO - US,Direct Drop,EXW,Air,HRDT,HIV test,"Orgenics, Ltd",1238.0,46044.38,400000.0,5000,80.0,95,37.19,80.0,11,5,2013-11-09,2013-11-09,0,0,On-Time
2199,Cameroon,PMO - US,Direct Drop,EXW,Air,ARV,Adult,HETERO LABS LIMITED,7912.0,62102.07,266875.4,121307,2.2,78,7.85,2.2,11,5,2013-11-09,2013-11-09,0,0,On-Time
2200,Cameroon,PMO - US,Direct Drop,EXW,Air,ARV,Adult,HETERO LABS LIMITED,11615.0,102199.13,865945.5,82471,10.5,131,8.8,10.5,11,5,2013-11-09,2013-11-09,0,0,On-Time
2201,Haiti,PMO - US,Direct Drop,EXW,Air,HRDT,HIV test,"Orgenics, Ltd",1624.0,16994.9,400000.0,4000,100.0,174,10.46,100.0,11,0,2013-11-11,2013-11-11,0,0,On-Time
2202,Côte d'Ivoire,PMO - US,Direct Drop,EXW,Air,HRDT,HIV test,"Orgenics, Ltd",1033.0,24728.57,352000.0,4400,80.0,176,23.94,80.0,11,2,2013-11-13,2013-11-13,0,0,On-Time
2203,Tanzania,PMO - US,Direct Drop,EXW,Air,ARV,Pediatric,Aurobindo Pharma Limited,255.0,2454.46,5538.0,3550,1.56,103,9.63,1.56,11,2,2013-11-13,2013-11-13,0,0,On-Time
2204,Cameroon,PMO - US,Direct Drop,EXW,Air,ARV,Adult,SUN PHARMACEUTICAL INDUSTRIES LTD (RANBAXY LABORATORIES LIMITED),4123.0,28778.76,193406.4,39960,4.84,50,6.98,4.84,11,3,2013-11-14,2013-11-14,0,0,On-Time
2205,Uganda,PMO - US,Direct Drop,FCA,Air,ARV,Adult,ABBVIE LOGISTICS (FORMERLY ABBOTT LOGISTICS BV),65.0,887.67,2856.45,417,6.85,155,13.66,6.85,11,4,2013-11-15,2013-11-15,0,0,On-Time
2206,Uganda,PMO - US,Direct Drop,EXW,Air,ARV,Adult,CIPLA LIMITED,8638.0,30764.18,493524.9,60929,8.1,67,3.56,8.1,11,5,2013-11-16,2013-11-16,0,0,On-Time
2207,Uganda,PMO - US,Direct Drop,EXW,Air,ARV,Adult,CIPLA LIMITED,5593.0,19759.68,162000.0,50000,3.24,67,3.53,3.24,11,5,2013-11-16,2013-11-16,0,0,On-Time
2208,Uganda,PMO - US,Direct Drop,EXW,Air,ARV,Adult,CIPLA LIMITED,4620.0,18550.93,184000.0,40000,4.6,67,4.02,4.6,11,5,2013-11-16,2013-11-16,0,0,On-Time
2209,Uganda,PMO - US,Direct Drop,EXW,Air,ARV,Adult,CIPLA LIMITED,5714.0,20416.03,319536.9,39449,8.1,67,3.57,8.1,11,5,2013-11-16,2013-11-16,0,0,On-Time
2210,Burundi,PMO - US,Direct Drop,EXW,Air,HRDT,HIV test,"Orgenics, Ltd",1133.0,20572.96,223680.0,2796,80.0,110,18.16,80.0,11,0,2013-11-18,2013-11-18,0,0,On-Time
2211,Mozambique,PMO - US,Direct Drop,EXW,Air,HRDT,HIV test,"Trinity Biotech, Plc",202.0,2908.88,21600.0,675,32.0,69,14.4,32.0,11,1,2013-11-19,2013-11-19,0,0,On-Time
2212,Burundi,PMO - US,Direct Drop,EXW,Air,HRDT,HIV test,"Orgenics, Ltd",516.0,9802.95,101440.0,1268,80.0,112,19.0,80.0,11,2,2013-11-20,2013-11-20,0,0,On-Time
2213,"Congo, DRC",PMO - US,Direct Drop,FCA,Air,ARV,Pediatric,ABBVIE LOGISTICS (FORMERLY ABBOTT LOGISTICS BV),56.0,460.9,924.6,30,30.82,181,8.23,30.82,11,2,2013-11-20,2013-11-20,0,0,On-Time
2214,"Congo, DRC",PMO - US,Direct Drop,FCA,Air,ARV,Pediatric,ABBVIE LOGISTICS (FORMERLY ABBOTT LOGISTICS BV),56.0,1573.41,924.6,30,30.82,181,28.1,30.82,11,2,2013-11-20,2013-11-20,0,0,On-Time
2215,"Congo, DRC",PMO - US,Direct Drop,FCA,Air,ARV,Pediatric,ABBVIE LOGISTICS (FORMERLY ABBOTT LOGISTICS BV),288.0,460.91,5670.88,184,30.82,181,1.6,30.82,11,2,2013-11-20,2013-11-20,0,0,On-Time
2216,"Congo, DRC",PMO - US,Direct Drop,FCA,Air,ARV,Pediatric,ABBVIE LOGISTICS (FORMERLY ABBOTT LOGISTICS BV),52.0,1573.41,616.4,20,30.82,181,30.26,30.82,11,2,2013-11-20,2013-11-18,-2,0,On-Time
2217,"Congo, DRC",PMO - US,Direct Drop,FCA,Air,ARV,Pediatric,ABBVIE LOGISTICS (FORMERLY ABBOTT LOGISTICS BV),38.0,1573.41,308.2,10,30.82,181,41.41,30.82,11,2,2013-11-20,2013-11-20,0,0,On-Time
2218,"Congo, DRC",PMO - US,Direct Drop,FCA,Air,ARV,Pediatric,ABBVIE LOGISTICS (FORMERLY ABBOTT LOGISTICS BV),103.0,1573.41,1849.2,60,30.82,181,15.28,30.82,11,2,2013-11-20,2013-11-20,0,0,On-Time
2219,Uganda,PMO - US,Direct Drop,CIP,Air,ARV,Adult,ASPEN PHARMACARE,22.0,265.0,3888.0,108,36.0,140,12.05,36.0,11,2,2013-11-20,2013-11-20,0,0,On-Time
2220,Uganda,PMO - US,Direct Drop,CIP,Air,ARV,Adult,ASPEN PHARMACARE,74.0,294.86,7812.0,217,36.0,140,3.98,36.0,11,2,2013-11-20,2013-11-20,0,0,On-Time
2221,Uganda,PMO - US,Direct Drop,CIP,Air,ARV,Adult,ASPEN PHARMACARE,169.0,359.53,56010.6,841,66.6,140,2.13,66.6,11,2,2013-11-20,2013-11-20,0,0,On-Time
2222,Zambia,PMO - US,Direct Drop,EXW,Air,HRDT,HIV test,"Trinity Biotech, Plc",1353.0,17507.94,144000.0,4500,32.0,70,12.94,32.0,11,2,2013-11-20,2013-11-20,0,0,On-Time
2223,Tanzania,PMO - US,Direct Drop,EXW,Air,ARV,Adult,HETERO LABS LIMITED,28168.0,127285.48,2100000.0,200000,10.5,163,4.52,10.5,11,3,2013-11-21,2013-11-21,0,0,On-Time
2224,Tanzania,PMO - US,Direct Drop,EXW,Air,ARV,Adult,Aurobindo Pharma Limited,1909.0,9612.49,216600.0,19000,11.4,73,5.04,11.4,11,3,2013-11-21,2013-11-21,0,0,On-Time
2225,Tanzania,PMO - US,Direct Drop,FCA,Air,ARV,Pediatric,ABBVIE LOGISTICS (FORMERLY ABBOTT LOGISTICS BV),328.0,3940.54,16251.84,2736,5.94,104,12.01,5.94,11,3,2013-11-21,2013-11-21,0,0,On-Time
2226,Tanzania,PMO - US,Direct Drop,FCA,Air,ARV,Pediatric,ABBVIE LOGISTICS (FORMERLY ABBOTT LOGISTICS BV),257.0,2160.36,8136.48,264,30.82,104,8.41,30.82,11,3,2013-11-21,2013-11-21,0,0,On-Time
2227,Uganda,PMO - US,Direct Drop,EXW,Air,ARV,Adult,MYLAN LABORATORIES LTD (FORMERLY MATRIX LABORATORIES),440.0,2242.71,105525.0,7035,15.0,150,5.1,15.0,11,3,2013-11-21,2013-11-21,0,0,On-Time
2228,Uganda,PMO - US,Direct Drop,EXW,Air,ARV,Adult,MYLAN LABORATORIES LTD (FORMERLY MATRIX LABORATORIES),122.0,1249.78,29190.0,1946,15.0,150,10.24,15.0,11,3,2013-11-21,2013-11-21,0,0,On-Time
2229,Nigeria,PMO - US,Direct Drop,EXW,Air,HRDT,HIV test,"CHEMBIO DIAGNOSTIC SYSTEMS, INC.",2097.0,9634.16,174048.0,5439,32.0,138,4.59,32.0,11,0,2013-11-25,2013-11-25,0,0,On-Time
2230,Côte d'Ivoire,PMO - US,Direct Drop,EXW,Air,HRDT,HIV test,"CHEMBIO DIAGNOSTIC SYSTEMS, INC.",550.0,8263.16,55100.0,1900,29.0,190,15.02,29.0,11,2,2013-11-27,2013-11-27,0,0,On-Time
2231,Vietnam,PMO - US,Direct Drop,EXW,Air,ARV,Adult,MYLAN LABORATORIES LTD (FORMERLY MATRIX LABORATORIES),1984.0,3225.12,155675.25,23063,6.75,196,1.63,6.75,11,2,2013-11-27,2013-11-27,0,0,On-Time
2232,"Congo, DRC",PMO - US,Direct Drop,EXW,Air,ARV,Pediatric,Aurobindo Pharma Limited,81.0,2782.94,1453.5,171,8.5,195,34.36,8.5,11,3,2013-11-28,2013-11-28,0,0,On-Time
2233,Côte d'Ivoire,PMO - US,Direct Drop,FCA,Air,ARV,Pediatric,ABBVIE LOGISTICS (FORMERLY ABBOTT LOGISTICS BV),909.0,6020.53,46629.0,7850,5.94,88,6.62,5.94,11,4,2013-11-29,2013-11-29,0,0,On-Time
2234,Côte d'Ivoire,PMO - US,Direct Drop,FCA,Air,ARV,Adult,ABBVIE LOGISTICS (FORMERLY ABBOTT LOGISTICS BV),387.0,6020.48,20550.0,3000,6.85,88,15.56,6.85,11,4,2013-11-29,2013-11-29,0,0,On-Time
2235,Tanzania,PMO - US,Direct Drop,EXW,Air,HRDT,HIV test,"Orgenics, Ltd",2.0,925.04,240.0,3,80.0,82,462.52,80.0,12,0,2013-12-02,2013-12-02,0,0,On-Time
2236,Zambia,PMO - US,Direct Drop,EXW,Air,HRDT,HIV test,"Trinity Biotech, Plc",266.0,8308.74,92800.0,2900,32.0,82,31.24,32.0,12,0,2013-12-02,2013-12-02,0,0,On-Time
2237,Cameroon,PMO - US,Direct Drop,EXW,Air,ARV,Adult,Aurobindo Pharma Limited,1007.0,11067.86,98717.4,18180,5.43,84,10.99,5.43,12,2,2013-12-04,2013-12-04,0,0,On-Time
2238,Guyana,PMO - US,Direct Drop,EXW,Air,ARV,Pediatric,Aurobindo Pharma Limited,5.0,672.49,513.0,114,4.5,124,134.5,4.5,12,2,2013-12-04,2013-12-04,0,0,On-Time
2239,Vietnam,PMO - US,Direct Drop,EXW,Air,ARV,Adult,MICRO LABS LIMITED,539.0,1666.35,20367.39,11507,1.77,133,3.09,1.77,12,3,2013-12-05,2013-12-05,0,0,On-Time
2240,Zimbabwe,PMO - US,Direct Drop,EXW,Air,HRDT,HIV test - Ancillary,"Orgenics, Ltd",864.0,14314.83,10000.0,2000,5.0,52,16.57,5.0,12,0,2013-12-09,2013-12-09,0,0,On-Time
2241,Uganda,PMO - US,Direct Drop,EXW,Air,ARV,Pediatric,Aurobindo Pharma Limited,2454.0,10898.12,14703.0,11310,1.3,123,4.44,1.3,12,1,2013-12-10,2013-12-12,2,1,Delayed
2242,Uganda,PMO - US,Direct Drop,EXW,Air,ARV,Pediatric,Aurobindo Pharma Limited,2127.0,10898.13,13478.4,10368,1.3,123,5.12,1.3,12,1,2013-12-10,2013-12-10,0,0,On-Time
2243,Uganda,PMO - US,Direct Drop,EXW,Air,ARV,Pediatric,Aurobindo Pharma Limited,2385.0,10898.12,14346.8,11036,1.3,123,4.57,1.3,12,1,2013-12-10,2013-12-12,2,1,Delayed
2244,Haiti,PMO - US,Direct Drop,EXW,Air,HRDT,HIV test,"SHANGHAI KEHUA BIOENGINEERING CO.,LTD.  (KHB)",240.0,2933.25,8575.0,350,24.5,205,12.22,24.5,12,3,2013-12-12,2013-12-12,0,0,On-Time
2245,Haiti,PMO - US,Direct Drop,FCA,Air,ARV,Adult,ABBVIE LOGISTICS (FORMERLY ABBOTT LOGISTICS BV),463.0,3222.27,36031.8,1865,19.32,51,6.96,19.32,12,3,2013-12-12,2013-12-12,0,0,On-Time
2246,Vietnam,PMO - US,Direct Drop,EXW,Air,ARV,Adult,CIPLA LIMITED,1485.0,2702.63,87172.2,10762,8.1,140,1.82,8.1,12,3,2013-12-12,2013-12-12,0,0,On-Time
2247,Rwanda,PMO - US,Direct Drop,EXW,Air,ARV,Adult,Aurobindo Pharma Limited,1428.0,9061.84,203000.0,14000,14.5,85,6.35,14.5,12,4,2013-12-13,2013-12-13,0,0,On-Time
2248,Vietnam,PMO - US,Direct Drop,EXW,Air,ARV,Adult,MICRO LABS LIMITED,301.0,1457.92,11492.61,6493,1.77,141,4.84,1.77,12,4,2013-12-13,2013-12-13,0,0,On-Time
2249,Vietnam,PMO - US,Direct Drop,EXW,Air,ARV,Adult,CIPLA LIMITED,866.0,1464.24,50527.8,6238,8.1,141,1.69,8.1,12,4,2013-12-13,2013-12-13,0,0,On-Time
2250,Zimbabwe,PMO - US,Direct Drop,FCA,Air,ARV,Pediatric,LAWRENCE LABORATORIES (SUBSIDIARY OF BRISTOL MYERS SQUIBB),95.0,2265.88,2604.0,372,7.0,232,23.85,7.0,12,4,2013-12-13,2013-12-13,0,0,On-Time
2251,Rwanda,PMO - US,Direct Drop,EXW,Air,HRDT,HIV test,"SHANGHAI KEHUA BIOENGINEERING CO.,LTD.  (KHB)",13656.0,139951.34,501784.5,20481,24.5,124,10.25,24.5,12,5,2013-12-14,2013-12-14,0,0,On-Time
2252,Cameroon,PMO - US,Direct Drop,EXW,Air,ARV,Adult,MYLAN LABORATORIES LTD (FORMERLY MATRIX LABORATORIES),9268.0,77756.12,855572.95,76733,11.15,115,8.39,11.15,12,0,2013-12-16,2013-12-16,0,0,On-Time
2253,Vietnam,PMO - US,Direct Drop,EXW,Air,ARV,Adult,Aurobindo Pharma Limited,36.0,430.5,6737.4,591,11.4,144,11.96,11.4,12,0,2013-12-16,2013-12-16,0,0,On-Time
2254,Nigeria,PMO - US,Direct Drop,EXW,Air,ARV,Adult,MYLAN LABORATORIES LTD (FORMERLY MATRIX LABORATORIES),574.0,4760.43,65000.0,10000,6.5,43,8.29,6.5,12,1,2013-12-17,2013-12-17,0,0,On-Time
2255,Uganda,PMO - US,Direct Drop,EXW,Ocean,ARV,Adult,MYLAN LABORATORIES LTD (FORMERLY MATRIX LABORATORIES),858.0,10833.06,64173.12,9888,6.49,113,12.63,6.49,12,2,2013-12-18,2013-12-18,0,0,On-Time
2256,Côte d'Ivoire,PMO - US,Direct Drop,FCA,Air,ARV,Adult,ABBVIE LOGISTICS (FORMERLY ABBOTT LOGISTICS BV),56.0,1726.5,2397.5,350,6.85,194,30.83,6.85,12,0,2013-12-23,2013-12-23,0,0,On-Time
2257,Nigeria,PMO - US,Direct Drop,EXW,Air,HRDT,HIV test,"Orgenics, Ltd",3090.0,60185.33,831883.0,9347,89.0,52,19.48,89.0,12,0,2013-12-23,2013-12-16,-7,0,On-Time
2258,Nigeria,PMO - US,Direct Drop,EXW,Air,HRDT,HIV test,"Orgenics, Ltd",3788.0,61035.9,830815.0,9335,89.0,52,16.11,89.0,12,0,2013-12-23,2013-12-23,0,0,On-Time
2259,Nigeria,PMO - US,Direct Drop,EXW,Air,HRDT,HIV test,"Orgenics, Ltd",3778.0,59767.71,828412.0,9308,89.0,52,15.82,89.0,12,0,2013-12-23,2013-12-12,-11,0,On-Time
2260,Nigeria,PMO - US,Direct Drop,EXW,Air,HRDT,HIV test,"Orgenics, Ltd",2425.0,39069.63,532487.0,5983,89.0,52,16.11,89.0,12,0,2013-12-23,2013-12-10,-13,0,On-Time
2261,Nigeria,PMO - US,Direct Drop,EXW,Air,HRDT,HIV test,"Orgenics, Ltd",3787.0,61637.1,830370.0,9330,89.0,52,16.28,89.0,12,0,2013-12-23,2013-12-10,-13,0,On-Time
2262,Tanzania,PMO - US,Direct Drop,EXW,Air,HRDT,HIV test,"Trinity Biotech, Plc",0.0,1002.35,96.0,3,32.0,103,100235000.0,32.0,12,0,2013-12-23,2013-12-23,0,0,On-Time
2263,Vietnam,PMO - US,Direct Drop,EXW,Air,ARV,Adult,MYLAN LABORATORIES LTD (FORMERLY MATRIX LABORATORIES),146.0,746.89,10721.48,1652,6.49,143,5.12,6.49,12,0,2013-12-23,2013-12-23,0,0,On-Time
2264,Vietnam,PMO - US,Direct Drop,EXW,Air,ARV,Adult,MYLAN LABORATORIES LTD (FORMERLY MATRIX LABORATORIES),415.0,1009.6,31463.52,4848,6.49,143,2.43,6.49,12,0,2013-12-23,2013-12-23,0,0,On-Time
2265,Zambia,PMO - US,Direct Drop,EXW,Air,ARV,Adult,Aurobindo Pharma Limited,1044.0,5145.69,43000.0,20000,2.15,63,4.93,2.15,12,0,2013-12-23,2013-12-23,0,0,On-Time
2266,Vietnam,PMO - US,Direct Drop,EXW,Air,ARV,Adult,Aurobindo Pharma Limited,81.0,459.72,9222.6,809,11.4,152,5.68,11.4,12,1,2013-12-24,2013-12-24,0,0,On-Time
2267,Tanzania,PMO - US,Direct Drop,EXW,Air,ARV,Adult,CIPLA LIMITED,2368.0,11363.07,131584.5,16245,8.1,122,4.8,8.1,12,4,2013-12-27,2013-12-27,0,0,On-Time
2268,Tanzania,PMO - US,Direct Drop,EXW,Air,ARV,Adult,CIPLA LIMITED,11646.0,50445.73,652179.6,80516,8.1,122,4.33,8.1,12,4,2013-12-27,2013-12-27,0,0,On-Time
2269,Tanzania,PMO - US,Direct Drop,EXW,Air,ARV,Adult,CIPLA LIMITED,7696.0,33442.63,431235.9,53239,8.1,122,4.35,8.1,12,4,2013-12-27,2013-12-27,0,0,On-Time
2270,Nigeria,PMO - US,Direct Drop,FCA,Air,ARV,Pediatric,ABBVIE LOGISTICS (FORMERLY ABBOTT LOGISTICS BV),640.0,6185.25,32747.22,5513,5.94,104,9.66,5.94,12,0,2013-12-30,2013-12-30,0,0,On-Time
2271,Tanzania,PMO - US,Direct Drop,FCA,Air,ARV,Pediatric,ABBVIE LOGISTICS (FORMERLY ABBOTT LOGISTICS BV),209.0,2177.56,10478.16,1764,5.94,144,10.42,5.94,12,1,2013-12-31,2013-12-31,0,0,On-Time
2272,Tanzania,PMO - US,Direct Drop,EXW,Air,ARV,Adult,Aurobindo Pharma Limited,632.0,4168.19,62445.0,11500,5.43,64,6.6,5.43,12,1,2013-12-31,2013-12-31,0,0,On-Time
2273,Côte d'Ivoire,PMO - US,Direct Drop,EXW,Air,ARV,Pediatric,Aurobindo Pharma Limited,482.0,5678.33,8750.0,7000,1.25,108,11.78,1.25,1,4,2014-01-03,2014-01-03,0,0,On-Time
2274,Côte d'Ivoire,PMO - US,Direct Drop,EXW,Air,ARV,Pediatric,Aurobindo Pharma Limited,406.0,4837.38,8125.0,6500,1.25,123,11.91,1.25,1,4,2014-01-03,2014-01-03,0,0,On-Time
2275,Nigeria,PMO - US,Direct Drop,EXW,Air,HRDT,HIV test,"CHEMBIO DIAGNOSTIC SYSTEMS, INC.",1252.0,5758.84,106784.0,3337,32.0,63,4.6,32.0,1,4,2014-01-03,2014-01-03,0,0,On-Time
2276,Vietnam,PMO - US,Direct Drop,FCA,Air,ARV,Adult,ABBVIE LOGISTICS (FORMERLY ABBOTT LOGISTICS BV),6.0,3549.7,1884.06,81,23.26,160,591.62,23.26,1,0,2014-01-06,2014-01-06,0,0,On-Time
2277,Vietnam,PMO - US,Direct Drop,EXW,Air,ARV,Adult,HETERO LABS LIMITED,1018.0,1681.58,47239.85,13307,3.55,166,1.65,3.55,1,1,2014-01-07,2014-01-07,0,0,On-Time
2278,Cameroon,PMO - US,Direct Drop,EXW,Air,ARV,Adult,Aurobindo Pharma Limited,4962.0,63818.03,420711.8,37732,11.15,138,12.86,11.15,1,2,2014-01-08,2014-01-08,0,0,On-Time
2279,Cameroon,PMO - US,Direct Drop,EXW,Air,ARV,Adult,Aurobindo Pharma Limited,4927.0,65875.32,417790.5,37470,11.15,138,13.37,11.15,1,2,2014-01-08,2014-01-08,0,0,On-Time
2280,Vietnam,PMO - US,Direct Drop,FCA,Air,ARV,Adult,ABBVIE LOGISTICS (FORMERLY ABBOTT LOGISTICS BV),1736.0,5265.22,7419.94,319,23.26,162,3.03,23.26,1,2,2014-01-08,2014-01-08,0,0,On-Time
2281,Vietnam,PMO - US,Direct Drop,EXW,Air,ARV,Adult,HETERO LABS LIMITED,975.0,2048.91,45060.15,12693,3.55,167,2.1,3.55,1,2,2014-01-08,2014-01-08,0,0,On-Time
2282,Vietnam,PMO - US,Direct Drop,EXW,Air,ARV,Adult,MYLAN LABORATORIES LTD (FORMERLY MATRIX LABORATORIES),957.0,1869.41,74871.0,11092,6.75,239,1.95,6.75,1,3,2014-01-09,2014-01-09,0,0,On-Time
2283,Côte d'Ivoire,PMO - US,Direct Drop,FCA,Air,ARV,Pediatric,ABBVIE LOGISTICS (FORMERLY ABBOTT LOGISTICS BV),505.0,5335.6,26136.0,4400,5.94,115,10.57,5.94,1,4,2014-01-10,2014-01-10,0,0,On-Time
2284,Nigeria,PMO - US,Direct Drop,FCA,Air,ARV,Pediatric,ABBVIE LOGISTICS (FORMERLY ABBOTT LOGISTICS BV),1848.0,17654.94,59883.26,1943,30.82,115,9.55,30.82,1,4,2014-01-10,2014-01-10,0,0,On-Time
2285,Zambia,PMO - US,Direct Drop,EXW,Air,ARV,Adult,Aurobindo Pharma Limited,980.0,6020.81,43000.0,20000,2.15,84,6.14,2.15,1,0,2014-01-13,2014-01-13,0,0,On-Time
2286,Ethiopia,PMO - US,Direct Drop,EXW,Air,HRDT,HIV test,"Trinity Biotech, Plc",4.0,526.44,352.0,11,32.0,69,131.61,32.0,1,1,2014-01-14,2014-01-14,0,0,On-Time
2287,"Congo, DRC",PMO - US,Direct Drop,FCA,Air,ARV,Pediatric,ABBVIE LOGISTICS (FORMERLY ABBOTT LOGISTICS BV),43.0,453.31,1805.76,304,5.94,237,10.54,5.94,1,2,2014-01-15,2014-01-15,0,0,On-Time
2288,Uganda,PMO - US,Direct Drop,EXW,Air,ARV,Adult,MYLAN LABORATORIES LTD (FORMERLY MATRIX LABORATORIES),811.0,4139.95,120000.0,6000,20.0,77,5.1,20.0,1,2,2014-01-15,2014-01-15,0,0,On-Time
2289,Côte d'Ivoire,PMO - US,Direct Drop,EXW,Air,ARV,Pediatric,Aurobindo Pharma Limited,72.0,1766.56,2925.0,650,4.5,45,24.54,4.5,1,4,2014-01-17,2014-01-17,0,0,On-Time
2290,Uganda,PMO - US,Direct Drop,EXW,Air,ARV,Pediatric,Aurobindo Pharma Limited,575.0,3231.11,11313.75,9051,1.25,137,5.62,1.25,1,4,2014-01-17,2014-01-17,0,0,On-Time
2291,Uganda,PMO - US,Direct Drop,EXW,Air,ARV,Pediatric,CIPLA LIMITED,597.0,2905.49,24800.0,6200,4.0,79,4.87,4.0,1,4,2014-01-17,2014-01-17,0,0,On-Time
2292,Vietnam,PMO - US,Direct Drop,EXW,Air,ARV,Adult,HETERO LABS LIMITED,1006.0,3001.35,37315.08,11517,3.24,99,2.98,3.24,1,1,2014-01-21,2014-01-21,0,0,On-Time
2293,Zimbabwe,PMO - US,Direct Drop,EXW,Air,ARV,Adult,MYLAN LABORATORIES LTD (FORMERLY MATRIX LABORATORIES),962.0,6773.13,132336.9,9810,13.49,97,7.04,13.49,1,1,2014-01-21,2014-01-21,0,0,On-Time
2294,Côte d'Ivoire,PMO - US,Direct Drop,EXW,Air,HRDT,HIV test,"Orgenics, Ltd",1808.0,23237.62,352000.0,4400,80.0,246,12.85,80.0,1,2,2014-01-22,2014-01-22,0,0,On-Time
2295,Rwanda,PMO - US,Direct Drop,FCA,Air,ARV,Pediatric,ABBVIE LOGISTICS (FORMERLY ABBOTT LOGISTICS BV),65.0,985.26,2970.0,500,5.94,51,15.16,5.94,1,2,2014-01-22,2014-01-22,0,0,On-Time
2296,Uganda,PMO - US,Direct Drop,CIP,Air,ARV,Adult,MYLAN LABORATORIES LTD (FORMERLY MATRIX LABORATORIES),805.0,1003.18,110820.35,8215,13.49,153,1.25,13.49,1,2,2014-01-22,2014-01-22,0,0,On-Time
2297,Vietnam,PMO - US,Direct Drop,EXW,Air,ARV,Adult,Aurobindo Pharma Limited,3301.0,5764.28,216773.7,26598,8.15,250,1.75,8.15,1,2,2014-01-22,2014-01-22,0,0,On-Time
2298,Vietnam,PMO - US,Direct Drop,EXW,Air,ARV,Adult,HETERO LABS LIMITED,93.0,668.75,3184.92,983,3.24,100,7.19,3.24,1,2,2014-01-22,2014-01-22,0,0,On-Time
2299,Côte d'Ivoire,PMO - US,Direct Drop,EXW,Air,HRDT,HIV test,"Orgenics, Ltd",577.0,9275.59,112000.0,1400,80.0,170,16.08,80.0,1,3,2014-01-23,2014-01-23,0,0,On-Time
2300,Haiti,PMO - US,Direct Drop,FCA,Air,ARV,Adult,ABBVIE LOGISTICS (FORMERLY ABBOTT LOGISTICS BV),166.0,737.11,12480.72,646,19.32,93,4.44,19.32,1,3,2014-01-23,2014-01-23,0,0,On-Time
2301,Haiti,PMO - US,Direct Drop,FCA,Air,ARV,Pediatric,ABBVIE LOGISTICS (FORMERLY ABBOTT LOGISTICS BV),8.0,737.12,475.2,80,5.94,93,92.14,5.94,1,3,2014-01-23,2014-01-23,0,0,On-Time
2302,Côte d'Ivoire,PMO - US,Direct Drop,FCA,Air,ARV,Pediatric,ABBVIE LOGISTICS (FORMERLY ABBOTT LOGISTICS BV),336.0,3899.33,10478.8,340,30.82,226,11.61,30.82,1,4,2014-01-24,2014-01-24,0,0,On-Time
2303,Côte d'Ivoire,PMO - US,Direct Drop,EXW,Air,HRDT,HIV test,"Orgenics, Ltd",1272.0,16856.6,250800.0,3135,80.0,51,13.25,80.0,1,4,2014-01-24,2014-01-24,0,0,On-Time
2304,Haiti,PMO - US,Direct Drop,EXW,Air,ARV,Adult,MYLAN LABORATORIES LTD (FORMERLY MATRIX LABORATORIES),1189.0,7296.97,100000.0,5000,20.0,91,6.14,20.0,1,4,2014-01-24,2014-01-24,0,0,On-Time
2305,Nigeria,PMO - US,Direct Drop,EXW,Air,HRDT,HIV test,"Trinity Biotech, Plc",9312.0,77833.24,1018944.0,31842,32.0,101,8.36,32.0,1,4,2014-01-24,2014-01-24,0,0,On-Time
2306,South Sudan,PMO - US,Direct Drop,EXW,Air,HRDT,HIV test - Ancillary,"Orgenics, Ltd",149.0,3256.76,920.0,115,8.0,172,21.86,8.0,1,4,2014-01-24,2014-01-24,0,0,On-Time
2307,Tanzania,PMO - US,Direct Drop,EXW,Air,ARV,Adult,MYLAN LABORATORIES LTD (FORMERLY MATRIX LABORATORIES),2039.0,9182.45,223800.0,20000,11.19,141,4.5,11.19,1,1,2014-01-28,2014-01-28,0,0,On-Time
2308,Tanzania,PMO - US,Direct Drop,EXW,Air,ARV,Pediatric,Aurobindo Pharma Limited,802.0,5740.54,18582.72,11912,1.56,92,7.16,1.56,1,1,2014-01-28,2014-01-28,0,0,On-Time
2309,Côte d'Ivoire,PMO - US,Direct Drop,EXW,Air,HRDT,HIV test,"Standard Diagnostics, Inc.",831.0,9254.06,49200.0,2400,20.5,169,11.14,20.5,1,4,2014-01-31,2014-01-31,0,0,On-Time
2310,Côte d'Ivoire,PMO - US,Direct Drop,EXW,Air,HRDT,HIV test,"CHEMBIO DIAGNOSTIC SYSTEMS, INC.",763.0,7153.63,55100.0,1900,29.0,255,9.38,29.0,1,4,2014-01-31,2014-01-31,0,0,On-Time
2311,Rwanda,PMO - US,Direct Drop,EXW,Air,ARV,Adult,MYLAN LABORATORIES LTD (FORMERLY MATRIX LABORATORIES),3948.0,24035.49,549110.45,40705,13.49,134,6.09,13.49,1,4,2014-01-31,2014-01-31,0,0,On-Time
2312,Nigeria,PMO - US,Direct Drop,EXW,Air,HRDT,HIV test,"CHEMBIO DIAGNOSTIC SYSTEMS, INC.",1252.0,5850.25,111584.0,3487,32.0,97,4.67,32.0,2,3,2014-02-06,2014-02-06,0,0,On-Time
2313,Côte d'Ivoire,PMO - US,Direct Drop,FCA,Air,ARV,Pediatric,ABBVIE LOGISTICS (FORMERLY ABBOTT LOGISTICS BV),535.0,5924.33,27324.0,4600,5.94,143,11.07,5.94,2,4,2014-02-07,2014-02-07,0,0,On-Time
2314,Côte d'Ivoire,PMO - US,Direct Drop,FCA,Air,ARV,Pediatric,ABBVIE LOGISTICS (FORMERLY ABBOTT LOGISTICS BV),519.0,5385.37,16642.8,540,30.82,143,10.38,30.82,2,4,2014-02-07,2014-02-07,0,0,On-Time
2315,Zambia,PMO - US,Direct Drop,FCA,Air,ARV,Pediatric,ABBVIE LOGISTICS (FORMERLY ABBOTT LOGISTICS BV),2410.0,14384.91,79176.58,2569,30.82,80,5.97,30.82,2,4,2014-02-07,2014-02-07,0,0,On-Time
2316,Mozambique,PMO - US,Direct Drop,EXW,Air,HRDT,HIV test,"Orgenics, Ltd",3890.0,29244.02,766000.0,9575,80.0,89,7.52,80.0,2,0,2014-02-10,2014-02-10,0,0,On-Time
2317,Côte d'Ivoire,PMO - US,Direct Drop,EXW,Air,HRDT,HIV test,"Standard Diagnostics, Inc.",1281.0,13222.33,75850.0,3700,20.5,82,10.32,20.5,2,1,2014-02-11,2014-02-11,0,0,On-Time
2318,Nigeria,PMO - US,Direct Drop,EXW,Air,ARV,Pediatric,CIPLA LIMITED,455.0,4967.03,36625.0,7325,5.0,147,10.92,5.0,2,1,2014-02-11,2014-02-11,0,0,On-Time
2319,South Sudan,PMO - US,Direct Drop,EXW,Air,HRDT,HIV test,"Trinity Biotech, Plc",159.0,2395.42,800.0,25,32.0,189,15.07,32.0,2,1,2014-02-11,2014-02-11,0,0,On-Time
2320,Mali,PMO - US,Direct Drop,EXW,Air,HRDT,HIV test,Orasure Technologies Inc.,11.0,1195.24,1400.0,4,350.0,21,108.66,350.0,2,2,2014-02-12,2014-02-12,0,0,On-Time
2321,Côte d'Ivoire,PMO - US,Direct Drop,EXW,Air,ARV,Pediatric,Aurobindo Pharma Limited,72.0,1721.91,9097.0,827,11.0,60,23.92,11.0,2,4,2014-02-14,2014-02-14,0,0,On-Time
2322,Mozambique,PMO - US,Direct Drop,EXW,Air,ARV,Adult,HETERO LABS LIMITED,34074.0,146734.85,2027500.0,250000,8.11,59,4.31,8.11,2,4,2014-02-14,2014-02-14,0,0,On-Time
2323,Uganda,PMO - US,Direct Drop,CIP,Air,ARV,Adult,ASPEN PHARMACARE,79.0,281.94,30236.4,454,66.6,226,3.57,66.6,2,4,2014-02-14,2014-02-14,0,0,On-Time
2324,Zambia,PMO - US,Direct Drop,EXW,Air,ARV,Adult,MYLAN LABORATORIES LTD (FORMERLY MATRIX LABORATORIES),24233.0,119474.09,1722000.0,300000,5.74,186,4.93,5.74,2,4,2014-02-14,2014-02-14,0,0,On-Time
2325,Zambia,PMO - US,Direct Drop,EXW,Air,ARV,Adult,MYLAN LABORATORIES LTD (FORMERLY MATRIX LABORATORIES),356.0,2543.67,40040.0,6160,6.5,29,7.15,6.5,2,4,2014-02-14,2014-02-14,0,0,On-Time
2326,Haiti,PMO - US,Direct Drop,EXW,Air,ARV,Adult,STRIDES ARCOLAB LIMITED,1772.0,11656.59,89575.2,28080,3.19,116,6.58,3.19,2,0,2014-02-17,2014-02-17,0,0,On-Time
2327,Vietnam,PMO - US,Direct Drop,EXW,Air,ARV,Adult,MYLAN LABORATORIES LTD (FORMERLY MATRIX LABORATORIES),4585.0,6881.65,452611.95,40593,11.15,199,1.5,11.15,2,0,2014-02-17,2014-02-17,0,0,On-Time
2328,Nigeria,PMO - US,Direct Drop,EXW,Air,HRDT,HIV test,"Orgenics, Ltd",3744.0,57484.06,822449.0,9241,89.0,109,15.35,89.0,2,1,2014-02-18,2014-02-14,-4,0,On-Time
2329,Nigeria,PMO - US,Direct Drop,EXW,Air,HRDT,HIV test,"Orgenics, Ltd",4388.0,66059.65,961022.0,10798,89.0,109,15.05,89.0,2,1,2014-02-18,2014-02-18,0,0,On-Time
2330,Nigeria,PMO - US,Direct Drop,EXW,Air,HRDT,HIV test,"Orgenics, Ltd",3787.0,57017.68,828768.0,9312,89.0,109,15.06,89.0,2,1,2014-02-18,2014-02-18,0,0,On-Time
2331,Nigeria,PMO - US,Direct Drop,EXW,Air,HRDT,HIV test,"Orgenics, Ltd",3759.0,57561.38,823962.0,9258,89.0,109,15.31,89.0,2,1,2014-02-18,2014-02-12,-6,0,On-Time
2332,Nigeria,PMO - US,Direct Drop,EXW,Air,HRDT,HIV test,"Orgenics, Ltd",3800.0,58592.54,833307.0,9363,89.0,109,15.42,89.0,2,1,2014-02-18,2014-02-13,-5,0,On-Time
2333,South Sudan,PMO - US,Direct Drop,EXW,Air,HRDT,HIV test,"Trinity Biotech, Plc",132.0,1847.97,14208.0,444,32.0,106,14.0,32.0,2,3,2014-02-20,2014-02-20,0,0,On-Time
2334,Uganda,PMO - US,Direct Drop,EXW,Air,ARV,Adult,Aurobindo Pharma Limited,1863.0,6757.18,40986.0,18216,2.25,67,3.63,2.25,2,5,2014-02-22,2014-02-22,0,0,On-Time
2335,Zambia,PMO - US,Direct Drop,EXW,Ocean,ARV,Adult,Aurobindo Pharma Limited,8725.0,54417.75,916317.2,77654,11.8,190,6.24,11.8,2,1,2014-02-25,2014-02-25,0,0,On-Time
2336,Côte d'Ivoire,PMO - US,Direct Drop,EXW,Air,ARV,Pediatric,Aurobindo Pharma Limited,480.0,5325.3,8750.0,7000,1.25,163,11.09,1.25,2,3,2014-02-27,2014-02-27,0,0,On-Time
2337,South Sudan,PMO - US,Direct Drop,EXW,Air,HRDT,HIV test,"Orgenics, Ltd",285.0,4350.03,61766.0,694,89.0,113,15.26,89.0,2,3,2014-02-27,2014-02-27,0,0,On-Time
2338,Uganda,PMO - US,Direct Drop,EXW,Air,ARV,Pediatric,Aurobindo Pharma Limited,64.0,896.35,1500.0,1200,1.25,62,14.01,1.25,2,3,2014-02-27,2014-02-27,0,0,On-Time
2339,Haiti,PMO - US,Direct Drop,FCA,Air,ARV,Pediatric,ABBVIE LOGISTICS (FORMERLY ABBOTT LOGISTICS BV),38.0,1347.0,308.2,10,30.82,129,35.45,30.82,2,4,2014-02-28,2014-02-28,0,0,On-Time
2340,Mozambique,PMO - US,Direct Drop,EXW,Air,ARV,Adult,Aurobindo Pharma Limited,62.0,1045.5,16000.0,800,20.0,96,16.86,20.0,3,6,2014-03-02,2014-03-02,0,0,On-Time
2341,Côte d'Ivoire,PMO - US,Direct Drop,EXW,Air,ARV,Adult,MYLAN LABORATORIES LTD (FORMERLY MATRIX LABORATORIES),293.0,3169.34,42000.0,2100,20.0,168,10.82,20.0,3,0,2014-03-03,2014-03-03,0,0,On-Time
2342,Guyana,PMO - US,Direct Drop,FCA,Air,ARV,Pediatric,ABBVIE LOGISTICS (FORMERLY ABBOTT LOGISTICS BV),53.0,926.13,1398.86,23,60.82,124,17.47,60.82,3,0,2014-03-03,2014-03-03,0,0,On-Time
2343,Uganda,PMO - US,Direct Drop,EXW,Air,ARV,Pediatric,ABBVIE LOGISTICS (FORMERLY ABBOTT LOGISTICS BV),221.0,2553.06,5794.16,188,30.82,125,11.55,30.82,3,1,2014-03-04,2014-03-04,0,0,On-Time
2344,Mozambique,PMO - US,Direct Drop,FCA,Air,ARV,Adult,ABBVIE LOGISTICS (FORMERLY ABBOTT LOGISTICS BV),22.0,828.76,822.0,120,6.85,101,37.67,6.85,3,4,2014-03-07,2014-03-07,0,0,On-Time
2345,Tanzania,PMO - US,Direct Drop,FCA,Air,ARV,Pediatric,ABBVIE LOGISTICS (FORMERLY ABBOTT LOGISTICS BV),208.0,2336.46,10347.48,1742,5.94,127,11.23,5.94,3,4,2014-03-07,2014-03-07,0,0,On-Time
2346,Tanzania,PMO - US,Direct Drop,EXW,Air,ARV,Adult,Aurobindo Pharma Limited,1104.0,5765.11,109533.96,20172,5.43,130,5.22,5.43,3,4,2014-03-07,2014-03-07,0,0,On-Time
2347,Zimbabwe,PMO - US,Direct Drop,FCA,Air,ARV,Pediatric,LAWRENCE LABORATORIES (SUBSIDIARY OF BRISTOL MYERS SQUIBB),247.0,3584.08,7098.0,1014,7.0,322,14.51,7.0,3,3,2014-03-13,2014-03-13,0,0,On-Time
2348,Côte d'Ivoire,PMO - US,Direct Drop,EXW,Air,HRDT,HIV test,"Orgenics, Ltd",2393.0,33029.82,472000.0,5900,80.0,100,13.8,80.0,3,4,2014-03-14,2014-03-14,0,0,On-Time
2349,Côte d'Ivoire,PMO - US,Direct Drop,FCA,Air,ARV,Pediatric,ABBVIE LOGISTICS (FORMERLY ABBOTT LOGISTICS BV),701.0,7008.1,35046.0,5900,5.94,98,10.0,5.94,3,0,2014-03-17,2014-03-17,0,0,On-Time
2350,Côte d'Ivoire,PMO - US,Direct Drop,EXW,Air,HRDT,HIV test,"Standard Diagnostics, Inc.",900.0,9024.04,55350.0,2700,20.5,116,10.03,20.5,3,0,2014-03-17,2014-03-17,0,0,On-Time
2351,Pakistan,PMO - US,Direct Drop,EXW,Air,HRDT,HIV test,INVERNESS MEDICAL INNOVATIONS HONG KONG LTD,1744.0,19489.83,358720.0,4484,80.0,616,11.18,80.0,3,0,2014-03-17,2014-03-17,0,0,On-Time
2352,Mali,PMO - US,Direct Drop,EXW,Air,HRDT,HIV test,"Orgenics, Ltd",186.0,5346.38,34480.0,431,80.0,56,28.74,80.0,3,2,2014-03-19,2014-03-19,0,0,On-Time
2353,Nigeria,PMO - US,Direct Drop,EXW,Air,HRDT,HIV test,"Trinity Biotech, Plc",7080.0,70509.14,776000.0,24250,32.0,152,9.96,32.0,3,2,2014-03-19,2014-03-19,0,0,On-Time
2354,Vietnam,PMO - US,Direct Drop,EXW,Air,ARV,Adult,Aurobindo Pharma Limited,594.0,1113.01,13500.0,6000,2.25,91,1.87,2.25,3,3,2014-03-20,2014-03-20,0,0,On-Time
2355,Uganda,PMO - US,Direct Drop,EXW,Air,ARV,Pediatric,CIPLA LIMITED,574.0,3868.24,16676.8,7445,2.24,142,6.74,2.24,3,4,2014-03-21,2014-03-21,0,0,On-Time
2356,Uganda,PMO - US,Direct Drop,EXW,Air,ARV,Pediatric,CIPLA LIMITED,1411.0,13983.98,60084.0,15021,4.0,142,9.91,4.0,3,4,2014-03-21,2014-03-21,0,0,On-Time
2357,Tanzania,PMO - US,Direct Drop,EXW,Air,ARV,Pediatric,Aurobindo Pharma Limited,394.0,3245.39,9243.0,5925,1.56,165,8.24,1.56,3,5,2014-03-22,2014-03-22,0,0,On-Time
2358,Tanzania,PMO - US,Direct Drop,EXW,Air,ARV,Pediatric,Aurobindo Pharma Limited,1337.0,8403.67,32552.52,20867,1.56,145,6.29,1.56,3,5,2014-03-22,2014-03-22,0,0,On-Time
2359,Burundi,PMO - US,Direct Drop,EXW,Air,HRDT,HIV test,"Orgenics, Ltd",278.0,5626.76,54000.0,675,80.0,49,20.24,80.0,3,0,2014-03-24,2014-03-24,0,0,On-Time
2360,Burundi,PMO - US,Direct Drop,EXW,Air,HRDT,HIV test,"CHEMBIO DIAGNOSTIC SYSTEMS, INC.",37.0,946.77,9522.0,345,27.6,49,25.59,27.6,3,0,2014-03-24,2014-03-24,0,0,On-Time
2361,Haiti,PMO - US,Direct Drop,EXW,Air,ARV,Pediatric,CIPLA LIMITED,66.0,1572.92,3705.0,741,5.0,168,23.83,5.0,3,1,2014-03-25,2014-03-25,0,0,On-Time
2362,Mali,PMO - US,Direct Drop,EXW,Air,HRDT,HIV test,"Orgenics, Ltd",23.0,1148.65,4930.0,58,85.0,62,49.94,85.0,3,1,2014-03-25,2014-03-25,0,0,On-Time
2363,Rwanda,PMO - US,Direct Drop,EXW,Air,HRDT,HIV test,"SHANGHAI KEHUA BIOENGINEERING CO.,LTD.  (KHB)",1383.0,18323.97,50764.0,2072,24.5,227,13.25,24.5,3,3,2014-03-27,2014-03-27,0,0,On-Time
2364,Rwanda,PMO - US,Direct Drop,EXW,Air,HRDT,HIV test,"SHANGHAI KEHUA BIOENGINEERING CO.,LTD.  (KHB)",1992.0,26266.34,73206.0,2988,24.5,227,13.19,24.5,3,3,2014-03-27,2014-03-27,0,0,On-Time
2365,Rwanda,PMO - US,Direct Drop,EXW,Air,HRDT,HIV test,"SHANGHAI KEHUA BIOENGINEERING CO.,LTD.  (KHB)",1992.0,26266.34,73206.0,2988,24.5,227,13.19,24.5,3,3,2014-03-27,2014-03-27,0,0,On-Time
2366,Rwanda,PMO - US,Direct Drop,EXW,Air,HRDT,HIV test,"SHANGHAI KEHUA BIOENGINEERING CO.,LTD.  (KHB)",1992.0,26266.34,73206.0,2988,24.5,227,13.19,24.5,3,3,2014-03-27,2014-03-27,0,0,On-Time
2367,Rwanda,PMO - US,Direct Drop,EXW,Air,HRDT,HIV test,"SHANGHAI KEHUA BIOENGINEERING CO.,LTD.  (KHB)",1992.0,26266.34,73206.0,2988,24.5,227,13.19,24.5,3,3,2014-03-27,2014-03-27,0,0,On-Time
2368,Rwanda,PMO - US,Direct Drop,EXW,Air,HRDT,HIV test,"SHANGHAI KEHUA BIOENGINEERING CO.,LTD.  (KHB)",1992.0,27313.0,73206.0,2988,24.5,227,13.71,24.5,3,3,2014-03-27,2014-03-27,0,0,On-Time
2369,Rwanda,PMO - US,Direct Drop,EXW,Air,HRDT,HIV test,"SHANGHAI KEHUA BIOENGINEERING CO.,LTD.  (KHB)",1992.0,26266.34,73206.0,2988,24.5,227,13.19,24.5,3,3,2014-03-27,2014-03-27,0,0,On-Time
2370,Mali,PMO - US,Direct Drop,EXW,Air,HRDT,HIV test,"Orgenics, Ltd",87.0,2445.68,14630.0,154,95.0,68,28.11,95.0,3,0,2014-03-31,2014-03-31,0,0,On-Time
2371,Mozambique,PMO - US,Direct Drop,EXW,Air,HRDT,HIV test,"Trinity Biotech, Plc",1674.0,10780.63,181536.0,5673,32.0,141,6.44,32.0,4,2,2014-04-02,2014-04-02,0,0,On-Time
2372,"Congo, DRC",PMO - US,Direct Drop,EXW,Air,HRDT,HIV test,"Trinity Biotech, Plc",54.0,2734.02,1024.0,32,32.0,66,50.63,32.0,4,4,2014-04-04,2014-04-04,0,0,On-Time
2373,Rwanda,PMO - US,Direct Drop,EXW,Air,ARV,Pediatric,MICRO LABS LIMITED,45.0,1411.52,1755.6,924,1.9,35,31.37,1.9,4,4,2014-04-04,2014-04-04,0,0,On-Time
2374,Vietnam,PMO - US,Direct Drop,FCA,Air,ARV,Adult,ABBVIE LOGISTICS (FORMERLY ABBOTT LOGISTICS BV),484.0,1565.1,119754.58,1969,60.82,176,3.23,60.82,4,4,2014-04-04,2014-04-04,0,0,On-Time
2375,Zimbabwe,PMO - US,Direct Drop,EXW,Air,HRDT,HIV test,"Orgenics, Ltd",3560.0,52462.81,702960.0,8787,80.0,52,14.74,80.0,4,4,2014-04-04,2014-04-04,0,0,On-Time
2376,Côte d'Ivoire,PMO - US,Direct Drop,EXW,Air,ARV,Pediatric,CIPLA LIMITED,321.0,3740.01,7215.0,3900,1.85,115,11.65,1.85,4,0,2014-04-07,2014-04-07,0,0,On-Time
2377,Vietnam,PMO - US,Direct Drop,FCA,Air,ARV,Adult,ABBVIE LOGISTICS (FORMERLY ABBOTT LOGISTICS BV),1720.0,5324.08,427625.42,7031,60.82,179,3.1,60.82,4,0,2014-04-07,2014-04-07,0,0,On-Time
2378,Mozambique,PMO - US,Direct Drop,EXW,Air,ARV,Adult,Aurobindo Pharma Limited,77.0,979.14,6064.0,800,7.58,134,12.72,7.58,4,2,2014-04-09,2014-04-09,0,0,On-Time
2379,Dominican Republic,PMO - US,Direct Drop,EXW,Air,HRDT,HIV test,"Trinity Biotech, Plc",146.0,790.78,16000.0,500,32.0,23,5.42,32.0,4,4,2014-04-11,2014-04-11,0,0,On-Time
2380,Tanzania,PMO - US,Direct Drop,EXW,Air,ARV,Adult,Aurobindo Pharma Limited,1899.0,10879.44,171197.04,31528,5.43,93,5.73,5.43,4,4,2014-04-11,2014-04-11,0,0,On-Time
2381,Haiti,PMO - US,Direct Drop,EXW,Air,HRDT,HIV test,"SHANGHAI KEHUA BIOENGINEERING CO.,LTD.  (KHB)",240.0,3126.61,8575.0,350,24.5,54,13.03,24.5,4,0,2014-04-14,2014-04-14,0,0,On-Time
2382,Haiti,PMO - US,Direct Drop,EXW,Air,HRDT,HIV test,"Orgenics, Ltd",1624.0,15537.04,400000.0,4000,100.0,54,9.57,100.0,4,0,2014-04-14,2014-04-14,0,0,On-Time
2383,Nigeria,PMO - US,Direct Drop,EXW,Air,ARV,Adult,Aurobindo Pharma Limited,1548.0,11663.16,140810.76,25932,5.43,161,7.53,5.43,4,0,2014-04-14,2014-04-14,0,0,On-Time
2384,Côte d'Ivoire,PMO - US,Direct Drop,FCA,Air,ARV,Pediatric,ABBVIE LOGISTICS (FORMERLY ABBOTT LOGISTICS BV),554.0,5848.39,18492.0,600,30.82,44,10.56,30.82,4,2,2014-04-16,2014-04-16,0,0,On-Time
2385,Vietnam,PMO - US,Direct Drop,EXW,Air,ARV,Adult,HETERO LABS LIMITED,3443.0,6323.76,257838.0,24556,10.5,193,1.84,10.5,4,0,2014-04-21,2014-04-21,0,0,On-Time
2386,Uganda,PMO - US,Direct Drop,EXW,Air,HRDT,HIV test,"Orgenics, Ltd",2224.0,21346.47,438880.0,5486,80.0,34,9.6,80.0,4,1,2014-04-22,2014-04-22,0,0,On-Time
2387,Vietnam,PMO - US,Direct Drop,EXW,Air,ARV,Adult,HETERO LABS LIMITED,2982.0,8036.88,223146.0,21252,10.5,194,2.7,10.5,4,1,2014-04-22,2014-04-22,0,0,On-Time
2388,Vietnam,PMO - US,Direct Drop,EXW,Air,ARV,Adult,HETERO LABS LIMITED,3385.0,8764.53,254016.0,24192,10.5,194,2.59,10.5,4,1,2014-04-22,2014-04-22,0,0,On-Time
2389,Vietnam,PMO - US,Direct Drop,EXW,Air,ARV,Adult,HETERO LABS LIMITED,1953.0,3658.08,25920.35,14011,1.85,195,1.87,1.85,4,2,2014-04-23,2014-04-23,0,0,On-Time
2390,Vietnam,PMO - US,Direct Drop,EXW,Air,ARV,Adult,HETERO LABS LIMITED,2832.0,7474.2,16442.2,1436,11.45,195,2.64,11.45,4,2,2014-04-23,2014-04-23,0,0,On-Time
2391,Dominican Republic,PMO - US,Direct Drop,EXW,Air,HRDT,HIV test,"Orgenics, Ltd",978.0,10159.15,230400.0,2400,96.0,35,10.39,96.0,4,3,2014-04-24,2014-04-24,0,0,On-Time
2392,Côte d'Ivoire,PMO - US,Direct Drop,FCA,Air,ARV,Adult,ABBVIE LOGISTICS (FORMERLY ABBOTT LOGISTICS BV),385.0,3765.28,20550.0,3000,6.85,142,9.78,6.85,4,4,2014-04-25,2014-04-25,0,0,On-Time
2393,Lesotho,PMO - US,Direct Drop,EXW,Air,HRDT,HIV test,"Orgenics, Ltd",856.0,11063.78,168320.0,2104,80.0,22,12.92,80.0,4,4,2014-04-25,2014-04-25,0,0,On-Time
2394,Tanzania,PMO - US,Direct Drop,EXW,Air,ARV,Adult,HETERO LABS LIMITED,4007.0,23397.41,347600.0,63200,5.5,119,5.84,5.5,4,4,2014-04-25,2014-04-25,0,0,On-Time
2395,Uganda,PMO - US,Direct Drop,FCA,Air,ARV,Pediatric,ABBVIE LOGISTICS (FORMERLY ABBOTT LOGISTICS BV),116.0,1105.6,5940.0,1000,5.94,35,9.53,5.94,4,4,2014-04-25,2014-04-25,0,0,On-Time
2396,Rwanda,PMO - US,Direct Drop,EXW,Air,HRDT,HIV test,"SHANGHAI KEHUA BIOENGINEERING CO.,LTD.  (KHB)",2712.0,37680.04,99666.0,4068,24.5,25,13.89,24.5,4,0,2014-04-28,2014-04-28,0,0,On-Time
2397,Rwanda,PMO - US,Direct Drop,EXW,Air,HRDT,HIV test,"SHANGHAI KEHUA BIOENGINEERING CO.,LTD.  (KHB)",2771.0,36502.8,101822.0,4156,24.5,25,13.17,24.5,4,0,2014-04-28,2014-06-16,49,1,Delayed
2398,Rwanda,PMO - US,Direct Drop,EXW,Air,HRDT,HIV test,"SHANGHAI KEHUA BIOENGINEERING CO.,LTD.  (KHB)",2820.0,37130.88,103635.0,4230,24.5,25,13.17,24.5,4,0,2014-04-28,2014-06-16,49,1,Delayed
2399,Rwanda,PMO - US,Direct Drop,EXW,Air,HRDT,HIV test,"SHANGHAI KEHUA BIOENGINEERING CO.,LTD.  (KHB)",3996.0,53062.21,146853.0,5994,24.5,25,13.28,24.5,4,0,2014-04-28,2014-04-28,0,0,On-Time
2400,Rwanda,PMO - US,Direct Drop,EXW,Air,HRDT,HIV test,"SHANGHAI KEHUA BIOENGINEERING CO.,LTD.  (KHB)",3996.0,53062.21,146853.0,5994,24.5,25,13.28,24.5,4,0,2014-04-28,2014-04-28,0,0,On-Time
2401,Rwanda,PMO - US,Direct Drop,EXW,Air,HRDT,HIV test,"SHANGHAI KEHUA BIOENGINEERING CO.,LTD.  (KHB)",3996.0,53102.22,146853.0,5994,24.5,25,13.29,24.5,4,0,2014-04-28,2014-04-28,0,0,On-Time
2402,Côte d'Ivoire,PMO - US,Direct Drop,EXW,Air,ARV,Adult,Aurobindo Pharma Limited,96.0,1510.05,9096.0,1200,7.58,57,15.73,7.58,4,1,2014-04-29,2014-04-29,0,0,On-Time
2403,Côte d'Ivoire,PMO - US,Direct Drop,EXW,Air,HRDT,HIV test,"Standard Diagnostics, Inc.",469.0,5463.16,28700.0,1400,20.5,258,11.65,20.5,4,2,2014-04-30,2014-04-30,0,0,On-Time
2404,Mozambique,PMO - US,Direct Drop,EXW,Air,ARV,Adult,HETERO LABS LIMITED,4784.0,19286.53,284952.96,35136,8.11,136,4.03,8.11,5,4,2014-05-02,2014-05-02,0,0,On-Time
2405,Mozambique,PMO - US,Direct Drop,EXW,Air,ARV,Adult,HETERO LABS LIMITED,3138.0,16537.12,186854.4,23040,8.11,136,5.27,8.11,5,4,2014-05-02,2014-05-02,0,0,On-Time
2406,Mozambique,PMO - US,Direct Drop,EXW,Air,ARV,Adult,HETERO LABS LIMITED,4516.0,16537.11,269381.76,33216,8.11,136,3.66,8.11,5,4,2014-05-02,2014-05-02,0,0,On-Time
2407,Mozambique,PMO - US,Direct Drop,EXW,Air,HRDT,HIV test,"Orgenics, Ltd",3611.0,24079.79,711840.0,8898,80.0,170,6.67,80.0,5,4,2014-05-02,2014-05-02,0,0,On-Time
2408,Mozambique,PMO - US,Direct Drop,EXW,Air,HRDT,HIV test,"Orgenics, Ltd",3543.0,13789.73,408160.0,5102,80.0,170,3.89,80.0,5,4,2014-05-02,2014-05-30,28,1,Delayed
2409,Mozambique,PMO - US,Direct Drop,EXW,Air,ARV,Adult,HETERO LABS LIMITED,4610.0,16835.52,274053.12,33792,8.11,136,3.65,8.11,5,4,2014-05-02,2014-05-02,0,0,On-Time
2410,Mozambique,PMO - US,Direct Drop,EXW,Air,ARV,Adult,HETERO LABS LIMITED,3392.0,16835.52,201257.76,24816,8.11,136,4.96,8.11,5,4,2014-05-02,2014-05-02,0,0,On-Time
2411,Rwanda,PMO - US,Direct Drop,EXW,Air,ARV,Pediatric,Aurobindo Pharma Limited,3790.0,66260.33,14631.9,9690,1.51,67,17.48,1.51,5,1,2014-05-06,2014-05-06,0,0,On-Time
2412,Burundi,PMO - US,Direct Drop,EXW,Air,HRDT,HIV test,"Orgenics, Ltd",462.0,12205.04,90240.0,1128,80.0,95,26.42,80.0,5,4,2014-05-09,2014-05-09,0,0,On-Time
2413,Haiti,PMO - US,Direct Drop,EXW,Ocean,ARV,Pediatric,MYLAN LABORATORIES LTD (FORMERLY MATRIX LABORATORIES),94.0,2350.55,3200.4,889,3.6,95,25.01,3.6,5,4,2014-05-09,2014-05-09,0,0,On-Time
2414,Haiti,PMO - US,Direct Drop,EXW,Ocean,ARV,Adult,CIPLA LIMITED,426.0,2251.94,19209.6,4176,4.6,197,5.29,4.6,5,4,2014-05-09,2014-05-09,0,0,On-Time
2415,Haiti,PMO - US,Direct Drop,EXW,Ocean,ARV,Pediatric,Aurobindo Pharma Limited,820.0,2214.69,3080.4,2040,1.51,197,2.7,1.51,5,4,2014-05-09,2014-05-09,0,0,On-Time
2416,Haiti,PMO - US,Direct Drop,EXW,Ocean,ARV,Pediatric,Aurobindo Pharma Limited,122.0,2461.63,2866.25,2293,1.25,197,20.18,1.25,5,4,2014-05-09,2014-05-09,0,0,On-Time
2417,Haiti,PMO - US,Direct Drop,EXW,Ocean,ARV,Adult,HETERO LABS LIMITED,5986.0,2549.52,415800.0,39600,10.5,196,0.43,10.5,5,4,2014-05-09,2014-05-09,0,0,On-Time
2418,Haiti,PMO - US,Direct Drop,EXW,Ocean,ARV,Pediatric,Aurobindo Pharma Limited,154.0,2520.54,4193.28,2688,1.56,197,16.37,1.56,5,4,2014-05-09,2014-05-09,0,0,On-Time
2419,Côte d'Ivoire,PMO - US,Direct Drop,FCA,Air,ARV,Pediatric,LAWRENCE LABORATORIES (SUBSIDIARY OF BRISTOL MYERS SQUIBB),338.0,2864.63,10605.0,1515,7.0,172,8.48,7.0,5,1,2014-05-13,2014-05-13,0,0,On-Time
2420,Uganda,PMO - US,Direct Drop,EXW,Air,HRDT,HIV test,"Trinity Biotech, Plc",780.0,5024.15,79392.0,2481,32.0,54,6.44,32.0,5,1,2014-05-13,2014-05-13,0,0,On-Time
2421,Cameroon,PMO - US,Direct Drop,EXW,Air,HRDT,HIV test,Orasure Technologies Inc.,2090.0,51331.09,350000.0,1000,350.0,282,24.56,350.0,5,3,2014-05-15,2014-05-15,0,0,On-Time
2422,Haiti,PMO - US,Direct Drop,EXW,Air,HRDT,HIV test,"Orgenics, Ltd",1623.0,15230.88,400000.0,4000,100.0,85,9.38,100.0,5,3,2014-05-15,2014-05-15,0,0,On-Time
2423,Vietnam,PMO - US,Direct Drop,EXW,Air,ARV,Adult,MYLAN LABORATORIES LTD (FORMERLY MATRIX LABORATORIES),695.0,1377.02,40338.0,4980,8.1,220,1.98,8.1,5,3,2014-05-15,2014-05-15,0,0,On-Time
2424,Tanzania,PMO - US,Direct Drop,EXW,Air,ARV,Adult,HETERO LABS LIMITED,6320.0,33343.63,209716.0,96200,2.18,143,5.28,2.18,5,0,2014-05-19,2014-05-19,0,0,On-Time
2425,Tanzania,PMO - US,Direct Drop,EXW,Air,HRDT,HIV test,"Orgenics, Ltd",143.0,2508.46,28000.0,350,80.0,80,17.54,80.0,5,5,2014-05-24,2014-05-24,0,0,On-Time
2426,Tanzania,PMO - US,Direct Drop,EXW,Ocean,ARV,Pediatric,MYLAN LABORATORIES LTD (FORMERLY MATRIX LABORATORIES),10504.0,28270.78,414000.0,115000,3.6,57,2.69,3.6,5,1,2014-05-27,2014-05-27,0,0,On-Time
2427,Tanzania,PMO - US,Direct Drop,EXW,Air,ARV,Adult,MYLAN LABORATORIES LTD (FORMERLY MATRIX LABORATORIES),1412.0,6758.01,211300.0,10565,20.0,102,4.79,20.0,5,1,2014-05-27,2014-05-27,0,0,On-Time
2428,Vietnam,PMO - US,Direct Drop,EXW,Air,ARV,Adult,MYLAN LABORATORIES LTD (FORMERLY MATRIX LABORATORIES),1585.0,2965.32,66075.75,9789,6.75,183,1.87,6.75,5,4,2014-05-30,2014-05-30,0,0,On-Time
2429,Mozambique,PMO - US,Direct Drop,EXW,Air,HRDT,HIV test,"Trinity Biotech, Plc",1153.0,7754.14,126784.0,3962,32.0,202,6.73,32.0,6,0,2014-06-02,2014-06-02,0,0,On-Time
2430,Haiti,PMO - US,Direct Drop,EXW,Air,ARV,Pediatric,Aurobindo Pharma Limited,180.0,1773.7,3073.5,450,6.83,222,9.85,6.83,6,1,2014-06-03,2014-06-03,0,0,On-Time
2431,Vietnam,PMO - US,Direct Drop,EXW,Air,ARV,Adult,EMCURE PHARMACEUTICALS LTD,875.0,2181.91,29755.1,12937,2.3,242,2.49,2.3,6,4,2014-06-06,2014-06-06,0,0,On-Time
2432,Vietnam,PMO - US,Direct Drop,EXW,Air,ARV,Adult,Aurobindo Pharma Limited,657.0,1192.25,14850.0,6600,2.25,88,1.81,2.25,6,4,2014-06-06,2014-06-06,0,0,On-Time
2433,Vietnam,PMO - US,Direct Drop,EXW,Air,ARV,Adult,Aurobindo Pharma Limited,730.0,1338.19,16650.0,7400,2.25,89,1.83,2.25,6,5,2014-06-07,2014-06-07,0,0,On-Time
2434,Vietnam,PMO - US,Direct Drop,EXW,Air,ARV,Adult,EMCURE PHARMACEUTICALS LTD,412.0,1769.68,16244.9,7063,2.3,243,4.3,2.3,6,5,2014-06-07,2014-06-07,0,0,On-Time
2435,Cameroon,PMO - US,Direct Drop,EXW,Air,HRDT,HIV test,"Orgenics, Ltd",2020.0,29918.58,400000.0,5000,80.0,308,14.81,80.0,6,1,2014-06-10,2014-06-10,0,0,On-Time
2436,Côte d'Ivoire,PMO - US,Direct Drop,EXW,Air,ARV,Adult,Aurobindo Pharma Limited,46.0,1899.89,15038.72,1984,7.58,35,41.3,7.58,6,2,2014-06-11,2014-06-11,0,0,On-Time
2437,Ghana,PMO - US,Direct Drop,EXW,Air,ARV,Adult,STRIDES ARCOLAB LIMITED,1874.0,9507.26,105729.36,33144,3.19,59,5.07,3.19,6,3,2014-06-12,2014-06-12,0,0,On-Time
2438,Ghana,PMO - US,Direct Drop,EXW,Air,ARV,Pediatric,Aurobindo Pharma Limited,2323.0,7326.63,8647.21,6047,1.43,34,3.15,1.43,6,3,2014-06-12,2014-06-12,0,0,On-Time
2439,Ghana,PMO - US,Direct Drop,EXW,Air,ARV,Adult,Aurobindo Pharma Limited,901.0,7326.63,73967.4,3393,21.8,38,8.13,21.8,6,3,2014-06-12,2014-06-12,0,0,On-Time
2440,Ghana,PMO - US,Direct Drop,EXW,Air,ARV,Pediatric,Aurobindo Pharma Limited,951.0,7326.62,23091.12,14802,1.56,34,7.7,1.56,6,3,2014-06-12,2014-06-12,0,0,On-Time
2441,Burundi,PMO - US,Direct Drop,EXW,Air,HRDT,HIV test,"Orgenics, Ltd",822.0,21348.51,169120.0,2114,80.0,45,25.97,80.0,6,4,2014-06-13,2014-06-13,0,0,On-Time
2442,Mozambique,PMO - US,Direct Drop,EXW,Air,HRDT,HIV test,"Trinity Biotech, Plc",88.0,1088.93,9152.0,286,32.0,105,12.37,32.0,6,4,2014-06-13,2014-06-13,0,0,On-Time
2443,Vietnam,PMO - US,Direct Drop,EXW,Air,ARV,Adult,MYLAN LABORATORIES LTD (FORMERLY MATRIX LABORATORIES),1745.0,3977.24,172825.0,15500,11.15,315,2.28,11.15,6,4,2014-06-13,2014-01-22,-142,0,On-Time
2444,Vietnam,PMO - US,Direct Drop,EXW,Air,ARV,Adult,MYLAN LABORATORIES LTD (FORMERLY MATRIX LABORATORIES),1578.0,2689.85,155063.05,13907,11.15,315,1.7,11.15,6,4,2014-06-13,2014-06-13,0,0,On-Time
2445,Uganda,PMO - US,Direct Drop,EXW,Air,HRDT,HIV test,"CHEMBIO DIAGNOSTIC SYSTEMS, INC.",606.0,3790.99,149702.4,5424,27.6,86,6.26,27.6,6,5,2014-06-14,2014-06-14,0,0,On-Time
2446,Uganda,PMO - US,Direct Drop,EXW,Air,HRDT,HIV test,"Orgenics, Ltd",2432.0,23178.68,480000.0,6000,80.0,87,9.53,80.0,6,5,2014-06-14,2014-06-14,0,0,On-Time
2447,Zimbabwe,PMO - US,Direct Drop,EXW,Air,ARV,Adult,Aurobindo Pharma Limited,3076.0,25730.13,151915.5,32670,4.65,37,8.36,4.65,6,5,2014-06-14,2014-06-14,0,0,On-Time
2448,Zimbabwe,PMO - US,Direct Drop,EXW,Air,ARV,Adult,Aurobindo Pharma Limited,3155.0,25316.94,152334.0,32760,4.65,37,8.02,4.65,6,5,2014-06-14,2014-06-14,0,0,On-Time
2449,Zimbabwe,PMO - US,Direct Drop,EXW,Air Charter,ARV,Adult,MICRO LABS LIMITED,5810.0,46213.4,114400.0,55000,2.08,64,7.95,2.08,6,5,2014-06-14,2014-06-14,0,0,On-Time
2450,Zimbabwe,PMO - US,Direct Drop,EXW,Air Charter,ARV,Adult,HETERO LABS LIMITED,5163.0,41158.49,170040.0,78000,2.18,64,7.97,2.18,6,5,2014-06-14,2014-06-14,0,0,On-Time
2451,Zimbabwe,PMO - US,Direct Drop,EXW,Air Charter,ARV,Adult,CIPLA LIMITED,2829.0,24936.5,118472.49,25811,4.59,33,8.81,4.59,6,5,2014-06-14,2014-06-14,0,0,On-Time
2452,Zimbabwe,PMO - US,Direct Drop,EXW,Air Charter,ARV,Adult,CIPLA LIMITED,11125.0,84791.1,188700.0,85000,2.22,33,7.62,2.22,6,5,2014-06-14,2014-06-14,0,0,On-Time
2453,Zimbabwe,PMO - US,Direct Drop,EXW,Air Charter,ARV,Adult,STRIDES ARCOLAB LIMITED,9832.0,68350.52,347600.0,158000,2.2,64,6.95,2.2,6,5,2014-06-14,2014-06-14,0,0,On-Time
2454,Zimbabwe,PMO - US,Direct Drop,EXW,Air,ARV,Adult,Aurobindo Pharma Limited,3232.0,25955.06,155491.35,33439,4.65,37,8.03,4.65,6,5,2014-06-14,2014-06-14,0,0,On-Time
2455,Zimbabwe,PMO - US,Direct Drop,EXW,Air,ARV,Adult,Aurobindo Pharma Limited,2448.0,20407.95,114111.0,24540,4.65,37,8.34,4.65,6,5,2014-06-14,2014-06-14,0,0,On-Time
2456,Zimbabwe,PMO - US,Direct Drop,EXW,Air Charter,ARV,Adult,STRIDES ARCOLAB LIMITED,437.0,11814.57,15400.0,7000,2.2,64,27.04,2.2,6,5,2014-06-14,2014-06-14,0,0,On-Time
2457,Ghana,PMO - US,Direct Drop,EXW,Air,ARV,Adult,CIPLA LIMITED,3227.0,20654.13,284053.8,24917,11.4,63,6.4,11.4,6,1,2014-06-17,2014-06-17,0,0,On-Time
2458,Haiti,PMO - US,Direct Drop,EXW,Air,ARV,Adult,MYLAN LABORATORIES LTD (FORMERLY MATRIX LABORATORIES),2082.0,16574.55,155915.76,24024,6.49,235,7.96,6.49,6,1,2014-06-17,2014-06-17,0,0,On-Time
2459,Zimbabwe,PMO - US,Direct Drop,EXW,Air,HRDT,HIV test,"Orgenics, Ltd",3567.0,51732.62,702960.0,8787,80.0,126,14.5,80.0,6,2,2014-06-18,2014-06-18,0,0,On-Time
2460,Côte d'Ivoire,PMO - US,Direct Drop,EXW,Air,ARV,Adult,Aurobindo Pharma Limited,150.0,1789.85,15160.0,2000,7.58,109,11.93,7.58,6,4,2014-06-20,2014-06-20,0,0,On-Time
2461,Ghana,PMO - US,Direct Drop,EXW,Air,ARV,Pediatric,Aurobindo Pharma Limited,2343.0,20464.55,51480.0,33000,1.56,47,8.73,1.56,6,0,2014-06-23,2014-06-23,0,0,On-Time
2462,Haiti,PMO - US,Direct Drop,EXW,Air,ARV,Pediatric,MYLAN LABORATORIES LTD (FORMERLY MATRIX LABORATORIES),140.0,1694.3,11944.8,3024,3.95,241,12.1,3.95,6,0,2014-06-23,2014-06-23,0,0,On-Time
2463,Haiti,PMO - US,Direct Drop,EXW,Air,HRDT,HIV test,"SHANGHAI KEHUA BIOENGINEERING CO.,LTD.  (KHB)",240.0,2836.14,8575.0,350,24.5,124,11.82,24.5,6,0,2014-06-23,2014-06-23,0,0,On-Time
2464,Côte d'Ivoire,PMO - US,Direct Drop,EXW,Air,HRDT,HIV test,"Orgenics, Ltd",606.0,8158.8,120000.0,1500,80.0,118,13.46,80.0,6,1,2014-06-24,2014-06-24,0,0,On-Time
2465,Tanzania,PMO - US,Direct Drop,EXW,Air,ARV,Pediatric,STRIDES ARCOLAB LIMITED,949.0,4673.77,139881.3,15041,9.3,67,4.92,9.3,6,1,2014-06-24,2014-06-24,0,0,On-Time
2466,Tanzania,PMO - US,Direct Drop,EXW,Air,ARV,Pediatric,MYLAN LABORATORIES LTD (FORMERLY MATRIX LABORATORIES),2205.0,9815.52,129600.0,36000,3.6,89,4.45,3.6,6,1,2014-06-24,2014-06-24,0,0,On-Time
2467,Tanzania,PMO - US,Direct Drop,EXW,Air,ARV,Pediatric,STRIDES ARCOLAB LIMITED,630.0,3416.2,92618.7,9959,9.3,67,5.42,9.3,6,1,2014-06-24,2014-06-24,0,0,On-Time
2468,Tanzania,PMO - US,Direct Drop,EXW,Air,ARV,Adult,MYLAN LABORATORIES LTD (FORMERLY MATRIX LABORATORIES),2069.0,9716.76,221800.0,20000,11.09,109,4.7,11.09,6,1,2014-06-24,2014-06-24,0,0,On-Time
2469,Tanzania,PMO - US,Direct Drop,FCA,Air,ARV,Pediatric,ABBVIE LOGISTICS (FORMERLY ABBOTT LOGISTICS BV),230.0,2215.81,11618.64,1956,5.94,236,9.63,5.94,6,1,2014-06-24,2014-06-24,0,0,On-Time
2470,Tanzania,PMO - US,Direct Drop,EXW,Air,ARV,Adult,MYLAN LABORATORIES LTD (FORMERLY MATRIX LABORATORIES),449.0,2865.22,28700.0,5000,5.74,109,6.38,5.74,6,1,2014-06-24,2014-06-24,0,0,On-Time
2471,Zimbabwe,PMO - US,Direct Drop,FCA,Air,ARV,Pediatric,ABBVIE LOGISTICS (FORMERLY ABBOTT LOGISTICS BV),1128.0,13330.73,57439.8,9670,5.94,208,11.82,5.94,6,1,2014-06-24,2014-06-24,0,0,On-Time
2472,Haiti,PMO - US,Direct Drop,EXW,Air,ARV,Pediatric,Aurobindo Pharma Limited,41.0,1317.01,624.0,400,1.56,57,32.12,1.56,6,2,2014-06-25,2014-06-25,0,0,On-Time
2473,Burundi,PMO - US,Direct Drop,EXW,Air,HRDT,HIV test,"CHEMBIO DIAGNOSTIC SYSTEMS, INC.",58.0,871.28,14876.4,539,27.6,58,15.02,27.6,6,3,2014-06-26,2014-06-26,0,0,On-Time
2474,Uganda,PMO - US,Direct Drop,EXW,Air,HRDT,HIV test,BIO-RAD LABORATORIES (FRANCE),19.0,846.03,2982.0,30,99.4,57,44.53,99.4,6,3,2014-06-26,2014-06-26,0,0,On-Time
2475,Uganda,PMO - US,Direct Drop,EXW,Air,ARV,Adult,MYLAN LABORATORIES LTD (FORMERLY MATRIX LABORATORIES),225.0,1726.75,36020.0,1801,20.0,97,7.67,20.0,6,3,2014-06-26,2014-06-26,0,0,On-Time
2476,Uganda,PMO - US,Direct Drop,EXW,Air,HRDT,HIV test,"Trinity Biotech, Plc",242.0,1899.22,24000.0,750,32.0,37,7.85,32.0,6,3,2014-06-26,2014-06-26,0,0,On-Time
2477,Côte d'Ivoire,PMO - US,Direct Drop,EXW,Air,ARV,Adult,MYLAN LABORATORIES LTD (FORMERLY MATRIX LABORATORIES),293.0,3316.79,42000.0,2100,20.0,140,11.32,20.0,6,0,2014-06-30,2014-06-30,0,0,On-Time
2478,Vietnam,PMO - US,Direct Drop,FCA,Air,ARV,Adult,ABBVIE LOGISTICS (FORMERLY ABBOTT LOGISTICS BV),56.0,520.19,10467.0,450,23.26,114,9.29,23.26,7,2,2014-07-02,2014-07-02,0,0,On-Time
2479,Côte d'Ivoire,PMO - US,Direct Drop,EXW,Air,HRDT,HIV test,"Standard Diagnostics, Inc.",468.0,5372.87,28700.0,1400,20.5,327,11.48,20.5,7,1,2014-07-08,2014-07-08,0,0,On-Time
2480,Côte d'Ivoire,PMO - US,Direct Drop,EXW,Air,HRDT,HIV test,"Standard Diagnostics, Inc.",125.0,2033.62,8200.0,400,20.5,132,16.27,20.5,7,1,2014-07-08,2014-07-08,0,0,On-Time
2481,Nigeria,PMO - US,Direct Drop,EXW,Air,HRDT,HIV test,"Orgenics, Ltd",4495.0,67915.7,983806.0,11054,89.0,51,15.11,89.0,7,2,2014-07-09,2014-07-09,0,0,On-Time
2482,Nigeria,PMO - US,Direct Drop,EXW,Air,HRDT,HIV test,"Orgenics, Ltd",4038.0,59711.34,884215.0,9935,89.0,51,14.79,89.0,7,2,2014-07-09,2014-07-09,0,0,On-Time
2483,Nigeria,PMO - US,Direct Drop,EXW,Air,HRDT,HIV test,"Orgenics, Ltd",4212.0,62466.03,922396.0,10364,89.0,51,14.83,89.0,7,2,2014-07-09,2014-07-10,1,1,Delayed
2484,Haiti,PMO - US,Direct Drop,EXW,Air,ARV,Pediatric,Aurobindo Pharma Limited,346.0,3429.78,1064.55,705,1.51,76,9.91,1.51,7,0,2014-07-14,2014-07-14,0,0,On-Time
2485,Tanzania,PMO - US,Direct Drop,EXW,Air,HRDT,HIV test,"Orgenics, Ltd",39.0,1176.54,8000.0,100,80.0,77,30.17,80.0,7,1,2014-07-15,2014-07-15,0,0,On-Time
2486,Tanzania,PMO - US,Direct Drop,EXW,Air,HRDT,HIV test,"Trinity Biotech, Plc",113.0,1661.01,11808.0,369,32.0,70,14.7,32.0,7,1,2014-07-15,2014-07-15,0,0,On-Time
2487,Tanzania,PMO - US,Direct Drop,EXW,Air,HRDT,HIV test,"Orgenics, Ltd",144.0,2631.39,28000.0,350,80.0,132,18.27,80.0,7,1,2014-07-15,2014-07-15,0,0,On-Time
2488,Rwanda,PMO - US,Direct Drop,FCA,Air,ARV,Pediatric,ABBVIE LOGISTICS (FORMERLY ABBOTT LOGISTICS BV),415.0,4399.65,9739.12,316,30.82,44,10.6,30.82,7,2,2014-07-16,2014-07-16,0,0,On-Time
2489,Rwanda,PMO - US,Direct Drop,FCA,Air,ARV,Pediatric,LAWRENCE LABORATORIES (SUBSIDIARY OF BRISTOL MYERS SQUIBB),16.0,957.88,7040.8,208,33.85,78,59.87,33.85,7,2,2014-07-16,2014-07-16,0,0,On-Time
2490,Uganda,PMO - US,Direct Drop,EXW,Air,ARV,Adult,B&C GROUP S.A.,119.0,923.18,18072.0,502,36.0,162,7.76,36.0,7,2,2014-07-16,2014-07-16,0,0,On-Time
2491,Ghana,PMO - US,Direct Drop,EXW,Air,ARV,Adult,STRIDES ARCOLAB LIMITED,3862.0,31401.36,191400.0,60000,3.19,85,8.13,3.19,7,3,2014-07-17,2014-07-24,7,1,Delayed
2492,Ghana,PMO - US,Direct Drop,EXW,Air,ARV,Adult,STRIDES ARCOLAB LIMITED,3862.0,25512.84,191400.0,60000,3.19,85,6.61,3.19,7,3,2014-07-17,2014-07-23,6,1,Delayed
2493,Ghana,PMO - US,Direct Drop,EXW,Air,ARV,Pediatric,Aurobindo Pharma Limited,972.0,7719.0,3451.86,2286,1.51,55,7.94,1.51,7,3,2014-07-17,2014-07-17,0,0,On-Time
2494,Ghana,PMO - US,Direct Drop,EXW,Air,ARV,Adult,STRIDES ARCOLAB LIMITED,3077.0,22734.92,152214.04,47716,3.19,85,7.39,3.19,7,3,2014-07-17,2014-07-17,0,0,On-Time
2495,Ghana,PMO - US,Direct Drop,EXW,Air,ARV,Pediatric,Aurobindo Pharma Limited,2773.0,21807.62,60191.04,38584,1.56,71,7.86,1.56,7,3,2014-07-17,2014-07-17,0,0,On-Time
2496,Haiti,PMO - US,Direct Drop,EXW,Air,ARV,Pediatric,Aurobindo Pharma Limited,300.0,2949.23,2561.25,375,6.83,46,9.83,6.83,7,4,2014-07-18,2014-07-18,0,0,On-Time
2497,Zimbabwe,PMO - US,Direct Drop,EXW,Air,ARV,Adult,STRIDES ARCOLAB LIMITED,2180.0,19328.2,77000.0,35000,2.2,85,8.87,2.2,7,4,2014-07-18,2014-07-18,0,0,On-Time
2498,Haiti,PMO - US,Direct Drop,EXW,Ocean,ARV,Adult,CIPLA LIMITED,8113.0,8217.8,630000.0,60000,10.5,80,1.01,10.5,7,5,2014-07-19,2014-07-19,0,0,On-Time
2499,Zambia,PMO - US,Direct Drop,EXW,Air,ARV,Adult,Aurobindo Pharma Limited,4369.0,22508.32,96329.25,42813,2.25,60,5.15,2.25,7,6,2014-07-20,2014-07-20,0,0,On-Time
2500,Zambia,PMO - US,Direct Drop,EXW,Air,ARV,Adult,Aurobindo Pharma Limited,3978.0,20519.07,88047.0,39132,2.25,60,5.16,2.25,7,6,2014-07-20,2014-07-20,0,0,On-Time
2501,Zambia,PMO - US,Direct Drop,EXW,Air,ARV,Adult,Aurobindo Pharma Limited,3986.0,20555.45,88202.25,39201,2.25,60,5.16,2.25,7,6,2014-07-20,2014-07-21,1,1,Delayed
2502,Zambia,PMO - US,Direct Drop,EXW,Air,ARV,Adult,Aurobindo Pharma Limited,1273.0,6637.36,27956.25,12425,2.25,60,5.21,2.25,7,6,2014-07-20,2014-07-20,0,0,On-Time
2503,Zambia,PMO - US,Direct Drop,EXW,Air,ARV,Adult,Aurobindo Pharma Limited,3962.0,20233.34,87612.75,38939,2.25,60,5.11,2.25,7,6,2014-07-20,2014-07-21,1,1,Delayed
2504,Zambia,PMO - US,Direct Drop,EXW,Air,ARV,Adult,Aurobindo Pharma Limited,3503.0,19461.76,76871.25,34165,2.25,60,5.56,2.25,7,6,2014-07-20,2014-07-20,0,0,On-Time
2505,Zambia,PMO - US,Direct Drop,EXW,Air,HRDT,HIV test,"Orgenics, Ltd",3247.0,41461.1,640000.0,8000,80.0,65,12.77,80.0,7,2,2014-07-23,2014-07-23,0,0,On-Time
2506,Zimbabwe,PMO - US,Direct Drop,EXW,Air Charter,ARV,Adult,Aurobindo Pharma Limited,3520.0,23014.35,167190.75,35955,4.65,58,6.54,4.65,7,2,2014-07-23,2014-07-23,0,0,On-Time
2507,Zimbabwe,PMO - US,Direct Drop,EXW,Air Charter,ARV,Adult,Aurobindo Pharma Limited,1764.0,13959.22,83700.0,18000,4.65,58,7.91,4.65,7,2,2014-07-23,2014-07-22,-1,0,On-Time
2508,Zimbabwe,PMO - US,Direct Drop,EXW,Air Charter,ARV,Adult,Aurobindo Pharma Limited,2870.0,19430.86,135528.9,29146,4.65,58,6.77,4.65,7,2,2014-07-23,2014-07-23,0,0,On-Time
2509,Zimbabwe,PMO - US,Direct Drop,EXW,Air Charter,ARV,Adult,Aurobindo Pharma Limited,2846.0,19557.01,134380.35,28899,4.65,58,6.87,4.65,7,2,2014-07-23,2014-07-23,0,0,On-Time
2510,Ghana,PMO - US,Direct Drop,EXW,Air,ARV,Adult,Aurobindo Pharma Limited,915.0,6006.37,73967.4,3393,21.8,101,6.56,21.8,7,3,2014-07-24,2014-07-24,0,0,On-Time
2511,Rwanda,PMO - US,Direct Drop,CIP,Air,ARV,Adult,MYLAN LABORATORIES LTD (FORMERLY MATRIX LABORATORIES),2402.0,1832.54,360000.0,18000,20.0,69,0.76,20.0,7,3,2014-07-24,2014-07-24,0,0,On-Time
2512,Zambia,PMO - US,Direct Drop,EXW,Air,HRDT,HIV test,"Trinity Biotech, Plc",2783.0,20621.1,304000.0,9500,32.0,73,7.41,32.0,7,0,2014-07-28,2014-07-28,0,0,On-Time
2513,Ethiopia,PMO - US,Direct Drop,EXW,Air,HRDT,HIV test,"CHEMBIO DIAGNOSTIC SYSTEMS, INC.",195.0,2211.04,22067.5,679,32.5,41,11.34,32.5,7,1,2014-07-29,2014-07-29,0,0,On-Time
2514,Ethiopia,PMO - US,Direct Drop,EXW,Air,HRDT,HIV test,"SHANGHAI KEHUA BIOENGINEERING CO.,LTD.  (KHB)",5020.0,78813.53,184411.5,7527,24.5,36,15.7,24.5,7,1,2014-07-29,2014-07-29,0,0,On-Time
2515,Vietnam,PMO - US,Direct Drop,EXW,Air,ARV,Adult,HETERO LABS LIMITED,2922.0,5616.02,18550.0,5300,3.5,141,1.92,3.5,7,1,2014-07-29,2014-07-29,0,0,On-Time
2516,Vietnam,PMO - US,Direct Drop,EXW,Air,ARV,Adult,HETERO LABS LIMITED,3195.0,5583.11,238896.0,22752,10.5,141,1.75,10.5,7,1,2014-07-29,2014-07-29,0,0,On-Time
2517,Uganda,PMO - US,Direct Drop,EXW,Air,HRDT,HIV test,"CHEMBIO DIAGNOSTIC SYSTEMS, INC.",740.0,5718.39,74028.0,2388,31.0,71,7.73,31.0,7,2,2014-07-30,2014-07-30,0,0,On-Time
2518,Uganda,PMO - US,Direct Drop,EXW,Air,HRDT,HIV test,"Orgenics, Ltd",2432.0,23482.06,480000.0,6000,80.0,71,9.66,80.0,7,2,2014-07-30,2014-07-30,0,0,On-Time
2519,Zimbabwe,PMO - US,Direct Drop,EXW,Air,ARV,Pediatric,MYLAN LABORATORIES LTD (FORMERLY MATRIX LABORATORIES),2383.0,18232.17,95772.73,48127,1.99,75,7.65,1.99,7,2,2014-07-30,2014-07-30,0,0,On-Time
2520,Côte d'Ivoire,PMO - US,Direct Drop,EXW,Air,ARV,Adult,MYLAN LABORATORIES LTD (FORMERLY MATRIX LABORATORIES),430.0,3587.34,64000.0,3200,20.0,239,8.34,20.0,7,3,2014-07-31,2014-07-31,0,0,On-Time
2521,Haiti,PMO - US,Direct Drop,EXW,Air,ARV,Pediatric,CIPLA LIMITED,231.0,2076.58,9338.4,2594,3.6,93,8.99,3.6,8,4,2014-08-01,2014-08-01,0,0,On-Time
2522,Uganda,PMO - US,Direct Drop,EXW,Air,ARV,Adult,STRIDES ARCOLAB LIMITED,3858.0,20553.85,195068.5,61150,3.19,43,5.33,3.19,8,4,2014-08-01,2014-08-01,0,0,On-Time
2523,Ghana,PMO - US,Direct Drop,FCA,Air,ARV,Pediatric,ABBVIE LOGISTICS (FORMERLY ABBOTT LOGISTICS BV),63.0,1317.82,2661.12,448,5.94,105,20.92,5.94,8,2,2014-08-06,2014-08-06,0,0,On-Time
2524,Ghana,PMO - US,Direct Drop,FCA,Air,ARV,Pediatric,ABBVIE LOGISTICS (FORMERLY ABBOTT LOGISTICS BV),110.0,2060.79,5547.96,934,5.94,115,18.73,5.94,8,3,2014-08-07,2014-08-07,0,0,On-Time
2525,Haiti,PMO - US,Direct Drop,EXW,Air,HRDT,HIV test,"Orgenics, Ltd",1825.0,17758.82,450000.0,4500,100.0,169,9.73,100.0,8,3,2014-08-07,2014-08-07,0,0,On-Time
2526,Tanzania,PMO - US,Direct Drop,EXW,Air,HRDT,HIV test,"Trinity Biotech, Plc",101.0,1428.13,10752.0,336,32.0,94,14.14,32.0,8,4,2014-08-08,2014-08-08,0,0,On-Time
2527,"Congo, DRC",PMO - US,Direct Drop,EXW,Air,HRDT,HIV test,"Orgenics, Ltd",1581.0,40965.77,250000.0,3125,80.0,83,25.91,80.0,8,0,2014-08-11,2014-08-11,0,0,On-Time
2528,Guyana,PMO - US,Direct Drop,FCA,Air,ARV,Pediatric,ABBVIE LOGISTICS (FORMERLY ABBOTT LOGISTICS BV),50.0,828.23,1033.94,17,60.82,105,16.56,60.82,8,0,2014-08-11,2014-08-11,0,0,On-Time
2529,Vietnam,PMO - US,Direct Drop,EXW,Air,ARV,Adult,HETERO LABS LIMITED,3283.0,5173.14,173544.0,16528,10.5,156,1.58,10.5,8,2,2014-08-13,2014-07-30,-14,0,On-Time
2530,Vietnam,PMO - US,Direct Drop,EXW,Air,ARV,Adult,HETERO LABS LIMITED,2175.0,4354.8,34410.0,18600,1.85,156,2.0,1.85,8,2,2014-08-13,2014-08-13,0,0,On-Time
2531,Vietnam,PMO - US,Direct Drop,EXW,Air,ARV,Adult,HETERO LABS LIMITED,3138.0,4964.6,238896.0,22752,10.5,156,1.58,10.5,8,2,2014-08-13,2014-07-30,-14,0,On-Time
2532,Vietnam,PMO - US,Direct Drop,EXW,Air,ARV,Adult,MYLAN LABORATORIES LTD (FORMERLY MATRIX LABORATORIES),3868.0,7238.46,225990.0,27900,8.1,159,1.87,8.1,8,5,2014-08-16,2014-08-16,0,0,On-Time
2533,Vietnam,PMO - US,Direct Drop,FCA,Air,ARV,Adult,ABBVIE LOGISTICS (FORMERLY ABBOTT LOGISTICS BV),1272.0,3824.06,316264.0,5200,60.82,81,3.01,60.82,8,5,2014-08-16,2014-08-16,0,0,On-Time
2534,Vietnam,PMO - US,Direct Drop,FCA,Air,ARV,Adult,ABBVIE LOGISTICS (FORMERLY ABBOTT LOGISTICS BV),38.0,1779.09,6978.0,300,23.26,161,46.82,23.26,8,0,2014-08-18,2014-08-18,0,0,On-Time
2535,Vietnam,PMO - US,Direct Drop,EXW,Air,ARV,Adult,MYLAN LABORATORIES LTD (FORMERLY MATRIX LABORATORIES),1685.0,3251.35,98010.0,12100,8.1,161,1.93,8.1,8,0,2014-08-18,2014-08-18,0,0,On-Time
2536,Vietnam,PMO - US,Direct Drop,FCA,Air,ARV,Adult,ABBVIE LOGISTICS (FORMERLY ABBOTT LOGISTICS BV),1175.0,1779.1,291936.0,4800,60.82,161,1.51,60.82,8,0,2014-08-18,2014-08-18,0,0,On-Time
2537,Nigeria,PMO - US,Direct Drop,EXW,Air,HRDT,HIV test,"Orgenics, Ltd",2022.0,30257.97,443843.0,4987,89.0,78,14.96,89.0,8,1,2014-08-19,2014-09-02,14,1,Delayed
2538,Nigeria,PMO - US,Direct Drop,EXW,Air,HRDT,HIV test,"Orgenics, Ltd",2755.0,25709.5,371753.0,4177,89.0,78,9.33,89.0,8,1,2014-08-19,2014-09-05,17,1,Delayed
2539,Nigeria,PMO - US,Direct Drop,EXW,Air,HRDT,HIV test,"Orgenics, Ltd",3764.0,38029.42,567375.0,6375,89.0,78,10.1,89.0,8,1,2014-08-19,2014-08-26,7,1,Delayed
2540,Nigeria,PMO - US,Direct Drop,EXW,Air,HRDT,HIV test,"Orgenics, Ltd",3435.0,34730.62,523676.0,5884,89.0,78,10.11,89.0,8,1,2014-08-19,2014-08-27,8,1,Delayed
2541,Nigeria,PMO - US,Direct Drop,EXW,Air,HRDT,HIV test,"Orgenics, Ltd",1934.0,28895.07,423462.0,4758,89.0,78,14.94,89.0,8,1,2014-08-19,2014-08-19,0,0,On-Time
2542,Nigeria,PMO - US,Direct Drop,EXW,Air,HRDT,HIV test,"Orgenics, Ltd",1279.0,19112.91,280706.0,3154,89.0,78,14.94,89.0,8,1,2014-08-19,2014-09-09,21,1,Delayed
2543,Nigeria,PMO - US,Direct Drop,EXW,Air,HRDT,HIV test,"Orgenics, Ltd",2571.0,37297.95,564260.0,6340,89.0,78,14.51,89.0,8,1,2014-08-19,2014-08-27,8,1,Delayed
2544,Nigeria,PMO - US,Direct Drop,EXW,Air,HRDT,HIV test,"Orgenics, Ltd",2471.0,35912.43,542989.0,6101,89.0,78,14.53,89.0,8,1,2014-08-19,2014-08-19,0,0,On-Time
2545,Nigeria,PMO - US,Direct Drop,EXW,Air,HRDT,HIV test,"Orgenics, Ltd",2355.0,16816.33,246441.0,2769,89.0,78,7.14,89.0,8,1,2014-08-19,2014-09-04,16,1,Delayed
2546,Nigeria,PMO - US,Direct Drop,EXW,Air,HRDT,HIV test,"Orgenics, Ltd",2402.0,35747.28,525545.0,5905,89.0,78,14.88,89.0,8,1,2014-08-19,2014-09-02,14,1,Delayed
2547,Nigeria,PMO - US,Direct Drop,EXW,Air,HRDT,HIV test,"Orgenics, Ltd",3473.0,35117.35,525367.0,5903,89.0,78,10.11,89.0,8,1,2014-08-19,2014-08-29,10,1,Delayed
2548,Zimbabwe,PMO - US,Direct Drop,EXW,Air,ARV,Pediatric,STRIDES ARCOLAB LIMITED,884.0,8280.73,131725.2,14164,9.3,62,9.37,9.3,8,2,2014-08-20,2014-08-20,0,0,On-Time
2549,"Congo, DRC",PMO - US,Direct Drop,EXW,Air,ARV,Pediatric,CIPLA LIMITED,25.0,1765.03,322.5,150,2.15,109,70.6,2.15,8,4,2014-08-22,2014-08-22,0,0,On-Time
2550,Rwanda,PMO - US,Direct Drop,EXW,Air,ARV,Pediatric,EMCURE PHARMACEUTICALS LTD,145.0,1950.74,46563.0,1411,33.0,115,13.45,33.0,8,4,2014-08-22,2014-08-22,0,0,On-Time
2551,Rwanda,PMO - US,Direct Drop,EXW,Air,ARV,Adult,MYLAN LABORATORIES LTD (FORMERLY MATRIX LABORATORIES),405.0,3484.48,60000.0,3000,20.0,98,8.6,20.0,8,4,2014-08-22,2014-08-22,0,0,On-Time
2552,Rwanda,PMO - US,Direct Drop,FCA,Air,ARV,Adult,ABBVIE LOGISTICS (FORMERLY ABBOTT LOGISTICS BV),442.0,6776.8,23975.0,3500,6.85,120,15.33,6.85,8,4,2014-08-22,2014-08-22,0,0,On-Time
2553,Rwanda,PMO - US,Direct Drop,FCA,Air,ARV,Pediatric,LAWRENCE LABORATORIES (SUBSIDIARY OF BRISTOL MYERS SQUIBB),17.0,733.64,7311.6,216,33.85,53,43.16,33.85,8,4,2014-08-22,2014-08-22,0,0,On-Time
2554,Uganda,PMO - US,Direct Drop,EXW,Air,HRDT,HIV test,BIO-RAD LABORATORIES (FRANCE),68.0,1305.28,55913.85,45,1242.53,134,19.2,1242.53,8,4,2014-08-22,2014-08-22,0,0,On-Time
2555,Haiti,PMO - US,Direct Drop,EXW,Air,ARV,Adult,HETERO LABS LIMITED,659.0,5586.53,21909.0,10050,2.18,84,8.48,2.18,8,0,2014-08-25,2014-08-25,0,0,On-Time
2556,Haiti,PMO - US,Direct Drop,EXW,Air,ARV,Adult,MYLAN LABORATORIES LTD (FORMERLY MATRIX LABORATORIES),19.0,1274.35,232.0,58,4.0,84,67.07,4.0,8,0,2014-08-25,2014-08-25,0,0,On-Time
2557,Haiti,PMO - US,Direct Drop,EXW,Air,ARV,Pediatric,CIPLA LIMITED,50.0,1342.44,2410.0,482,5.0,321,26.85,5.0,8,0,2014-08-25,2014-08-25,0,0,On-Time
2558,"Congo, DRC",PMO - US,Direct Drop,EXW,Air,ARV,Pediatric,Aurobindo Pharma Limited,161.0,2038.97,734.0,367,2.0,113,12.66,2.0,8,1,2014-08-26,2014-08-26,0,0,On-Time
2559,"Congo, DRC",PMO - US,Direct Drop,EXW,Air,ARV,Adult,Aurobindo Pharma Limited,9.0,734.66,758.0,100,7.58,113,81.63,7.58,8,1,2014-08-26,2014-08-26,0,0,On-Time
2560,Tanzania,PMO - US,Direct Drop,FCA,Air,ARV,Pediatric,ABBVIE LOGISTICS (FORMERLY ABBOTT LOGISTICS BV),261.0,2569.33,8259.76,268,30.82,193,9.84,30.82,8,1,2014-08-26,2014-08-26,0,0,On-Time
2561,Uganda,PMO - US,Direct Drop,FCA,Air,ARV,Adult,ABBVIE LOGISTICS (FORMERLY ABBOTT LOGISTICS BV),103.0,1393.29,3966.15,579,6.85,203,13.53,6.85,8,1,2014-08-26,2014-08-26,0,0,On-Time
2562,Haiti,PMO - US,Direct Drop,EXW,Air,HRDT,HIV test,"SHANGHAI KEHUA BIOENGINEERING CO.,LTD.  (KHB)",300.0,3446.68,11025.0,450,24.5,190,11.49,24.5,8,3,2014-08-28,2014-08-28,0,0,On-Time
2563,"Congo, DRC",PMO - US,Direct Drop,EXW,Air,ARV,Pediatric,Aurobindo Pharma Limited,30.0,1678.57,312.0,240,1.3,94,55.95,1.3,8,4,2014-08-29,2014-08-29,0,0,On-Time
2564,Haiti,PMO - US,Direct Drop,FCA,Air,ARV,Pediatric,ABBVIE LOGISTICS (FORMERLY ABBOTT LOGISTICS BV),61.0,1257.16,1232.8,40,30.82,123,20.61,30.82,8,4,2014-08-29,2014-08-29,0,0,On-Time
2565,Tanzania,PMO - US,Direct Drop,EXW,Air,HRDT,HIV test,"Orgenics, Ltd",277.0,4379.48,53760.0,672,80.0,122,15.81,80.0,8,4,2014-08-29,2014-08-29,0,0,On-Time
2566,Côte d'Ivoire,PMO - US,Direct Drop,EXW,Air,HRDT,HIV test,"Standard Diagnostics, Inc.",111.0,1857.39,7175.0,350,20.5,190,16.73,20.5,9,3,2014-09-04,2014-09-04,0,0,On-Time
2567,Zimbabwe,PMO - US,Direct Drop,CIP,Air,ARV,Pediatric,MYLAN LABORATORIES LTD (FORMERLY MATRIX LABORATORIES),9210.0,7510.0,593820.0,164950,3.6,111,0.82,3.6,9,3,2014-09-04,2014-09-04,0,0,On-Time
2568,"Congo, DRC",PMO - US,Direct Drop,EXW,Air,HRDT,HIV test,"Trinity Biotech, Plc",112.0,3196.31,1088.0,34,32.0,108,28.54,32.0,9,4,2014-09-05,2014-09-05,0,0,On-Time
2569,Ghana,PMO - US,Direct Drop,EXW,Air,ARV,Adult,HETERO LABS LIMITED,1825.0,10790.63,80605.14,17447,4.62,147,5.91,4.62,9,0,2014-09-08,2014-09-08,0,0,On-Time
2570,Mozambique,PMO - US,Direct Drop,EXW,Air,HRDT,HIV test,"Trinity Biotech, Plc",298.0,16397.94,264352.0,8261,32.0,40,55.03,32.0,9,0,2014-09-08,2014-09-08,0,0,On-Time
2571,Haiti,PMO - US,Direct Drop,FCA,Air,ARV,Pediatric,ABBVIE LOGISTICS (FORMERLY ABBOTT LOGISTICS BV),65.0,892.5,3088.8,520,5.94,104,13.73,5.94,9,1,2014-09-09,2014-09-09,0,0,On-Time
2572,Mozambique,PMO - US,Direct Drop,EXW,Air,HRDT,HIV test,"Orgenics, Ltd",1914.0,13489.96,376640.0,4708,80.0,42,7.05,80.0,9,2,2014-09-10,2014-09-10,0,0,On-Time
2573,Mozambique,PMO - US,Direct Drop,EXW,Air,HRDT,HIV test,"Orgenics, Ltd",1287.0,9209.0,253840.0,3173,80.0,42,7.16,80.0,9,2,2014-09-10,2014-09-10,0,0,On-Time
2574,Mozambique,PMO - US,Direct Drop,EXW,Air,HRDT,HIV test,"Orgenics, Ltd",1351.0,9168.48,265520.0,3319,80.0,42,6.79,80.0,9,2,2014-09-10,2014-09-10,0,0,On-Time
2575,Zimbabwe,PMO - US,Direct Drop,EXW,Ocean,ARV,Pediatric,ABBVIE LOGISTICS (FORMERLY ABBOTT LOGISTICS BV),4528.0,25189.51,248529.6,41840,5.94,118,5.56,5.94,9,2,2014-09-10,2014-09-10,0,0,On-Time
2576,Ghana,PMO - US,Direct Drop,EXW,Air,ARV,Adult,MYLAN LABORATORIES LTD (FORMERLY MATRIX LABORATORIES),4707.0,32683.47,415552.08,38692,10.74,119,6.94,10.74,9,3,2014-09-11,2014-09-11,0,0,On-Time
2577,Ghana,PMO - US,Direct Drop,EXW,Air,ARV,Adult,MYLAN LABORATORIES LTD (FORMERLY MATRIX LABORATORIES),758.0,6956.18,47364.8,8458,5.6,149,9.18,5.6,9,3,2014-09-11,2014-09-11,0,0,On-Time
2578,Haiti,PMO - US,Direct Drop,EXW,Air,ARV,Adult,MICRO LABS LIMITED,2423.0,14650.41,89125.84,29908,2.98,137,6.05,2.98,9,4,2014-09-12,2014-09-12,0,0,On-Time
2579,Uganda,PMO - US,Direct Drop,CIP,Air,ARV,Adult,ASPEN PHARMACARE,119.0,321.94,53746.2,807,66.6,65,2.71,66.6,9,4,2014-09-12,2014-09-12,0,0,On-Time
2580,Zambia,PMO - US,Direct Drop,EXW,Air,HRDT,HIV test,"Orgenics, Ltd",2439.0,30885.26,480000.0,6000,80.0,115,12.66,80.0,9,4,2014-09-12,2014-09-12,0,0,On-Time
2581,Rwanda,PMO - US,Direct Drop,FCA,Air,ARV,Adult,ABBVIE LOGISTICS (FORMERLY ABBOTT LOGISTICS BV),204.0,1949.64,10370.9,1514,6.85,41,9.56,6.85,9,1,2014-09-16,2014-09-16,0,0,On-Time
2582,Vietnam,PMO - US,Direct Drop,EXW,Air,ARV,Adult,HETERO LABS LIMITED,1948.0,3138.25,56800.0,16000,3.55,139,1.61,3.55,9,1,2014-09-16,2014-09-16,0,0,On-Time
2583,Vietnam,PMO - US,Direct Drop,EXW,Air,ARV,Adult,HETERO LABS LIMITED,1955.0,6194.69,147168.0,14016,10.5,139,3.17,10.5,9,1,2014-09-16,2014-09-23,7,1,Delayed
2584,Vietnam,PMO - US,Direct Drop,EXW,Air,ARV,Adult,HETERO LABS LIMITED,2388.0,3790.32,180474.0,17188,10.5,139,1.59,10.5,9,1,2014-09-16,2014-09-16,0,0,On-Time
2585,Zimbabwe,PMO - US,Direct Drop,EXW,Air Charter,ARV,Adult,HETERO LABS LIMITED,4584.0,25682.65,194927.04,42192,4.62,113,5.6,4.62,9,2,2014-09-17,2014-09-17,0,0,On-Time
2586,Zimbabwe,PMO - US,Direct Drop,EXW,Air Charter,ARV,Adult,HETERO LABS LIMITED,4601.0,28788.73,195592.32,42336,4.62,113,6.26,4.62,9,2,2014-09-17,2014-09-17,0,0,On-Time
2587,Zimbabwe,PMO - US,Direct Drop,EXW,Air Charter,ARV,Adult,HETERO LABS LIMITED,4559.0,25272.8,194187.84,42032,4.62,113,5.54,4.62,9,2,2014-09-17,2014-09-17,0,0,On-Time
2588,Zimbabwe,PMO - US,Direct Drop,EXW,Air Charter,ARV,Adult,HETERO LABS LIMITED,5151.0,29257.65,217768.32,47136,4.62,113,5.68,4.62,9,2,2014-09-17,2014-09-17,0,0,On-Time
2589,Zimbabwe,PMO - US,Direct Drop,EXW,Air Charter,ARV,Adult,HETERO LABS LIMITED,4589.0,27376.22,195148.8,42240,4.62,113,5.97,4.62,9,2,2014-09-17,2014-09-17,0,0,On-Time
2590,Zimbabwe,PMO - US,Direct Drop,EXW,Air Charter,ARV,Adult,HETERO LABS LIMITED,1468.0,12091.91,73980.06,16013,4.62,113,8.24,4.62,9,2,2014-09-17,2014-09-17,0,0,On-Time
2591,Zimbabwe,PMO - US,Direct Drop,EXW,Air Charter,ARV,Adult,HETERO LABS LIMITED,4598.0,25467.64,124984.86,27053,4.62,113,5.54,4.62,9,2,2014-09-17,2014-09-17,0,0,On-Time
2592,Zimbabwe,PMO - US,Direct Drop,EXW,Air,ARV,Pediatric,ABBVIE LOGISTICS (FORMERLY ABBOTT LOGISTICS BV),1902.0,16777.24,62410.5,2025,30.82,45,8.82,30.82,9,3,2014-09-18,2014-09-18,0,0,On-Time
2593,Vietnam,PMO - US,Direct Drop,EXW,Air,ARV,Adult,HETERO LABS LIMITED,2401.0,3701.66,181440.0,17280,10.5,145,1.54,10.5,9,0,2014-09-22,2014-09-15,-7,0,On-Time
2594,Vietnam,PMO - US,Direct Drop,EXW,Air,ARV,Adult,HETERO LABS LIMITED,1671.0,2718.03,155190.0,14780,10.5,145,1.63,10.5,9,0,2014-09-22,2014-09-15,-7,0,On-Time
2595,Vietnam,PMO - US,Direct Drop,EXW,Air,ARV,Adult,HETERO LABS LIMITED,2190.0,3467.7,24850.0,7000,3.55,145,1.58,3.55,9,0,2014-09-22,2014-09-22,0,0,On-Time
2596,Uganda,PMO - US,Direct Drop,FCA,Air,ARV,Pediatric,ABBVIE LOGISTICS (FORMERLY ABBOTT LOGISTICS BV),120.0,1487.76,2311.5,75,30.82,92,12.4,30.82,9,1,2014-09-23,2014-09-23,0,0,On-Time
2597,Burundi,PMO - US,Direct Drop,EXW,Air,HRDT,HIV test,"CHEMBIO DIAGNOSTIC SYSTEMS, INC.",44.0,694.1,11426.4,414,27.6,52,15.77,27.6,9,4,2014-09-26,2014-09-26,0,0,On-Time
2598,Haiti,PMO - US,Direct Drop,FCA,Air,ARV,Adult,ABBVIE LOGISTICS (FORMERLY ABBOTT LOGISTICS BV),406.0,2562.6,18809.28,1008,18.66,121,6.31,18.66,9,4,2014-09-26,2014-09-26,0,0,On-Time
2599,"Congo, DRC",PMO - US,Direct Drop,EXW,Air,ARV,Adult,CIPLA LIMITED,1463.0,12498.65,81000.0,10000,8.1,147,8.54,8.1,9,0,2014-09-29,2014-09-29,0,0,On-Time
2600,Namibia,PMO - US,Direct Drop,EXW,Air,ARV,Adult,MYLAN LABORATORIES LTD (FORMERLY MATRIX LABORATORIES),4171.0,20371.77,378000.0,36000,10.5,41,4.88,10.5,9,0,2014-09-29,2014-09-29,0,0,On-Time
2601,South Sudan,PMO - US,Direct Drop,EXW,Air,HRDT,HIV test,"Trinity Biotech, Plc",175.0,4011.66,800.0,25,32.0,90,22.92,32.0,9,0,2014-09-29,2014-09-29,0,0,On-Time
2602,South Sudan,PMO - US,Direct Drop,EXW,Air,ARV,Pediatric,Aurobindo Pharma Limited,165.0,1960.89,3172.5,2538,1.25,102,11.88,1.25,9,0,2014-09-29,2014-09-29,0,0,On-Time
2603,"Congo, DRC",PMO - US,Direct Drop,EXW,Air,ARV,Pediatric,Aurobindo Pharma Limited,132.0,2516.57,1175.0,940,1.25,134,19.06,1.25,9,1,2014-09-30,2014-09-30,0,0,On-Time
2604,"Congo, DRC",PMO - US,Direct Drop,EXW,Air,ARV,Adult,STRIDES ARCOLAB LIMITED,116.0,2322.08,7947.8,980,8.11,148,20.02,8.11,9,1,2014-09-30,2014-09-30,0,0,On-Time
2605,Tanzania,PMO - US,Direct Drop,FCA,Air,ARV,Pediatric,ABBVIE LOGISTICS (FORMERLY ABBOTT LOGISTICS BV),278.0,5656.74,9369.28,304,30.82,137,20.35,30.82,9,1,2014-09-30,2014-09-30,0,0,On-Time
2606,Mozambique,PMO - US,Direct Drop,EXW,Air,ARV,Adult,B&C GROUP S.A.,13.0,277.4,5328.0,80,66.6,201,21.34,66.6,10,2,2014-10-01,2014-10-01,0,0,On-Time
2607,Mozambique,PMO - US,Direct Drop,EXW,Air,HRDT,HIV test,BIO-RAD LABORATORIES (FRANCE),111.0,1368.78,99402.4,80,1242.53,125,12.33,1242.53,10,2,2014-10-01,2014-10-01,0,0,On-Time
2608,Vietnam,PMO - US,Direct Drop,FCA,Air,ARV,Adult,ABBVIE LOGISTICS (FORMERLY ABBOTT LOGISTICS BV),52.0,379.77,9304.0,400,23.26,154,7.3,23.26,10,2,2014-10-01,2014-10-01,0,0,On-Time
2609,Zambia,PMO - US,Direct Drop,EXW,Air,ARV,Adult,HETERO LABS LIMITED,6304.0,34182.97,218000.0,100000,2.18,134,5.42,2.18,10,2,2014-10-01,2014-10-01,0,0,On-Time
2610,Tanzania,PMO - US,Direct Drop,FCA,Air,ARV,Pediatric,ABBVIE LOGISTICS (FORMERLY ABBOTT LOGISTICS BV),668.0,4835.39,31321.62,5273,5.94,139,7.24,5.94,10,3,2014-10-02,2014-10-02,0,0,On-Time
2611,South Sudan,PMO - US,Direct Drop,EXW,Air,HRDT,HIV test - Ancillary,"Orgenics, Ltd",173.0,4594.07,920.0,115,8.0,95,26.56,8.0,10,4,2014-10-03,2014-10-03,0,0,On-Time
2612,Burundi,PMO - US,Direct Drop,EXW,Air,HRDT,HIV test,"Orgenics, Ltd",1415.0,33228.68,278720.0,3484,80.0,61,23.48,80.0,10,0,2014-10-06,2014-10-06,0,0,On-Time
2613,Côte d'Ivoire,PMO - US,Direct Drop,EXW,Air,HRDT,HIV test,"Orgenics, Ltd",595.0,7651.46,117600.0,1470,80.0,223,12.86,80.0,10,1,2014-10-07,2014-10-07,0,0,On-Time
2614,"Congo, DRC",PMO - US,Direct Drop,EXW,Air,ANTM,Malaria,AMSTELFARMA B.V.,902.0,5914.0,25680.0,1070,24.0,139,6.56,24.0,10,3,2014-10-09,2014-10-09,0,0,On-Time
2615,Ghana,PMO - US,Direct Drop,EXW,Air,ARV,Adult,HETERO LABS LIMITED,4486.0,20394.49,210819.84,45632,4.62,139,4.55,4.62,10,3,2014-10-09,2014-10-09,0,0,On-Time
2616,Ghana,PMO - US,Direct Drop,EXW,Air,ARV,Pediatric,Aurobindo Pharma Limited,1575.0,8130.55,7304.0,3652,2.0,139,5.16,2.0,10,3,2014-10-09,2014-10-09,0,0,On-Time
2617,Zimbabwe,PMO - US,Direct Drop,EXW,Air,ARV,Pediatric,ABBVIE LOGISTICS (FORMERLY ABBOTT LOGISTICS BV),3287.0,26515.21,116931.08,3794,30.82,147,8.07,30.82,10,3,2014-10-09,2014-10-09,0,0,On-Time
2618,Côte d'Ivoire,PMO - US,Direct Drop,EXW,Air,HRDT,HIV test,"CHEMBIO DIAGNOSTIC SYSTEMS, INC.",219.0,2516.62,16430.0,530,31.0,228,11.49,31.0,10,0,2014-10-13,2014-10-13,0,0,On-Time
2619,Namibia,PMO - US,Direct Drop,EXW,Air,ARV,Adult,HETERO LABS LIMITED,1812.0,8683.99,73675.0,21050,3.5,45,4.79,3.5,10,0,2014-10-13,2014-10-13,0,0,On-Time
2620,Haiti,PMO - US,Direct Drop,EXW,Air,ARV,Adult,CIPLA LIMITED,2866.0,17036.99,160663.5,19835,8.1,167,5.94,8.1,10,1,2014-10-14,2014-10-14,0,0,On-Time
2621,Haiti,PMO - US,Direct Drop,EXW,Air,ARV,Pediatric,CIPLA LIMITED,192.0,2971.3,6933.6,1926,3.6,167,15.48,3.6,10,1,2014-10-14,2014-10-14,0,0,On-Time
2622,Haiti,PMO - US,Direct Drop,EXW,Air,ARV,Adult,CIPLA LIMITED,979.0,6161.47,40419.54,8806,4.59,167,6.29,4.59,10,1,2014-10-14,2014-10-14,0,0,On-Time
2623,Haiti,PMO - US,Direct Drop,EXW,Air,ARV,Pediatric,CIPLA LIMITED,250.0,2794.21,6336.16,3184,1.99,167,11.18,1.99,10,1,2014-10-14,2014-10-14,0,0,On-Time
2624,Uganda,PMO - US,Direct Drop,EXW,Air,HRDT,HIV test,"Trinity Biotech, Plc",566.0,3603.93,60896.0,1903,32.0,40,6.37,32.0,10,1,2014-10-14,2014-10-14,0,0,On-Time
2625,Uganda,PMO - US,Direct Drop,EXW,Air,HRDT,HIV test,"CHEMBIO DIAGNOSTIC SYSTEMS, INC.",86.0,798.43,22080.0,800,27.6,40,9.28,27.6,10,1,2014-10-14,2014-10-14,0,0,On-Time
2626,Rwanda,PMO - US,Direct Drop,EXW,Air,HRDT,HIV test,"Orgenics, Ltd",766.0,14125.63,151280.0,1891,80.0,130,18.44,80.0,10,4,2014-10-17,2014-10-17,0,0,On-Time
2627,Haiti,PMO - US,Direct Drop,EXW,Ocean,ARV,Pediatric,Aurobindo Pharma Limited,536.0,1893.24,1955.45,1295,1.51,174,3.53,1.51,10,0,2014-10-20,2014-10-20,0,0,On-Time
2628,Haiti,PMO - US,Direct Drop,EXW,Ocean,ARV,Adult,MYLAN LABORATORIES LTD (FORMERLY MATRIX LABORATORIES),5342.0,9195.61,499410.0,46500,10.74,140,1.72,10.74,10,0,2014-10-20,2014-10-20,0,0,On-Time
2629,Haiti,PMO - US,Direct Drop,EXW,Ocean,ARV,Adult,HETERO LABS LIMITED,813.0,1922.5,60990.47,9227,6.61,168,2.36,6.61,10,0,2014-10-20,2014-10-20,0,0,On-Time
2630,Namibia,PMO - US,Direct Drop,EXW,Air,ARV,Adult,HETERO LABS LIMITED,2631.0,12463.74,113984.64,24672,4.62,69,4.74,4.62,10,2,2014-10-22,2014-10-22,0,0,On-Time
2631,Namibia,PMO - US,Direct Drop,EXW,Air,ARV,Adult,HETERO LABS LIMITED,2630.0,12463.74,111323.52,24096,4.62,69,4.74,4.62,10,2,2014-10-22,2014-10-22,0,0,On-Time
2632,Namibia,PMO - US,Direct Drop,EXW,Air,ARV,Adult,HETERO LABS LIMITED,352.0,2429.39,13444.2,2910,4.62,69,6.9,4.62,10,2,2014-10-22,2014-10-22,0,0,On-Time
2633,Namibia,PMO - US,Direct Drop,EXW,Air,ARV,Adult,HETERO LABS LIMITED,2637.0,13397.02,107747.64,23322,4.62,69,5.08,4.62,10,2,2014-10-22,2014-10-22,0,0,On-Time
2634,Vietnam,PMO - US,Direct Drop,FCA,Air,ARV,Adult,ABBVIE LOGISTICS (FORMERLY ABBOTT LOGISTICS BV),499.0,1467.82,121640.0,2000,60.82,175,2.94,60.82,10,2,2014-10-22,2014-10-22,0,0,On-Time
2635,Tanzania,PMO - US,Direct Drop,EXW,Air,HRDT,HIV test,"Trinity Biotech, Plc",82.0,1353.35,8064.0,252,32.0,172,16.5,32.0,10,5,2014-10-25,2014-10-25,0,0,On-Time
2636,Vietnam,PMO - US,Direct Drop,EXW,Air,ARV,Adult,MYLAN LABORATORIES LTD (FORMERLY MATRIX LABORATORIES),696.0,1599.67,51920.0,8000,6.49,122,2.3,6.49,10,0,2014-10-27,2014-10-27,0,0,On-Time
2637,Uganda,PMO - US,Direct Drop,CIP,Air,ARV,Adult,MERCK SHARP & DOHME IDEA GMBH (FORMALLY MERCK SHARP & DOHME B.V.),137.0,309.95,72094.5,1299,55.5,127,2.26,55.5,10,1,2014-10-28,2014-10-28,0,0,On-Time
2638,Uganda,PMO - US,Direct Drop,EXW,Air,ARV,Adult,MYLAN LABORATORIES LTD (FORMERLY MATRIX LABORATORIES),420.0,2335.73,62300.0,3115,20.0,130,5.56,20.0,10,1,2014-10-28,2014-10-28,0,0,On-Time
2639,Haiti,PMO - US,Direct Drop,EXW,Air,ARV,Adult,HETERO LABS LIMITED,2608.0,21886.49,195887.35,29635,6.61,177,8.39,6.61,10,2,2014-10-29,2014-10-29,0,0,On-Time
2640,Vietnam,PMO - US,Direct Drop,FCA,Air,ARV,Adult,ABBVIE LOGISTICS (FORMERLY ABBOTT LOGISTICS BV),1714.0,4881.42,425740.0,7000,60.82,182,2.85,60.82,10,2,2014-10-29,2014-10-29,0,0,On-Time
2641,Haiti,PMO - US,Direct Drop,EXW,Ocean,ARV,Adult,HETERO LABS LIMITED,14925.0,22100.46,156784.32,33936,4.62,150,1.48,4.62,10,3,2014-10-30,2014-10-30,0,0,On-Time
2642,Vietnam,PMO - US,Direct Drop,EXW,Air,ARV,Adult,MYLAN LABORATORIES LTD (FORMERLY MATRIX LABORATORIES),2235.0,3708.72,63602.0,9800,6.49,183,1.66,6.49,10,3,2014-10-30,2014-10-30,0,0,On-Time
2643,Uganda,PMO - US,Direct Drop,CIP,Air,ARV,Adult,JANSSEN SCIENCES IRELAND UC (FORMERLY JANSSEN R&D IRELAND),151.0,297.25,18036.0,501,36.0,68,1.97,36.0,11,5,2014-11-01,2014-11-01,0,0,On-Time
2644,Cameroon,PMO - US,Direct Drop,EXW,Air,HRDT,HIV test,Orasure Technologies Inc.,77.0,1800.48,10500.0,30,350.0,18,23.38,350.0,11,0,2014-11-03,2014-11-03,0,0,On-Time
2645,Côte d'Ivoire,PMO - US,Direct Drop,FCA,Air,ARV,Pediatric,ABBVIE LOGISTICS (FORMERLY ABBOTT LOGISTICS BV),505.0,6523.85,15410.0,500,30.82,95,12.92,30.82,11,0,2014-11-03,2014-11-03,0,0,On-Time
2646,Ghana,PMO - US,Direct Drop,EXW,Air,ARV,Adult,HETERO LABS LIMITED,4539.0,22271.36,210819.84,45632,4.62,118,4.91,4.62,11,0,2014-11-03,2014-11-03,0,0,On-Time
2647,Haiti,PMO - US,Direct Drop,EXW,Air,HRDT,HIV test,"SHANGHAI KEHUA BIOENGINEERING CO.,LTD.  (KHB)",253.0,3145.85,9800.0,400,24.5,257,12.43,24.5,11,0,2014-11-03,2014-11-03,0,0,On-Time
2648,Vietnam,PMO - US,Direct Drop,EXW,Air,ARV,Adult,MYLAN LABORATORIES LTD (FORMERLY MATRIX LABORATORIES),1725.0,3273.14,129800.0,20000,6.49,129,1.9,6.49,11,0,2014-11-03,2014-11-03,0,0,On-Time
2649,Vietnam,PMO - US,Direct Drop,EXW,Air,ARV,Adult,MYLAN LABORATORIES LTD (FORMERLY MATRIX LABORATORIES),4168.0,6717.79,162000.0,20000,8.1,187,1.61,8.1,11,0,2014-11-03,2014-11-03,0,0,On-Time
2650,Zimbabwe,PMO - US,Direct Drop,EXW,Ocean,ARV,Pediatric,MYLAN LABORATORIES LTD (FORMERLY MATRIX LABORATORIES),11430.0,22059.25,736966.8,204713,3.6,136,1.93,3.6,11,0,2014-11-03,2014-11-03,0,0,On-Time
2651,"Congo, DRC",PMO - US,Direct Drop,EXW,Air,HRDT,HIV test,"Trinity Biotech, Plc",509.0,8021.11,2464.0,77,32.0,69,15.76,32.0,11,1,2014-11-04,2014-11-04,0,0,On-Time
2652,Ghana,PMO - US,Direct Drop,EXW,Ocean,ARV,Pediatric,Aurobindo Pharma Limited,5467.0,11447.38,19824.09,13863,1.43,165,2.09,1.43,11,1,2014-11-04,2014-11-04,0,0,On-Time
2653,Guyana,PMO - US,Direct Drop,FCA,Air,ARV,Pediatric,ABBVIE LOGISTICS (FORMERLY ABBOTT LOGISTICS BV),39.0,790.71,729.84,12,60.82,71,20.27,60.82,11,2,2014-11-05,2014-11-05,0,0,On-Time
2654,Haiti,PMO - US,Direct Drop,EXW,Air,HRDT,HIV test,"Orgenics, Ltd",1624.0,14758.34,400000.0,4000,100.0,260,9.09,100.0,11,3,2014-11-06,2014-11-06,0,0,On-Time
2655,Uganda,PMO - US,Direct Drop,FCA,Air,ARV,Pediatric,ABBVIE LOGISTICS (FORMERLY ABBOTT LOGISTICS BV),82.0,1042.36,4300.56,724,5.94,136,12.71,5.94,11,3,2014-11-06,2014-11-06,0,0,On-Time
2656,Vietnam,PMO - US,Direct Drop,EXW,Air,ARV,Adult,MICRO LABS LIMITED,1292.0,2800.95,15808.0,7600,2.08,191,2.17,2.08,11,4,2014-11-07,2014-11-07,0,0,On-Time
2657,Zimbabwe,PMO - US,Direct Drop,EXW,Air,HRDT,HIV test,"Orgenics, Ltd",2933.0,42028.45,578640.0,7233,80.0,268,14.33,80.0,11,4,2014-11-07,2014-11-07,0,0,On-Time
2658,Uganda,PMO - US,Direct Drop,FCA,Air,ARV,Adult,ABBVIE LOGISTICS (FORMERLY ABBOTT LOGISTICS BV),83.0,800.0,3966.15,579,6.85,138,9.64,6.85,11,5,2014-11-08,2014-11-08,0,0,On-Time
2659,"Congo, DRC",PMO - US,Direct Drop,EXW,Air,ARV,Pediatric,Aurobindo Pharma Limited,95.0,2453.16,12100.0,1100,11.0,115,25.82,11.0,11,0,2014-11-10,2014-11-10,0,0,On-Time
2660,Ghana,PMO - US,Direct Drop,EXW,Air,ARV,Adult,Aurobindo Pharma Limited,3612.0,18256.1,236594.6,28853,8.2,171,5.05,8.2,11,0,2014-11-10,2014-11-10,0,0,On-Time
2661,Ghana,PMO - US,Direct Drop,EXW,Ocean,ARV,Adult,STRIDES ARCOLAB LIMITED,10803.0,24636.23,535014.04,167716,3.19,125,2.28,3.19,11,0,2014-11-10,2014-11-10,0,0,On-Time
2662,Ghana,PMO - US,Direct Drop,EXW,Air,ARV,Adult,Aurobindo Pharma Limited,3647.0,18545.17,238677.4,29107,8.2,171,5.09,8.2,11,0,2014-11-10,2014-11-10,0,0,On-Time
2663,Ghana,PMO - US,Direct Drop,EXW,Air,ARV,Adult,Aurobindo Pharma Limited,3167.0,16189.27,205795.4,25097,8.2,171,5.11,8.2,11,0,2014-11-10,2014-11-10,0,0,On-Time
2664,Ghana,PMO - US,Direct Drop,FCA,Air,ARV,Pediatric,ABBVIE LOGISTICS (FORMERLY ABBOTT LOGISTICS BV),88.0,1472.41,3991.68,672,5.94,117,16.73,5.94,11,2,2014-11-12,2014-11-12,0,0,On-Time
2665,Rwanda,PMO - US,Direct Drop,EXW,Ocean,ARV,Adult,Aurobindo Pharma Limited,9684.0,7898.15,483600.0,104000,4.65,85,0.82,4.65,11,2,2014-11-12,2014-11-12,0,0,On-Time
2666,Uganda,PMO - US,Direct Drop,EXW,Air,HRDT,HIV test,"Orgenics, Ltd",1624.0,14692.8,320000.0,4000,80.0,70,9.05,80.0,11,3,2014-11-13,2014-11-13,0,0,On-Time
2667,Uganda,PMO - US,Direct Drop,FCA,Air,ARV,Pediatric,ABBVIE LOGISTICS (FORMERLY ABBOTT LOGISTICS BV),136.0,2077.87,2465.6,80,30.82,144,15.28,30.82,11,4,2014-11-14,2014-11-14,0,0,On-Time
2668,Ethiopia,PMO - US,Direct Drop,EXW,Air,HRDT,HIV test,"Trinity Biotech, Plc",165.0,1442.44,17280.0,540,32.0,152,8.74,32.0,11,0,2014-11-17,2014-11-17,0,0,On-Time
2669,Haiti,PMO - US,Direct Drop,EXW,Ocean,ARV,Pediatric,MYLAN LABORATORIES LTD (FORMERLY MATRIX LABORATORIES),199.0,5215.49,5074.5,2550,1.99,109,26.21,1.99,11,0,2014-11-17,2014-11-17,0,0,On-Time
2670,Namibia,PMO - US,Direct Drop,EXW,Air,ARV,Adult,HETERO LABS LIMITED,4233.0,26663.64,176242.43,26663,6.61,82,6.3,6.61,11,2,2014-11-19,2014-11-19,0,0,On-Time
2671,Namibia,PMO - US,Direct Drop,EXW,Air,ARV,Adult,HETERO LABS LIMITED,4237.0,6786.64,277847.64,33516,8.29,82,1.6,8.29,11,2,2014-11-19,2014-11-19,0,0,On-Time
2672,Namibia,PMO - US,Direct Drop,EXW,Air,ARV,Adult,HETERO LABS LIMITED,4262.0,27262.44,279339.84,33696,8.29,82,6.4,8.29,11,2,2014-11-19,2014-11-19,0,0,On-Time
2673,Ghana,PMO - US,Direct Drop,EXW,Air,ARV,Adult,MYLAN LABORATORIES LTD (FORMERLY MATRIX LABORATORIES),2184.0,15041.23,166708.63,25687,6.49,220,6.89,6.49,11,4,2014-11-21,2014-11-21,0,0,On-Time
2674,Ghana,PMO - US,Direct Drop,EXW,Air,ARV,Adult,MYLAN LABORATORIES LTD (FORMERLY MATRIX LABORATORIES),4656.0,31521.65,412770.42,38433,10.74,136,6.77,10.74,11,4,2014-11-21,2014-11-21,0,0,On-Time
2675,Namibia,PMO - US,Direct Drop,EXW,Air,ARV,Adult,MYLAN LABORATORIES LTD (FORMERLY MATRIX LABORATORIES),3575.0,17969.34,136500.0,13000,10.5,98,5.03,10.5,11,1,2014-11-25,2014-11-25,0,0,On-Time
2676,Namibia,PMO - US,Direct Drop,EXW,Air,ARV,Adult,MYLAN LABORATORIES LTD (FORMERLY MATRIX LABORATORIES),3402.0,17118.8,306180.0,29160,10.5,98,5.03,10.5,11,1,2014-11-25,2014-11-25,0,0,On-Time
2677,Vietnam,PMO - US,Direct Drop,EXW,Air,ARV,Adult,MICRO LABS LIMITED,3244.0,6195.84,62580.0,21000,2.98,210,1.91,2.98,11,2,2014-11-26,2014-11-26,0,0,On-Time
2678,Zimbabwe,PMO - US,Direct Drop,EXW,Air,ARV,Pediatric,MICRO LABS LIMITED,800.0,5697.64,23386.22,5291,4.42,196,7.12,4.42,11,4,2014-11-28,2014-11-28,0,0,On-Time
2679,Côte d'Ivoire,PMO - US,Direct Drop,EXW,Air,ARV,Adult,MYLAN LABORATORIES LTD (FORMERLY MATRIX LABORATORIES),140.0,2782.77,20000.0,1000,20.0,123,19.88,20.0,12,0,2014-12-01,2014-12-01,0,0,On-Time
2680,Zambia,PMO - US,Direct Drop,EXW,Air,ARV,Pediatric,MYLAN LABORATORIES LTD (FORMERLY MATRIX LABORATORIES),849.0,4316.34,19900.0,10000,1.99,180,5.08,1.99,12,0,2014-12-01,2014-12-01,0,0,On-Time
2681,Cameroon,PMO - US,Direct Drop,EXW,Air,HRDT,HIV test,"Orgenics, Ltd",55.0,846.69,9600.0,120,80.0,47,15.39,80.0,12,1,2014-12-02,2014-12-02,0,0,On-Time
2682,Côte d'Ivoire,PMO - US,Direct Drop,EXW,Air,ARV,Adult,MYLAN LABORATORIES LTD (FORMERLY MATRIX LABORATORIES),343.0,3978.49,50000.0,2500,20.0,276,11.6,20.0,12,3,2014-12-04,2014-12-04,0,0,On-Time
2683,Guyana,PMO - US,Direct Drop,EXW,Air,ARV,Adult,HETERO LABS LIMITED,252.0,2531.62,12158.25,2175,5.59,89,10.05,5.59,12,2,2014-12-10,2014-12-10,0,0,On-Time
2684,Haiti,PMO - US,Direct Drop,FCA,Air,ARV,Adult,ABBVIE LOGISTICS (FORMERLY ABBOTT LOGISTICS BV),37.0,722.35,1863.2,272,6.85,35,19.52,6.85,12,2,2014-12-10,2014-12-10,0,0,On-Time
2685,Haiti,PMO - US,Direct Drop,FCA,Air,ARV,Adult,JANSSEN SCIENCES IRELAND UC (FORMERLY JANSSEN R&D IRELAND),42.0,926.3,5994.0,111,54.0,36,22.05,54.0,12,2,2014-12-10,2014-12-10,0,0,On-Time
2686,Tanzania,PMO - US,Direct Drop,EXW,Air,HRDT,HIV test,"Orgenics, Ltd",204.0,2788.07,40320.0,504,80.0,225,13.67,80.0,12,2,2014-12-10,2014-12-10,0,0,On-Time
2687,South Sudan,PMO - US,Direct Drop,EXW,Air,ARV,Pediatric,CIPLA LIMITED,59.0,1944.99,1206.5,635,1.9,133,32.97,1.9,12,3,2014-12-11,2014-12-11,0,0,On-Time
2688,Vietnam,PMO - US,Direct Drop,EXW,Air,ARV,Adult,HETERO LABS LIMITED,2877.0,4312.92,201600.0,19200,10.5,128,1.5,10.5,12,2,2014-12-17,2014-12-17,0,0,On-Time
2689,Vietnam,PMO - US,Direct Drop,EXW,Air,ARV,Adult,HETERO LABS LIMITED,2517.0,3789.5,166320.0,15840,10.5,128,1.51,10.5,12,2,2014-12-17,2014-12-17,0,0,On-Time
2690,Vietnam,PMO - US,Direct Drop,EXW,Air,ARV,Adult,HETERO LABS LIMITED,2959.0,4427.52,218988.0,20856,10.5,128,1.5,10.5,12,2,2014-12-17,2014-12-17,0,0,On-Time
2691,Vietnam,PMO - US,Direct Drop,EXW,Air,ARV,Adult,HETERO LABS LIMITED,2719.0,4084.56,201600.0,19200,10.5,128,1.5,10.5,12,2,2014-12-17,2014-12-17,0,0,On-Time
2692,"Congo, DRC",PMO - US,Direct Drop,EXW,Air,ARV,Pediatric,Aurobindo Pharma Limited,54.0,1961.49,6050.0,550,11.0,121,36.32,11.0,12,4,2014-12-19,2014-12-19,0,0,On-Time
2693,Rwanda,PMO - US,Direct Drop,EXW,Ocean,ARV,Adult,MYLAN LABORATORIES LTD (FORMERLY MATRIX LABORATORIES),3865.0,5678.36,577380.0,28869,20.0,217,1.47,20.0,12,4,2014-12-19,2014-12-19,0,0,On-Time
2694,Uganda,PMO - US,Direct Drop,EXW,Air,HRDT,HIV test,"Orgenics, Ltd",1010.0,8399.6,200000.0,2500,80.0,92,8.32,80.0,12,4,2014-12-19,2014-12-19,0,0,On-Time
2695,South Sudan,PMO - US,Direct Drop,EXW,Air,HRDT,HIV test - Ancillary,"Orgenics, Ltd",149.0,2084.52,800.0,160,5.0,175,13.99,5.0,12,0,2014-12-22,2014-12-22,0,0,On-Time
2696,Ghana,PMO - US,Direct Drop,EXW,Air,ARV,Pediatric,Aurobindo Pharma Limited,786.0,4304.34,2724.15,1905,1.43,169,5.48,1.43,12,2,2014-12-24,2014-12-24,0,0,On-Time
2697,Ghana,PMO - US,Direct Drop,EXW,Air,ARV,Pediatric,Aurobindo Pharma Limited,4673.0,22212.75,16773.9,11730,1.43,169,4.75,1.43,12,2,2014-12-24,2014-12-24,0,0,On-Time
2698,Vietnam,PMO - US,Direct Drop,EXW,Air,ARV,Adult,HETERO LABS LIMITED,2490.0,4545.64,21300.0,6000,3.55,135,1.83,3.55,12,2,2014-12-24,2014-12-24,0,0,On-Time
2699,Vietnam,PMO - US,Direct Drop,EXW,Air,ARV,Adult,HETERO LABS LIMITED,2452.0,3691.22,198240.0,18880,10.5,135,1.51,10.5,12,2,2014-12-24,2014-12-13,-11,0,On-Time
2700,Vietnam,PMO - US,Direct Drop,EXW,Air,ARV,Adult,HETERO LABS LIMITED,1570.0,2690.2,55440.0,5280,10.5,135,1.71,10.5,12,2,2014-12-24,2014-12-19,-5,0,On-Time
2701,"Congo, DRC",PMO - US,Direct Drop,EXW,Air,HRDT,HIV test,"Orgenics, Ltd",2131.0,62196.13,428720.0,5359,80.0,126,29.19,80.0,12,2,2014-12-31,2014-12-31,0,0,On-Time
2702,Haiti,PMO - US,Direct Drop,EXW,Air,ARV,Pediatric,Aurobindo Pharma Limited,134.0,1987.82,2647.5,2118,1.25,52,14.83,1.25,1,0,2015-01-05,2015-01-05,0,0,On-Time
2703,Haiti,PMO - US,Direct Drop,EXW,Ocean,ARV,Adult,MICRO LABS LIMITED,8385.0,12336.45,1651.2,960,1.72,221,1.47,1.72,1,4,2015-01-09,2015-01-09,0,0,On-Time
2704,South Sudan,PMO - US,Direct Drop,EXW,Air,HRDT,HIV test,"Trinity Biotech, Plc",177.0,1692.35,576.0,18,32.0,192,9.56,32.0,1,4,2015-01-09,2015-01-09,0,0,On-Time
2705,Zimbabwe,PMO - US,Direct Drop,FCA,Air,ARV,Pediatric,ABBVIE LOGISTICS (FORMERLY ABBOTT LOGISTICS BV),1065.0,11368.84,54962.82,9253,5.94,242,10.67,5.94,1,0,2015-01-12,2015-01-12,0,0,On-Time
2706,Rwanda,PMO - US,Direct Drop,EXW,Air,ARV,Pediatric,Aurobindo Pharma Limited,66.0,1026.4,4880.28,607,8.04,31,15.55,8.04,1,3,2015-01-15,2015-01-15,0,0,On-Time
2707,Rwanda,PMO - US,Direct Drop,EXW,Air,ARV,Pediatric,Aurobindo Pharma Limited,167.0,1923.14,12799.68,1592,8.04,31,11.52,8.04,1,3,2015-01-15,2015-01-15,0,0,On-Time
2708,Vietnam,PMO - US,Direct Drop,EXW,Air,ARV,Adult,MYLAN LABORATORIES LTD (FORMERLY MATRIX LABORATORIES),128.0,1069.31,13308.0,1200,11.09,52,8.35,11.09,1,3,2015-01-15,2015-01-15,0,0,On-Time
2709,Vietnam,PMO - US,Direct Drop,FCA,Air,ARV,Adult,ABBVIE LOGISTICS (FORMERLY ABBOTT LOGISTICS BV),22.0,1475.95,4652.0,200,23.26,157,67.09,23.26,1,3,2015-01-15,2015-01-15,0,0,On-Time
2710,Vietnam,PMO - US,Direct Drop,EXW,Air,ARV,Adult,MYLAN LABORATORIES LTD (FORMERLY MATRIX LABORATORIES),974.0,1069.31,56700.0,7000,8.1,160,1.1,8.1,1,3,2015-01-15,2015-01-15,0,0,On-Time
2711,Vietnam,PMO - US,Direct Drop,FCA,Air,ARV,Adult,ABBVIE LOGISTICS (FORMERLY ABBOTT LOGISTICS BV),1073.0,1475.94,267608.0,4400,60.82,157,1.38,60.82,1,3,2015-01-15,2015-01-15,0,0,On-Time
2712,Vietnam,PMO - US,Direct Drop,FCA,Air,ARV,Adult,ABBVIE LOGISTICS (FORMERLY ABBOTT LOGISTICS BV),1368.0,4489.32,340592.0,5600,60.82,158,3.28,60.82,1,4,2015-01-16,2015-01-16,0,0,On-Time
2713,Nigeria,PMO - US,Direct Drop,EXW,Air,HRDT,HIV test,"Orgenics, Ltd",1276.0,15681.99,279816.0,3144,89.0,82,12.29,89.0,1,0,2015-01-19,2015-01-20,1,1,Delayed
2714,Nigeria,PMO - US,Direct Drop,EXW,Air,HRDT,HIV test,"Orgenics, Ltd",2474.0,31305.04,543790.0,6110,89.0,82,12.65,89.0,1,0,2015-01-19,2015-01-16,-3,0,On-Time
2715,Nigeria,PMO - US,Direct Drop,EXW,Air,HRDT,HIV test,"Orgenics, Ltd",1288.0,16002.97,282664.0,3176,89.0,82,12.42,89.0,1,0,2015-01-19,2015-01-19,0,0,On-Time
2716,Nigeria,PMO - US,Direct Drop,EXW,Air,HRDT,HIV test,"Orgenics, Ltd",6010.0,30132.32,534890.0,6010,89.0,82,5.01,89.0,1,0,2015-01-19,2015-01-20,1,1,Delayed
2717,Nigeria,PMO - US,Direct Drop,EXW,Air,HRDT,HIV test,"Orgenics, Ltd",1241.0,15994.73,271806.0,3054,89.0,82,12.89,89.0,1,0,2015-01-19,2015-01-16,-3,0,On-Time
2718,Nigeria,PMO - US,Direct Drop,EXW,Air,HRDT,HIV test,"Orgenics, Ltd",2498.0,30648.28,549130.0,6170,89.0,82,12.27,89.0,1,0,2015-01-19,2015-01-16,-3,0,On-Time
2719,Nigeria,PMO - US,Direct Drop,EXW,Air,HRDT,HIV test,"Orgenics, Ltd",2493.0,31090.27,548062.0,6158,89.0,82,12.47,89.0,1,0,2015-01-19,2015-01-16,-3,0,On-Time
2720,Nigeria,PMO - US,Direct Drop,EXW,Air,HRDT,HIV test,"Orgenics, Ltd",2483.0,31306.65,545837.0,6133,89.0,82,12.61,89.0,1,0,2015-01-19,2015-01-19,0,0,On-Time
2721,Nigeria,PMO - US,Direct Drop,EXW,Air,HRDT,HIV test,"Orgenics, Ltd",1290.0,15890.52,283020.0,3180,89.0,82,12.32,89.0,1,0,2015-01-19,2015-01-20,1,1,Delayed
2722,Nigeria,PMO - US,Direct Drop,EXW,Air,HRDT,HIV test,"Orgenics, Ltd",1288.0,16002.97,282664.0,3176,89.0,82,12.42,89.0,1,0,2015-01-19,2015-01-19,0,0,On-Time
2723,Haiti,PMO - US,Direct Drop,EXW,Air,ARV,Pediatric,STRIDES ARCOLAB LIMITED,163.0,1659.21,22692.0,2440,9.3,66,10.18,9.3,1,1,2015-01-20,2015-01-20,0,0,On-Time
2724,Haiti,PMO - US,Direct Drop,EXW,Air,ARV,Pediatric,CIPLA LIMITED,811.0,5915.63,28321.2,7867,3.6,67,7.29,3.6,1,1,2015-01-20,2015-01-20,0,0,On-Time
2725,Zambia,PMO - US,Direct Drop,EXW,Air,HRDT,HIV test,"Trinity Biotech, Plc",881.0,6664.29,96000.0,3000,32.0,91,7.56,32.0,1,2,2015-01-21,2015-01-21,0,0,On-Time
2726,Côte d'Ivoire,PMO - US,Direct Drop,EXW,Air,HRDT,HIV test,"Standard Diagnostics, Inc.",437.0,5924.89,28700.0,1400,20.5,331,13.56,20.5,1,4,2015-01-23,2015-01-23,0,0,On-Time
2727,Côte d'Ivoire,PMO - US,Direct Drop,EXW,Air,HRDT,HIV test,"CHEMBIO DIAGNOSTIC SYSTEMS, INC.",610.0,8291.96,65720.0,2120,31.0,330,13.59,31.0,1,4,2015-01-23,2015-01-23,0,0,On-Time
2728,Burundi,PMO - US,Direct Drop,EXW,Air,HRDT,HIV test,"CHEMBIO DIAGNOSTIC SYSTEMS, INC.",45.0,753.35,11426.4,414,27.6,151,16.74,27.6,1,0,2015-01-26,2015-01-26,0,0,On-Time
2729,Burundi,PMO - US,Direct Drop,EXW,Air,HRDT,HIV test,"Orgenics, Ltd",958.0,15012.16,128640.0,1608,80.0,158,15.67,80.0,2,0,2015-02-02,2015-02-02,0,0,On-Time
2730,Zimbabwe,PMO - US,Direct Drop,EXW,Air,ARV,Pediatric,MYLAN LABORATORIES LTD (FORMERLY MATRIX LABORATORIES),60.0,1344.94,2845.5,813,3.5,78,22.42,3.5,2,1,2015-02-03,2015-02-03,0,0,On-Time
2731,Zimbabwe,PMO - US,Direct Drop,EXW,Air,ARV,Pediatric,MYLAN LABORATORIES LTD (FORMERLY MATRIX LABORATORIES),60.0,1344.94,0.01,814,0.0,78,22.42,0.0,2,1,2015-02-03,2015-02-03,0,0,On-Time
2732,"Congo, DRC",PMO - US,Direct Drop,EXW,Air,ANTM,Malaria,IMRES B.V.,1125.0,9693.68,37401.0,1370,27.3,185,8.62,27.3,2,3,2015-02-05,2015-02-05,0,0,On-Time
2733,Vietnam,PMO - US,Direct Drop,EXW,Air,ARV,Adult,MYLAN LABORATORIES LTD (FORMERLY MATRIX LABORATORIES),2672.0,2504.64,105300.0,13000,8.1,181,0.94,8.1,2,3,2015-02-05,2015-02-05,0,0,On-Time
2734,Vietnam,PMO - US,Direct Drop,EXW,Air,ARV,Adult,MYLAN LABORATORIES LTD (FORMERLY MATRIX LABORATORIES),100.0,2504.65,9981.0,900,11.09,73,25.05,11.09,2,3,2015-02-05,2015-02-05,0,0,On-Time
2735,Haiti,PMO - US,Direct Drop,EXW,Air,ARV,Adult,HETERO LABS LIMITED,99.0,1497.53,2592.0,1440,1.8,84,15.13,1.8,2,4,2015-02-06,2015-02-06,0,0,On-Time
2736,"Congo, DRC",PMO - US,Direct Drop,EXW,Air,ARV,Adult,MICRO LABS LIMITED,209.0,3743.84,6835.28,3974,1.72,196,17.91,1.72,2,3,2015-02-12,2015-02-12,0,0,On-Time
2737,Haiti,PMO - US,Direct Drop,EXW,Air,ARV,Adult,HETERO LABS LIMITED,4669.0,34778.32,334095.84,50544,6.61,90,7.45,6.61,2,3,2015-02-12,2015-02-12,0,0,On-Time
2738,Côte d'Ivoire,PMO - US,Direct Drop,EXW,Air,HRDT,HIV test,"Orgenics, Ltd",1930.0,23013.2,380000.0,4750,80.0,355,11.92,80.0,2,0,2015-02-16,2015-02-16,0,0,On-Time
2739,Haiti,PMO - US,Direct Drop,EXW,Air,ARV,Pediatric,Aurobindo Pharma Limited,353.0,4236.81,7625.0,6100,1.25,54,12.0,1.25,2,0,2015-02-16,2015-02-16,0,0,On-Time
2740,Rwanda,PMO - US,Direct Drop,EXW,Air,ARV,Pediatric,EMCURE PHARMACEUTICALS LTD,102.0,1600.98,18240.0,912,20.0,29,15.7,20.0,2,1,2015-02-17,2015-02-17,0,0,On-Time
2741,Burundi,PMO - US,Direct Drop,EXW,Air,HRDT,HIV test,"CHEMBIO DIAGNOSTIC SYSTEMS, INC.",63.0,865.67,16422.0,595,27.6,98,13.74,27.6,2,2,2015-02-18,2015-02-18,0,0,On-Time
2742,Côte d'Ivoire,PMO - US,Direct Drop,EXW,Air,HRDT,HIV test,"Orgenics, Ltd",2634.0,30778.29,520000.0,6500,80.0,224,11.68,80.0,2,2,2015-02-18,2015-02-18,0,0,On-Time
2743,Mali,PMO - US,Direct Drop,EXW,Air,HRDT,HIV test,"Orgenics, Ltd",66.0,2572.91,12000.0,150,80.0,91,38.98,80.0,2,2,2015-02-18,2015-02-18,0,0,On-Time
2744,Rwanda,PMO - US,Direct Drop,EXW,Air,HRDT,HIV test,"SHANGHAI KEHUA BIOENGINEERING CO.,LTD.  (KHB)",2688.0,35437.38,98784.0,4032,24.5,62,13.18,24.5,2,2,2015-02-18,2015-02-18,0,0,On-Time
2745,Rwanda,PMO - US,Direct Drop,EXW,Air,HRDT,HIV test,"SHANGHAI KEHUA BIOENGINEERING CO.,LTD.  (KHB)",2700.0,35593.04,99225.0,4050,24.5,62,13.18,24.5,2,2,2015-02-18,2015-02-18,0,0,On-Time
2746,Rwanda,PMO - US,Direct Drop,EXW,Air,HRDT,HIV test,"SHANGHAI KEHUA BIOENGINEERING CO.,LTD.  (KHB)",2676.0,35281.73,98343.0,4014,24.5,62,13.18,24.5,2,2,2015-02-18,2015-02-18,0,0,On-Time
2747,Rwanda,PMO - US,Direct Drop,EXW,Air,HRDT,HIV test,"SHANGHAI KEHUA BIOENGINEERING CO.,LTD.  (KHB)",2733.0,36060.0,100425.5,4099,24.5,62,13.19,24.5,2,2,2015-02-18,2015-02-18,0,0,On-Time
2748,Rwanda,PMO - US,Direct Drop,EXW,Air,HRDT,HIV test,"Trinity Biotech, Plc",115.0,1729.95,11808.0,369,32.0,64,15.04,32.0,2,2,2015-02-18,2015-02-18,0,0,On-Time
2749,Swaziland,PMO - US,Direct Drop,EXW,Air,HRDT,HIV test,"Orgenics, Ltd",17.0,514.52,3120.0,39,80.0,133,30.27,80.0,2,3,2015-02-19,2015-02-19,0,0,On-Time
2750,Côte d'Ivoire,PMO - US,Direct Drop,EXW,Air,HRDT,HIV test,"CHEMBIO DIAGNOSTIC SYSTEMS, INC.",610.0,8231.14,65720.0,2120,31.0,226,13.49,31.0,2,4,2015-02-20,2015-02-20,0,0,On-Time
2751,Côte d'Ivoire,PMO - US,Direct Drop,EXW,Air,HRDT,HIV test,"Standard Diagnostics, Inc.",437.0,5408.93,28700.0,1400,20.5,226,12.38,20.5,2,4,2015-02-20,2015-02-20,0,0,On-Time
2752,Haiti,PMO - US,Direct Drop,EXW,Air,HRDT,HIV test,"SHANGHAI KEHUA BIOENGINEERING CO.,LTD.  (KHB)",253.0,3087.68,9800.0,400,24.5,366,12.2,24.5,2,4,2015-02-20,2015-02-20,0,0,On-Time
2753,Tanzania,PMO - US,Direct Drop,EXW,Air,HRDT,HIV test,"Trinity Biotech, Plc",55.0,1112.11,5376.0,168,32.0,293,20.22,32.0,2,0,2015-02-23,2015-02-23,0,0,On-Time
2754,Haiti,PMO - US,Direct Drop,EXW,Air,ARV,Adult,HETERO LABS LIMITED,42.0,2391.08,1363.2,384,3.55,102,56.93,3.55,2,1,2015-02-24,2015-02-24,0,0,On-Time
2755,Rwanda,PMO - US,Direct Drop,EXW,Air,HRDT,HIV test,"Orgenics, Ltd",468.0,8806.76,91520.0,1144,80.0,71,18.82,80.0,2,2,2015-02-25,2015-02-25,0,0,On-Time
2756,Haiti,PMO - US,Direct Drop,EXW,Air,HRDT,HIV test,"Orgenics, Ltd",1825.0,15408.29,450000.0,4500,100.0,372,8.44,100.0,2,3,2015-02-26,2015-02-26,0,0,On-Time
2757,Haiti,PMO - US,Direct Drop,EXW,Air,ARV,Adult,HETERO LABS LIMITED,4792.0,30046.84,197232.0,56352,3.5,104,6.27,3.5,2,3,2015-02-26,2015-02-26,0,0,On-Time
2758,Uganda,PMO - US,Direct Drop,EXW,Air,HRDT,HIV test,"Orgenics, Ltd",1978.0,16876.25,389760.0,4872,80.0,85,8.53,80.0,2,4,2015-02-27,2015-02-27,0,0,On-Time
2759,Zimbabwe,PMO - US,Direct Drop,FCA,Air,ARV,Pediatric,ABBVIE LOGISTICS (FORMERLY ABBOTT LOGISTICS BV),5060.0,44952.61,165256.84,5362,30.82,121,8.88,30.82,2,5,2015-02-28,2015-02-28,0,0,On-Time
2760,Côte d'Ivoire,PMO - US,Direct Drop,FCA,Air,ARV,Pediatric,ABBVIE LOGISTICS (FORMERLY ABBOTT LOGISTICS BV),632.0,7514.75,15410.0,500,30.82,372,11.89,30.82,3,1,2015-03-10,2015-03-10,0,0,On-Time
2761,Vietnam,PMO - US,Direct Drop,EXW,Air,ARV,Adult,HETERO LABS LIMITED,606.0,1328.13,10080.0,5600,1.8,131,2.19,1.8,3,1,2015-03-10,2015-03-10,0,0,On-Time
2762,Haiti,PMO - US,Direct Drop,FCA,Air,ARV,Adult,ABBVIE LOGISTICS (FORMERLY ABBOTT LOGISTICS BV),3834.0,16386.12,287393.2,15560,18.47,117,4.27,18.47,3,2,2015-03-11,2015-03-11,0,0,On-Time
2763,Haiti,PMO - US,Direct Drop,EXW,Air,ARV,Adult,MYLAN LABORATORIES LTD (FORMERLY MATRIX LABORATORIES),9057.0,55886.43,768000.0,75000,10.24,117,6.17,10.24,3,2,2015-03-11,2015-03-11,0,0,On-Time
2764,Zambia,PMO - US,Direct Drop,EXW,Air,HRDT,HIV test,"Orgenics, Ltd",2561.0,35696.95,505120.0,6314,80.0,173,13.94,80.0,3,2,2015-03-11,2015-03-26,15,1,Delayed
2765,Zambia,PMO - US,Direct Drop,EXW,Air,HRDT,HIV test,"Orgenics, Ltd",553.0,7845.09,109120.0,1364,80.0,173,14.19,80.0,3,2,2015-03-11,2015-03-11,0,0,On-Time
2766,Zambia,PMO - US,Direct Drop,EXW,Air,HRDT,HIV test,"Orgenics, Ltd",2564.0,37444.1,505760.0,6322,80.0,173,14.6,80.0,3,2,2015-03-11,2015-03-11,0,0,On-Time
2767,Haiti,PMO - US,Direct Drop,EXW,Air,ARV,Adult,MYLAN LABORATORIES LTD (FORMERLY MATRIX LABORATORIES),280.0,3029.18,39000.0,2000,19.5,21,10.82,19.5,3,3,2015-03-12,2015-03-12,0,0,On-Time
2768,Haiti,PMO - US,Direct Drop,EXW,Ocean,ARV,Adult,MYLAN LABORATORIES LTD (FORMERLY MATRIX LABORATORIES),3034.0,7658.27,256000.0,25000,10.24,119,2.52,10.24,3,4,2015-03-13,2015-03-13,0,0,On-Time
2769,Haiti,PMO - US,Direct Drop,EXW,Ocean,ARV,Adult,Aurobindo Pharma Limited,3823.0,11051.22,130528.2,39554,3.3,79,2.89,3.3,3,4,2015-03-13,2015-03-13,0,0,On-Time
2770,Haiti,PMO - US,Direct Drop,EXW,Ocean,ARV,Adult,Aurobindo Pharma Limited,4974.0,11109.18,176784.3,53571,3.3,79,2.23,3.3,3,4,2015-03-13,2015-03-13,0,0,On-Time
2771,Haiti,PMO - US,Direct Drop,EXW,Air,ARV,Adult,MYLAN LABORATORIES LTD (FORMERLY MATRIX LABORATORIES),487.0,3463.53,51433.2,4680,10.99,79,7.11,10.99,3,4,2015-03-13,2015-03-13,0,0,On-Time
2772,Vietnam,PMO - US,Direct Drop,FCA,Air,ARV,Adult,ABBVIE LOGISTICS (FORMERLY ABBOTT LOGISTICS BV),1232.0,2769.45,2977.28,128,23.26,91,2.25,23.26,3,3,2015-03-19,2015-03-19,0,0,On-Time
2773,Zimbabwe,PMO - US,Direct Drop,FCA,Air,ARV,Pediatric,ABBVIE LOGISTICS (FORMERLY ABBOTT LOGISTICS BV),5747.0,50104.34,200021.8,6490,30.82,127,8.72,30.82,3,3,2015-03-19,2015-03-19,0,0,On-Time
2774,Uganda,PMO - US,Direct Drop,FCA,Air,ARV,Pediatric,ABBVIE LOGISTICS (FORMERLY ABBOTT LOGISTICS BV),170.0,2265.89,4623.0,150,30.82,115,13.33,30.82,3,4,2015-03-20,2015-03-20,0,0,On-Time
2775,Vietnam,PMO - US,Direct Drop,EXW,Air,ARV,Adult,MYLAN LABORATORIES LTD (FORMERLY MATRIX LABORATORIES),2510.0,4363.06,225654.8,22232,10.15,105,1.74,10.15,3,0,2015-03-23,2015-03-26,3,1,Delayed
2776,Vietnam,PMO - US,Direct Drop,EXW,Air,ARV,Adult,MYLAN LABORATORIES LTD (FORMERLY MATRIX LABORATORIES),2406.0,4219.32,217047.6,21384,10.15,105,1.75,10.15,3,0,2015-03-23,2015-03-23,0,0,On-Time
2777,Vietnam,PMO - US,Direct Drop,EXW,Air,ARV,Adult,MYLAN LABORATORIES LTD (FORMERLY MATRIX LABORATORIES),2406.0,4219.32,217047.6,21384,10.15,105,1.75,10.15,3,0,2015-03-23,2015-03-23,0,0,On-Time
2778,Vietnam,PMO - US,Direct Drop,EXW,Air,ARV,Adult,MYLAN LABORATORIES LTD (FORMERLY MATRIX LABORATORIES),422.0,1332.29,24300.0,3000,8.1,144,3.16,8.1,3,0,2015-03-23,2015-03-23,0,0,On-Time
2779,Haiti,PMO - US,Direct Drop,EXW,Air,ARV,Adult,HETERO LABS LIMITED,216.0,2612.79,6480.0,3600,1.8,92,12.1,1.8,3,3,2015-03-26,2015-03-26,0,0,On-Time
2780,Haiti,PMO - US,Direct Drop,EXW,Air,ARV,Adult,HETERO LABS LIMITED,69.0,694.54,5445.0,990,5.5,132,10.07,5.5,3,3,2015-03-26,2015-03-26,0,0,On-Time
2781,Haiti,PMO - US,Direct Drop,EXW,Air,ARV,Adult,EMCURE PHARMACEUTICALS LTD,133.0,1604.56,18000.0,1000,18.0,92,12.06,18.0,3,3,2015-03-26,2015-03-26,0,0,On-Time
2782,Rwanda,PMO - US,Direct Drop,FCA,Air,ARV,Pediatric,ABBVIE LOGISTICS (FORMERLY ABBOTT LOGISTICS BV),100.0,1952.77,2650.52,86,30.82,101,19.53,30.82,3,3,2015-03-26,2015-03-26,0,0,On-Time
2783,Vietnam,PMO - US,Direct Drop,EXW,Air,ARV,Adult,MYLAN LABORATORIES LTD (FORMERLY MATRIX LABORATORIES),498.0,1477.34,36993.0,5700,6.49,108,2.97,6.49,3,3,2015-03-26,2015-03-26,0,0,On-Time
2784,Zambia,PMO - US,Direct Drop,EXW,Air,HRDT,HIV test,"Trinity Biotech, Plc",909.0,10203.1,96000.0,3000,32.0,182,11.22,32.0,3,3,2015-03-26,2015-03-26,0,0,On-Time
2785,Haiti,PMO - US,Direct Drop,EXW,Air,ARV,Adult,MYLAN LABORATORIES LTD (FORMERLY MATRIX LABORATORIES),3699.0,21146.04,215524.8,26608,8.1,133,5.72,8.1,3,4,2015-03-27,2015-03-26,-1,0,On-Time
2786,Haiti,PMO - US,Direct Drop,EXW,Air,ARV,Adult,MYLAN LABORATORIES LTD (FORMERLY MATRIX LABORATORIES),3458.0,19839.26,202435.2,24992,8.1,133,5.74,8.1,3,4,2015-03-27,2015-03-27,0,0,On-Time
2787,Haiti,PMO - US,Direct Drop,EXW,Air,ARV,Pediatric,Aurobindo Pharma Limited,9.0,820.56,540.0,120,4.5,96,91.17,4.5,3,0,2015-03-30,2015-03-30,0,0,On-Time
2788,Haiti,PMO - US,Direct Drop,EXW,Ocean,ARV,Adult,MYLAN LABORATORIES LTD (FORMERLY MATRIX LABORATORIES),6452.0,10477.63,492045.84,75816,6.49,137,1.62,6.49,3,1,2015-03-31,2015-03-31,0,0,On-Time
2789,Vietnam,PMO - US,Direct Drop,EXW,Air,ARV,Adult,HETERO LABS LIMITED,953.0,1593.67,9800.0,2800,3.5,113,1.67,3.5,3,1,2015-03-31,2015-03-31,0,0,On-Time
2790,Vietnam,PMO - US,Direct Drop,EXW,Air,ARV,Adult,HETERO LABS LIMITED,1030.0,1593.67,16920.0,9400,1.8,152,1.55,1.8,3,1,2015-03-31,2015-03-31,0,0,On-Time
2791,Vietnam,PMO - US,Direct Drop,FCA,Air,ARV,Adult,ABBVIE LOGISTICS (FORMERLY ABBOTT LOGISTICS BV),2235.0,5134.12,547200.0,9000,60.8,103,2.3,60.8,3,1,2015-03-31,2015-03-31,0,0,On-Time
2792,Rwanda,PMO - US,Direct Drop,FCA,Air,ARV,Pediatric,ABBVIE LOGISTICS (FORMERLY ABBOTT LOGISTICS BV),316.0,2905.84,7766.64,252,30.82,73,9.2,30.82,4,3,2015-04-02,2015-04-02,0,0,On-Time
2793,"Congo, DRC",PMO - US,Direct Drop,EXW,Air,ANTM,Malaria,AMSTELFARMA B.V.,500.0,3958.28,19198.0,580,33.1,53,7.92,33.1,4,4,2015-04-03,2015-04-03,0,0,On-Time
2794,Mali,PMO - US,Direct Drop,EXW,Air,HRDT,HIV test,"Orgenics, Ltd",169.0,4498.98,34720.0,434,80.0,136,26.62,80.0,4,5,2015-04-04,2015-04-04,0,0,On-Time
2795,Uganda,PMO - US,Direct Drop,EXW,Air,ARV,Pediatric,Aurobindo Pharma Limited,424.0,1488.99,34170.0,4250,8.04,134,3.51,8.04,4,2,2015-04-08,2015-04-08,0,0,On-Time
2796,Uganda,PMO - US,Direct Drop,EXW,Air,ARV,Pediatric,Aurobindo Pharma Limited,237.0,1488.99,18773.4,2335,8.04,134,6.28,8.04,4,2,2015-04-08,2015-04-08,0,0,On-Time
2797,Uganda,PMO - US,Direct Drop,EXW,Air,ARV,Pediatric,Aurobindo Pharma Limited,166.0,1488.99,12542.4,1560,8.04,134,8.97,8.04,4,2,2015-04-08,2015-04-08,0,0,On-Time
2798,Uganda,PMO - US,Direct Drop,EXW,Air,ARV,Adult,EMCURE PHARMACEUTICALS LTD,237.0,1794.89,31968.0,1776,18.0,134,7.57,18.0,4,2,2015-04-08,2015-04-08,0,0,On-Time
2799,Côte d'Ivoire,PMO - US,Direct Drop,EXW,Air,HRDT,HIV test,"CHEMBIO DIAGNOSTIC SYSTEMS, INC.",678.0,9253.44,74400.0,2400,31.0,48,13.65,31.0,4,3,2015-04-09,2015-04-09,0,0,On-Time
2800,Côte d'Ivoire,PMO - US,Direct Drop,FCA,Air,ARV,Pediatric,ABBVIE LOGISTICS (FORMERLY ABBOTT LOGISTICS BV),844.0,9768.22,22960.9,745,30.82,252,11.57,30.82,4,3,2015-04-09,2015-04-09,0,0,On-Time
2801,Côte d'Ivoire,PMO - US,Direct Drop,EXW,Air,HRDT,HIV test,"CHEMBIO DIAGNOSTIC SYSTEMS, INC.",357.0,5640.23,38130.0,1230,31.0,120,15.8,31.0,4,3,2015-04-09,2015-04-09,0,0,On-Time
2802,Haiti,PMO - US,Direct Drop,EXW,Ocean,ARV,Adult,HETERO LABS LIMITED,17826.0,20526.23,170159.22,36831,4.62,92,1.15,4.62,4,3,2015-04-09,2015-04-09,0,0,On-Time
2803,Haiti,PMO - US,Direct Drop,EXW,Ocean,ARV,Adult,HETERO LABS LIMITED,7324.0,10500.29,579125.0,56500,10.25,146,1.43,10.25,4,3,2015-04-09,2015-04-09,0,0,On-Time
2804,Ghana,PMO - US,Direct Drop,EXW,Air,ARV,Pediatric,MYLAN LABORATORIES LTD (FORMERLY MATRIX LABORATORIES),1976.0,12580.0,21933.78,11022,1.99,197,6.37,1.99,4,4,2015-04-10,2015-04-10,0,0,On-Time
2805,Ghana,PMO - US,Direct Drop,EXW,Air,ARV,Pediatric,MYLAN LABORATORIES LTD (FORMERLY MATRIX LABORATORIES),437.0,4659.75,35838.35,9073,3.95,197,10.66,3.95,4,4,2015-04-10,2015-04-10,0,0,On-Time
2806,Vietnam,PMO - US,Direct Drop,EXW,Air,ARV,Adult,HETERO LABS LIMITED,2356.0,3688.77,21280.0,1900,11.2,127,1.57,11.2,4,1,2015-04-14,2015-04-14,0,0,On-Time
2807,Mozambique,PMO - US,Direct Drop,FCA,Air,ARV,Adult,ABBVIE LOGISTICS (FORMERLY ABBOTT LOGISTICS BV),62.0,642.99,2740.0,400,6.85,159,10.37,6.85,4,2,2015-04-15,2015-04-15,0,0,On-Time
2808,Nigeria,PMO - US,Direct Drop,EXW,Air,HRDT,HIV test,"Trinity Biotech, Plc",2134.0,13771.63,214528.0,6704,32.0,77,6.45,32.0,4,2,2015-04-15,2015-04-15,0,0,On-Time
2809,Uganda,PMO - US,Direct Drop,EXW,Air,HRDT,HIV test,BIO-RAD LABORATORIES (FRANCE),17.0,660.77,2982.0,30,99.4,352,38.87,99.4,4,4,2015-04-17,2015-04-17,0,0,On-Time
2810,Haiti,PMO - US,Direct Drop,EXW,Ocean,ARV,Adult,HETERO LABS LIMITED,2001.0,7842.4,84421.26,18273,4.62,117,3.92,4.62,4,0,2015-04-20,2015-04-20,0,0,On-Time
2811,Burundi,PMO - US,Direct Drop,EXW,Air,HRDT,HIV test,"Orgenics, Ltd",972.0,14419.91,126880.0,1586,80.0,160,14.84,80.0,4,1,2015-04-21,2015-04-21,0,0,On-Time
2812,Burundi,PMO - US,Direct Drop,EXW,Air,HRDT,HIV test,"CHEMBIO DIAGNOSTIC SYSTEMS, INC.",56.0,812.84,14269.2,517,27.6,160,14.51,27.6,4,1,2015-04-21,2015-04-21,0,0,On-Time
2813,Haiti,PMO - US,Direct Drop,EXW,Air,HRDT,HIV test,"SHANGHAI KEHUA BIOENGINEERING CO.,LTD.  (KHB)",1130.0,10893.85,39200.0,1600,24.5,167,9.64,24.5,4,1,2015-04-21,2015-04-21,0,0,On-Time
2814,Mozambique,PMO - US,Direct Drop,EXW,Air,HRDT,HIV test,"Orgenics, Ltd",2139.0,19193.57,440000.0,5500,80.0,41,8.97,80.0,4,2,2015-04-22,2015-04-22,0,0,On-Time
2815,Zimbabwe,PMO - US,Direct Drop,FCA,Air,ARV,Pediatric,ABBVIE LOGISTICS (FORMERLY ABBOTT LOGISTICS BV),3991.0,34670.93,118336.68,19922,5.94,174,8.69,5.94,4,2,2015-04-22,2015-04-22,0,0,On-Time
2816,Togo,PMO - US,Direct Drop,EXW,Air,ARV,Adult,HETERO LABS LIMITED,734.0,3710.65,30051.0,6678,4.5,55,5.06,4.5,4,3,2015-04-23,2015-04-23,0,0,On-Time
2817,Zambia,PMO - US,Direct Drop,FCA,Air,ARV,Pediatric,ABBVIE LOGISTICS (FORMERLY ABBOTT LOGISTICS BV),2272.0,13949.95,69838.12,2266,30.82,246,6.14,30.82,4,3,2015-04-23,2015-04-23,0,0,On-Time
2818,Haiti,PMO - US,Direct Drop,FCA,Air,ARV,Pediatric,ABBVIE LOGISTICS (FORMERLY ABBOTT LOGISTICS BV),708.0,3428.37,18800.2,610,30.82,161,4.84,30.82,4,4,2015-04-24,2015-04-24,0,0,On-Time
2819,Zambia,PMO - US,Direct Drop,FCA,Air,ARV,Pediatric,ABBVIE LOGISTICS (FORMERLY ABBOTT LOGISTICS BV),2272.0,14603.71,69807.3,2265,30.82,248,6.43,30.82,4,5,2015-04-25,2015-04-25,0,0,On-Time
2820,Ethiopia,PMO - US,Direct Drop,EXW,Air,HRDT,HIV test,"CHEMBIO DIAGNOSTIC SYSTEMS, INC.",112.0,1414.69,11700.0,360,32.5,41,12.63,32.5,4,0,2015-04-27,2015-04-27,0,0,On-Time
2821,Rwanda,PMO - US,Direct Drop,FCA,Air,ARV,Pediatric,SWORDS LABORATORIES,11.0,663.77,4468.2,132,33.85,136,60.34,33.85,4,0,2015-04-27,2015-04-27,0,0,On-Time
2822,Ethiopia,PMO - US,Direct Drop,EXW,Air,HRDT,HIV test,"SHANGHAI KEHUA BIOENGINEERING CO.,LTD.  (KHB)",2764.0,40716.16,98000.0,4000,24.5,42,14.73,24.5,4,1,2015-04-28,2015-04-28,0,0,On-Time
2823,Tanzania,PMO - US,Direct Drop,EXW,Air,HRDT,HIV test,"Orgenics, Ltd",139.0,2234.96,26880.0,336,80.0,364,16.08,80.0,4,1,2015-04-28,2015-04-28,0,0,On-Time
2824,Tanzania,PMO - US,Direct Drop,EXW,Air,HRDT,HIV test,"Trinity Biotech, Plc",33.0,939.38,2688.0,84,32.0,357,28.47,32.0,4,1,2015-04-28,2015-04-28,0,0,On-Time
2825,Tanzania,PMO - US,Direct Drop,EXW,Air,HRDT,HIV test,"Orgenics, Ltd",73.0,1806.81,13440.0,168,80.0,364,24.75,80.0,4,1,2015-04-28,2015-04-28,0,0,On-Time
2826,Uganda,PMO - US,Direct Drop,EXW,Air,HRDT,HIV test,"CHEMBIO DIAGNOSTIC SYSTEMS, INC.",2328.0,13456.05,192200.0,6200,31.0,145,5.78,31.0,4,1,2015-04-28,2015-04-28,0,0,On-Time
2827,Rwanda,PMO - US,Direct Drop,EXW,Air,ARV,Adult,EMCURE PHARMACEUTICALS LTD,1805.0,10743.33,248814.0,13823,18.0,140,5.95,18.0,5,0,2015-05-04,2015-05-04,0,0,On-Time
2828,Haiti,PMO - US,Direct Drop,EXW,Air,HRDT,HIV test,"Orgenics, Ltd",2557.0,21256.43,630200.0,6302,100.0,181,8.31,100.0,5,1,2015-05-05,2015-05-05,0,0,On-Time
2829,Haiti,PMO - US,Direct Drop,EXW,Air,HRDT,HIV test,"Orgenics, Ltd",2314.0,22194.09,569800.0,5698,100.0,181,9.59,100.0,5,1,2015-05-05,2015-04-22,-13,0,On-Time
2830,Uganda,PMO - US,Direct Drop,EXW,Air,HRDT,HIV test,"Orgenics, Ltd",2290.0,18423.91,452400.0,5655,80.0,152,8.05,80.0,5,1,2015-05-05,2015-05-05,0,0,On-Time
2831,Uganda,PMO - US,Direct Drop,EXW,Air,HRDT,HIV test,"Orgenics, Ltd",2527.0,20534.4,498160.0,6227,80.0,152,8.13,80.0,5,1,2015-05-05,2015-05-05,0,0,On-Time
2832,Uganda,PMO - US,Direct Drop,EXW,Air,HRDT,HIV test,"Orgenics, Ltd",2477.0,19775.55,489440.0,6118,80.0,152,7.98,80.0,5,1,2015-05-05,2015-05-05,0,0,On-Time
2833,Zambia,PMO - US,Direct Drop,EXW,Air,HRDT,HIV test,"Orgenics, Ltd",1159.0,15174.53,229040.0,2863,80.0,351,13.09,80.0,5,1,2015-05-05,2015-05-12,7,1,Delayed
2834,Zambia,PMO - US,Direct Drop,EXW,Air,HRDT,HIV test,"Orgenics, Ltd",2492.0,32728.96,490960.0,6137,80.0,351,13.13,80.0,5,1,2015-05-05,2015-05-05,0,0,On-Time
2835,Nigeria,PMO - US,Direct Drop,EXW,Air,HRDT,HIV test,"Orgenics, Ltd",2292.0,27361.87,501960.0,5640,89.0,55,11.94,89.0,5,3,2015-05-07,2015-05-07,0,0,On-Time
2836,Nigeria,PMO - US,Direct Drop,EXW,Air,HRDT,HIV test,"Orgenics, Ltd",2579.0,28759.53,566040.0,6360,89.0,55,11.15,89.0,5,3,2015-05-07,2015-05-07,0,0,On-Time
2837,Zimbabwe,PMO - US,Direct Drop,FCA,Air,ARV,Pediatric,ABBVIE LOGISTICS (FORMERLY ABBOTT LOGISTICS BV),2584.0,20480.64,80933.32,2626,30.82,189,7.93,30.82,5,3,2015-05-07,2015-05-07,0,0,On-Time
2838,Rwanda,PMO - US,Direct Drop,FCA,Air,ARV,Pediatric,SWORDS LABORATORIES,69.0,802.85,18928.92,466,40.62,74,11.64,40.62,5,4,2015-05-08,2015-05-08,0,0,On-Time
2839,South Sudan,PMO - US,Direct Drop,EXW,Air,HRDT,HIV test,"Trinity Biotech, Plc",191.0,2796.58,1120.0,35,32.0,77,14.64,32.0,5,4,2015-05-08,2015-05-08,0,0,On-Time
2840,Haiti,PMO - US,Direct Drop,EXW,Ocean,ARV,Adult,Aurobindo Pharma Limited,3619.0,10101.17,273105.0,26010,10.5,129,2.79,10.5,5,5,2015-05-09,2015-05-09,0,0,On-Time
2841,Haiti,PMO - US,Direct Drop,EXW,Air,ARV,Adult,Aurobindo Pharma Limited,124.0,976.44,8239.09,1217,6.77,138,7.87,6.77,5,0,2015-05-11,2015-05-11,0,0,On-Time
2842,Rwanda,PMO - US,Direct Drop,FCA,Air,ARV,Pediatric,ABBVIE LOGISTICS (FORMERLY ABBOTT LOGISTICS BV),83.0,929.85,3813.48,642,5.94,77,11.2,5.94,5,0,2015-05-11,2015-05-11,0,0,On-Time
2843,Sierra Leone,PMO - US,Direct Drop,EXW,Air,HRDT,HIV test,"Orgenics, Ltd",1556.0,28703.53,320000.0,4000,80.0,21,18.45,80.0,5,0,2015-05-11,2015-05-11,0,0,On-Time
2844,Rwanda,PMO - US,Direct Drop,FCA,Air,ARV,Pediatric,SWORDS LABORATORIES,282.0,1028.1,43869.6,1080,40.62,151,3.65,40.62,5,1,2015-05-12,2015-05-12,0,0,On-Time
2845,Zambia,PMO - US,Direct Drop,EXW,Air,HRDT,HIV test,"Orgenics, Ltd",2548.0,28709.52,502400.0,6280,80.0,235,11.27,80.0,5,1,2015-05-12,2015-05-12,0,0,On-Time
2846,Zambia,PMO - US,Direct Drop,EXW,Air,HRDT,HIV test,"Orgenics, Ltd",5538.0,25380.88,443040.0,5538,80.0,235,4.58,80.0,5,1,2015-05-12,2015-05-08,-4,0,On-Time
2847,Zambia,PMO - US,Direct Drop,EXW,Air,HRDT,HIV test,"Orgenics, Ltd",1290.0,14493.3,254560.0,3182,80.0,235,11.24,80.0,5,1,2015-05-12,2015-05-06,-6,0,On-Time
2848,Haiti,PMO - US,Direct Drop,EXW,Air,ARV,Adult,JANSSEN SCIENCES IRELAND UC (FORMERLY JANSSEN R&D IRELAND),120.0,1140.71,32400.0,600,54.0,105,9.51,54.0,5,2,2015-05-13,2015-05-13,0,0,On-Time
2849,Mali,PMO - US,Direct Drop,EXW,Air,HRDT,HIV test,"Orgenics, Ltd",24.0,1059.59,8125.0,65,125.0,175,44.15,125.0,5,2,2015-05-13,2015-05-13,0,0,On-Time
2850,Uganda,PMO - US,Direct Drop,EXW,Air,HRDT,HIV test,"Trinity Biotech, Plc",775.0,6164.1,83200.0,2600,32.0,161,7.95,32.0,5,3,2015-05-14,2015-05-14,0,0,On-Time
2851,Zimbabwe,PMO - US,Direct Drop,EXW,Air,HRDT,HIV test,"Orgenics, Ltd",781.0,9914.59,120000.0,1500,80.0,108,12.69,80.0,5,3,2015-05-14,2015-05-14,0,0,On-Time
2852,Zimbabwe,PMO - US,Direct Drop,FCA,Air,ARV,Pediatric,ABBVIE LOGISTICS (FORMERLY ABBOTT LOGISTICS BV),2583.0,20559.39,80902.5,2625,30.82,196,7.96,30.82,5,3,2015-05-14,2015-05-14,0,0,On-Time
2853,Zambia,PMO - US,Direct Drop,FCA,Air,ARV,Pediatric,ABBVIE LOGISTICS (FORMERLY ABBOTT LOGISTICS BV),2272.0,13303.8,69807.3,2265,30.82,271,5.86,30.82,5,0,2015-05-18,2015-05-18,0,0,On-Time
2854,Côte d'Ivoire,PMO - US,Direct Drop,EXW,Air,HRDT,HIV test,"Orgenics, Ltd",3374.0,24821.13,460000.0,5750,80.0,68,7.36,80.0,5,2,2015-05-20,2015-05-20,0,0,On-Time
2855,Zimbabwe,PMO - US,Direct Drop,FCA,Air,ARV,Pediatric,ABBVIE LOGISTICS (FORMERLY ABBOTT LOGISTICS BV),6090.0,41141.5,213089.48,6914,30.82,125,6.76,30.82,5,3,2015-05-21,2015-05-21,0,0,On-Time
2856,Haiti,PMO - US,Direct Drop,EXW,Ocean,ARV,Adult,CIPLA LIMITED,5640.0,9481.92,394932.5,38530,10.25,192,1.68,10.25,5,0,2015-05-25,2015-05-25,0,0,On-Time
2857,Haiti,PMO - US,Direct Drop,EXW,Ocean,ARV,Adult,CIPLA LIMITED,5000.0,6914.44,140321.16,43309,3.24,192,1.38,3.24,5,0,2015-05-25,2015-05-25,0,0,On-Time
2858,Haiti,PMO - US,Direct Drop,EXW,Ocean,ARV,Adult,CIPLA LIMITED,2471.0,4532.44,68697.72,21203,3.24,192,1.83,3.24,5,0,2015-05-25,2015-05-25,0,0,On-Time
2859,Uganda,PMO - US,Direct Drop,EXW,Air,ARV,Adult,EMCURE PHARMACEUTICALS LTD,132.0,1329.99,18000.0,1000,18.0,182,10.08,18.0,5,1,2015-05-26,2015-05-26,0,0,On-Time
2860,Rwanda,PMO - US,Direct Drop,EXW,Air,ARV,Adult,EMCURE PHARMACEUTICALS LTD,1045.0,6949.93,144000.0,8000,18.0,163,6.65,18.0,5,2,2015-05-27,2015-05-27,0,0,On-Time
2861,Haiti,PMO - US,Direct Drop,EXW,Air,ARV,Adult,EMCURE PHARMACEUTICALS LTD,132.0,1579.89,18000.0,1000,18.0,195,11.97,18.0,5,3,2015-05-28,2015-05-28,0,0,On-Time
2862,Zambia,PMO - US,Direct Drop,EXW,Air,HRDT,HIV test,"Trinity Biotech, Plc",2328.0,14581.51,256000.0,8000,32.0,219,6.26,32.0,5,4,2015-05-29,2015-05-29,0,0,On-Time
2863,Vietnam,PMO - US,Direct Drop,EXW,Air,ARV,Adult,MYLAN LABORATORIES LTD (FORMERLY MATRIX LABORATORIES),2101.0,4384.01,188952.4,18616,10.15,175,2.09,10.15,6,0,2015-06-01,2015-06-01,0,0,On-Time
2864,Vietnam,PMO - US,Direct Drop,EXW,Air,ARV,Adult,MYLAN LABORATORIES LTD (FORMERLY MATRIX LABORATORIES),1456.0,2984.0,109032.0,16800,6.49,175,2.05,6.49,6,0,2015-06-01,2015-06-01,0,0,On-Time
2865,Vietnam,PMO - US,Direct Drop,EXW,Air,ARV,Adult,MYLAN LABORATORIES LTD (FORMERLY MATRIX LABORATORIES),2406.0,4872.65,217047.6,21384,10.15,175,2.03,10.15,6,0,2015-06-01,2015-06-01,0,0,On-Time
2866,Botswana,PMO - US,Direct Drop,EXW,Air,ARV,Adult,HETERO LABS LIMITED,4840.0,23796.98,412506.5,39550,10.43,116,4.92,10.43,6,1,2015-06-02,2015-06-04,2,1,Delayed
2867,Botswana,PMO - US,Direct Drop,EXW,Air,ARV,Adult,HETERO LABS LIMITED,3989.0,19745.22,334928.16,32112,10.43,116,4.95,10.43,6,1,2015-06-02,2015-06-02,0,0,On-Time
2868,Botswana,PMO - US,Direct Drop,EXW,Air,ARV,Adult,HETERO LABS LIMITED,4260.0,21035.49,362286.05,34735,10.43,116,4.94,10.43,6,1,2015-06-02,2015-06-02,0,0,On-Time
2869,Nigeria,PMO - US,Direct Drop,EXW,Air,ARV,Adult,EMCURE PHARMACEUTICALS LTD,1400.0,11732.9,192906.0,10717,18.0,277,8.38,18.0,6,1,2015-06-02,2015-06-02,0,0,On-Time
2870,Nigeria,PMO - US,Direct Drop,FCA,Air,ARV,Pediatric,ABBVIE LOGISTICS (FORMERLY ABBOTT LOGISTICS BV),794.0,5808.69,24316.98,789,30.82,222,7.32,30.82,6,1,2015-06-02,2015-06-02,0,0,On-Time
2871,Haiti,PMO - US,Direct Drop,FCA,Air,ARV,Pediatric,ABBVIE LOGISTICS (FORMERLY ABBOTT LOGISTICS BV),494.0,2737.95,12944.4,420,30.82,163,5.54,30.82,6,4,2015-06-05,2015-06-05,0,0,On-Time
2872,Zambia,PMO - US,Direct Drop,FCA,Air,ARV,Pediatric,ABBVIE LOGISTICS (FORMERLY ABBOTT LOGISTICS BV),2277.0,13894.08,69838.12,2266,30.82,293,6.1,30.82,6,1,2015-06-09,2015-06-09,0,0,On-Time
2873,Haiti,PMO - US,Direct Drop,EXW,Air,ARV,Pediatric,Aurobindo Pharma Limited,2254.0,12791.34,10887.0,5730,1.9,141,5.67,1.9,6,2,2015-06-10,2015-06-10,0,0,On-Time
2874,Nigeria,PMO - US,Direct Drop,EXW,Air,HRDT,HIV test,"Trinity Biotech, Plc",3655.0,25636.67,399520.0,12485,32.0,31,7.01,32.0,6,4,2015-06-12,2015-06-12,0,0,On-Time
2875,Uganda,PMO - US,Direct Drop,EXW,Air,ARV,Adult,EMCURE PHARMACEUTICALS LTD,1197.0,5375.13,166230.0,9235,18.0,202,4.49,18.0,6,0,2015-06-15,2015-06-15,0,0,On-Time
2876,Guyana,PMO - US,Direct Drop,EXW,Air,ARV,Adult,HETERO LABS LIMITED,385.0,3248.6,20766.85,3715,5.59,124,8.44,5.59,6,1,2015-06-16,2015-06-16,0,0,On-Time
2877,Uganda,PMO - US,Direct Drop,EXW,Air,ARV,Adult,MYLAN LABORATORIES LTD (FORMERLY MATRIX LABORATORIES),1652.0,7172.9,241215.0,12370,19.5,117,4.34,19.5,6,5,2015-06-20,2015-06-20,0,0,On-Time
2878,Ethiopia,PMO - US,Direct Drop,EXW,Air,HRDT,HIV test,"Trinity Biotech, Plc",58.0,143.57,5440.0,170,32.0,99,2.48,32.0,6,2,2015-06-24,2015-06-24,0,0,On-Time
2879,Nigeria,PMO - US,Direct Drop,EXW,Air,ARV,Adult,HETERO LABS LIMITED,6093.0,42199.11,385849.2,58462,6.6,48,6.93,6.6,6,2,2015-06-24,2015-06-24,0,0,On-Time
2880,Nigeria,PMO - US,Direct Drop,EXW,Air,HRDT,HIV test,"Orgenics, Ltd",2307.0,21672.24,414473.0,4657,89.0,109,9.39,89.0,6,1,2015-06-30,2015-06-26,-4,0,On-Time
2881,Nigeria,PMO - US,Direct Drop,EXW,Air,HRDT,HIV test,"Orgenics, Ltd",2307.0,26294.95,505609.0,5681,89.0,109,11.4,89.0,6,1,2015-06-30,2015-06-30,0,0,On-Time
2882,Nigeria,PMO - US,Direct Drop,EXW,Air,HRDT,HIV test,"Orgenics, Ltd",2575.0,29274.16,565150.0,6350,89.0,109,11.37,89.0,6,1,2015-06-30,2015-06-29,-1,0,On-Time
2883,"Congo, DRC",PMO - US,Direct Drop,EXW,Air,HRDT,HIV test,"Trinity Biotech, Plc",508.0,3918.37,2240.0,70,32.0,108,7.71,32.0,7,3,2015-07-02,2015-07-02,0,0,On-Time
2884,Haiti,PMO - US,Direct Drop,EXW,Air,ARV,Pediatric,Aurobindo Pharma Limited,143.0,2251.42,2878.75,2303,1.25,34,15.74,1.25,7,3,2015-07-02,2015-07-02,0,0,On-Time
2885,Haiti,PMO - US,Direct Drop,EXW,Ocean,ARV,Pediatric,MYLAN LABORATORIES LTD (FORMERLY MATRIX LABORATORIES),16350.0,16028.78,13035.0,3300,3.95,191,0.98,3.95,7,4,2015-07-03,2015-07-03,0,0,On-Time
2886,Burundi,PMO - US,Direct Drop,EXW,Air,HRDT,HIV test,"CHEMBIO DIAGNOSTIC SYSTEMS, INC.",63.0,877.52,16394.4,594,27.6,236,13.93,27.6,7,0,2015-07-06,2015-07-06,0,0,On-Time
2887,Haiti,PMO - US,Direct Drop,FCA,Air,ARV,Pediatric,ABBVIE LOGISTICS (FORMERLY ABBOTT LOGISTICS BV),1825.0,4126.9,16020.18,2697,5.94,158,2.26,5.94,7,1,2015-07-07,2015-07-07,0,0,On-Time
2888,Haiti,PMO - US,Direct Drop,FCA,Air,ARV,Adult,ABBVIE LOGISTICS (FORMERLY ABBOTT LOGISTICS BV),51.0,4126.9,2397.5,350,6.85,158,80.92,6.85,7,1,2015-07-07,2015-07-07,0,0,On-Time
2889,Vietnam,PMO - US,Direct Drop,EXW,Air,ARV,Adult,HETERO LABS LIMITED,1320.0,2730.91,54495.0,17300,3.15,110,2.07,3.15,7,1,2015-07-07,2015-07-07,0,0,On-Time
2890,Vietnam,PMO - US,Direct Drop,EXW,Air,ARV,Adult,HETERO LABS LIMITED,2523.0,4784.19,177600.0,17760,10.0,143,1.9,10.0,7,4,2015-07-10,2015-07-07,-3,0,On-Time
2891,Vietnam,PMO - US,Direct Drop,EXW,Air,ARV,Adult,HETERO LABS LIMITED,1400.0,2859.58,49000.0,14000,3.5,143,2.04,3.5,7,4,2015-07-10,2015-07-10,0,0,On-Time
2892,Vietnam,PMO - US,Direct Drop,EXW,Air,ARV,Adult,HETERO LABS LIMITED,2523.0,4761.9,177600.0,17760,10.0,143,1.89,10.0,7,4,2015-07-10,2015-07-10,0,0,On-Time
2893,Vietnam,PMO - US,Direct Drop,EXW,Air,ARV,Adult,HETERO LABS LIMITED,2523.0,4784.19,177600.0,17760,10.0,143,1.9,10.0,7,4,2015-07-10,2015-07-07,-3,0,On-Time
2894,Vietnam,PMO - US,Direct Drop,EXW,Air,ARV,Adult,HETERO LABS LIMITED,2541.0,5489.55,68160.0,6816,10.0,143,2.16,10.0,7,4,2015-07-10,2015-07-10,0,0,On-Time
2895,Afghanistan,PMO - US,Direct Drop,EXW,Air,ANTM,Malaria,IMRES B.V.,68.0,555.49,800.0,32,25.0,153,8.17,25.0,7,6,2015-07-12,2015-07-12,0,0,On-Time
2896,Vietnam,PMO - US,Direct Drop,EXW,Air,ARV,Adult,HETERO LABS LIMITED,2516.0,3816.3,177600.0,17760,10.0,146,1.52,10.0,7,0,2015-07-13,2015-07-13,0,0,On-Time
2897,Vietnam,PMO - US,Direct Drop,EXW,Air,ARV,Adult,HETERO LABS LIMITED,2486.0,3775.5,27720.0,15400,1.8,146,1.52,1.8,7,0,2015-07-13,2015-07-13,0,0,On-Time
2898,Vietnam,PMO - US,Direct Drop,EXW,Air,ARV,Adult,HETERO LABS LIMITED,2516.0,3809.94,177600.0,17760,10.0,146,1.51,10.0,7,0,2015-07-13,2015-07-13,0,0,On-Time
2899,Vietnam,PMO - US,Direct Drop,EXW,Air,ARV,Adult,HETERO LABS LIMITED,2516.0,3809.94,177600.0,17760,10.0,146,1.51,10.0,7,0,2015-07-13,2015-07-13,0,0,On-Time
2900,Vietnam,PMO - US,Direct Drop,FCA,Air,ARV,Adult,ABBVIE LOGISTICS (FORMERLY ABBOTT LOGISTICS BV),40.0,642.45,9304.0,400,23.26,133,16.06,23.26,7,2,2015-07-15,2015-07-15,0,0,On-Time
2901,Cameroon,PMO - US,Direct Drop,EXW,Air,ARV,Adult,MYLAN LABORATORIES LTD (FORMERLY MATRIX LABORATORIES),949.0,8024.1,138606.0,7108,19.5,46,8.46,19.5,7,5,2015-07-18,2015-07-18,0,0,On-Time
2902,Haiti,PMO - US,Direct Drop,EXW,Air,ARV,Adult,EMCURE PHARMACEUTICALS LTD,1023.0,6433.8,144000.0,8000,18.0,249,6.29,18.0,7,1,2015-07-21,2015-07-21,0,0,On-Time
2903,Cameroon,PMO - US,Direct Drop,FCA,Air,ARV,Pediatric,ABBVIE LOGISTICS (FORMERLY ABBOTT LOGISTICS BV),1485.0,10334.23,52272.0,8800,5.94,54,6.96,5.94,7,2,2015-07-22,2015-07-22,0,0,On-Time
2904,Haiti,PMO - US,Direct Drop,EXW,Air,ARV,Adult,EMCURE PHARMACEUTICALS LTD,138.0,1719.78,18936.0,1052,18.0,251,12.46,18.0,7,3,2015-07-23,2015-07-23,0,0,On-Time
2905,South Sudan,PMO - US,Direct Drop,EXW,Air,HRDT,HIV test,"Trinity Biotech, Plc",164.0,1871.07,14400.0,450,32.0,155,11.41,32.0,7,5,2015-07-25,2015-07-25,0,0,On-Time
2906,Vietnam,PMO - US,Direct Drop,EXW,Air,ARV,Adult,MYLAN LABORATORIES LTD (FORMERLY MATRIX LABORATORIES),2446.0,4559.25,142430.4,17584,8.1,163,1.86,8.1,7,3,2015-07-30,2015-07-30,0,0,On-Time
2907,Vietnam,PMO - US,Direct Drop,EXW,Air,ARV,Adult,MYLAN LABORATORIES LTD (FORMERLY MATRIX LABORATORIES),1748.0,3868.49,129800.0,20000,6.49,163,2.21,6.49,7,3,2015-07-30,2015-07-30,0,0,On-Time
2908,Afghanistan,PMO - US,Direct Drop,EXW,Air,ANTM,Malaria,AMSTELFARMA B.V.,21.0,525.56,936.0,26,36.0,187,25.03,36.0,8,1,2015-08-18,2015-08-18,0,0,On-Time
